:020000040800F2
:1000000038AC00204501000861240008751B000879
:10001000E9230008E1050008E14A000800000000AB
:100020000000000000000000000000001D3A000871
:100030006914000800000000AD260008D94400083B
:100040005F0100085F0100085F0100085F01000810
:100050005F0100085F0100085F0100085F01000800
:100060005F0100085F0100085F0100085F010008F0
:100070005F0100085F0100085F0100085F010008E0
:100080005F0100085F0100085F010008E147000808
:10009000394800085F0100085F0100085D1500088D
:1000A0005F0100085F0100085F0100085F010008B0
:1000B0005F0100085F0100085F0100085F010008A0
:1000C0005F0100085F0100085F0100085F01000890
:1000D0005F010008054600085F0100085F01000895
:1000E0005F0100085F0100085F0100085F01000870
:1000F0005F0100085F0100085F0100085F01000860
:100100005F0100085F0100085F0100085F0100084F
:100110005F0100085F0100085F0100085F0100083F
:100120005F0100085F0100085F0100085F0100082F
:10013000DFF80CD000F092F8004800471D8000085E
:1001400038AC00200648804706480047FEE7FEE737
:10015000FEE7FEE7FEE7FEE7FEE7FEE7FEE7FEE777
:10016000554500083101000840EA01039B0703D010
:1001700009E008C9121F08C0042AFAD203E011F8E6
:10018000013B00F8013B521EF9D27047D2B201E0A8
:1001900000F8012B491EFBD270470022F6E710B58C
:1001A00013460A4604461946FFF7F0FF204610BDE5
:1001B00010B5002200E0521C835C8C5CA34201D18C
:1001C000002BF8D1D8B2E1B2401A10BD30B50446C8
:1001D0000020034600E05B1C934203D2E05CCD5C50
:1001E000401BF8D030BD034611F8012B00F8012B5D
:1001F000002AF9D1184670472DE9F05F0546002026
:1002000092469B4688460646814640241BE0284687
:1002100041464746224600F042F853465A46C01A25
:10022000914110D311461846224600F029F82D1AA4
:1002300067EB01084F4622460120002100F020F81C
:1002400017EB00094E41201EA4F10104DFDC4846F3
:1002500031462A464346BDE8F09F0000064C074D54
:1002600006E0E06840F0010394E807009847103486
:10027000AC42F6D3FFF760FF089900082899000800
:10028000202A04DB203A00FA02F100207047914056
:10029000C2F1200320FA03F3194390407047202A4B
:1002A00004DB203A21FA02F00021704721FA02F320
:1002B000D040C2F12002914008431946704770B502
:1002C0008C1810F8015B15F0070301D110F8013B01
:1002D0002A1106D110F8012B03E010F8016B01F888
:1002E000016B5B1EF9D12B0705D40023521E0DD4E0
:1002F00001F8013BFAE710F8013BCB1A921C03E02E
:1003000013F8015B01F8015B521EF9D5A142D8D365
:10031000002070BD21B1826842F00102826003E0DA
:10032000826822F0010282607047000000B585B04B
:100330000121480202F040FC0020009001208DF8CD
:1003400004008DF805004FF4602002900020039017
:1003500001208DF810006946144800F05FF805236D
:1003600001220921114800F087F801210F4800F00F
:100370001FF801210D48FFF7CDFF0C4800F0D8F819
:1003800000BF0A4800F040F80028FAD1074800F002
:10039000DFF800BF054800F029F80028FAD1012154
:1003A000024800F0CAF805B000BD0000002401407A
:1003B00021B1826842F48072826003E0826822F494
:1003C000807282607047000008B50121082002F0A9
:1003D000F3FB0220ADF8000000208DF80300694611
:1003E000014801F095FA08BD000C014001460020CB
:1003F0008A6802F004020AB1012000E00020704780
:100400000146C86C80B27047014600208A6802F03D
:1004100008020AB1012000E00020704730B5024612
:100420000020002350680F4C20400D790C6844EAEE
:1004300005242043506090680B4C2040D1E90254C1
:100440002C434D7944EA450420439060D06A20F45F
:1004500070000C7C641EE4B2234340EA0350D06277
:1004600030BD0000FFFEF0FFFDF7F1FF10B5FFF714
:10047000ABFFFFF75BFF10BDF0B504460D46002053
:100480000021092D11DDE068A5F10A0606EB4607FB
:10049000072606FA07F18843A5F10A0606EB460689
:1004A00003FA06F10843E0600CE0206905EB45071C
:1004B000072606FA07F1884305EB450603FA06F11D
:1004C00008432061072A0FDA606B561E06EB860789
:1004D0001F2606FA07F18843561E06EB860605FA24
:1004E00006F10843606322E00D2A0FDA206BD61F65
:1004F00006EB86071F2606FA07F18843D61F06EB90
:10050000860605FA06F10843206310E0E06AA2F1CE
:100510000D0606EB86071F2606FA07F18843A2F1AF
:100520000D0606EB860605FA06F10843E062F0BD0B
:10053000816841F008018160704721B1826842F40E
:10054000A002826003E0826822F4A0028260704709
:10055000816841F0040181607047000010B50748D0
:10056000FFF74EFF044606480088844201DD044838
:10057000048001210148FFF7E0FF10BD0024014085
:10058000C0020020F8B507460C4615466B462A46C1
:100590002146024806F0B8FF0646F8BD5013002079
:1005A00010B5044624B1012C07D0022C15D10AE065
:1005B0001021012003F0F4FA10E04FF480510220E2
:1005C00003F096FA0AE01021012003F0E9FA4FF453
:1005D0008051022003F08CFA00E000BF00BF10BD84
:1005E00000BFFEE70146CAB20B1243EA0220704781
:1005F00010B5002404E0A748005DA7490855641C15
:10060000A64800888442F6D3A3484068A4494860BD
:10061000A14880688860A14800881F280FD0022068
:10062000FFF7BEFF00209C490860487B1A22052185
:1006300003F07AFB0021012003F058FB10BD96481F
:10064000C07B282803D09448C07B2A2816D1924822
:10065000407C01069048807C41EA00418E48C07C85
:1006600041EA00208C49097D08438E4908608A4888
:10067000C17D807D41EA00208B4908608648006882
:100680008A4988426FD18448407B894909688842F9
:1006900007D88148807B012803DB7F48807B1028B6
:1006A0000DDD0220FFF77CFF7B49487B24220521DA
:1006B00003F03AFB0021012003F018FBE8E0764844
:1006C000C07B25285FD01BDC15286FD00EDC0828E6
:1006D0006DD006DC00285BD0032830D0042867D119
:1006E00076E00A2873D01228F9D12DE01A380A28AA
:1006F0005ED2DFE800F0392EB17D33B1B1B1B14344
:100700008A286FD00EDC552867D006DC282844D014
:100710002A284ED02F28E2D154E05A2829D0882800
:10072000DDD176E0A8286DD004DC8F286FD09E281C
:10073000D5D173E0AA287BD0AF28D0D182E056492A
:10074000487B03F09FF895E05349487B02F086FF11
:1007500090E05149487B03F0A9F88BE04E49487B73
:1007600003F0A4F886E086E04B49487B02F0C0FF26
:1007700080E04949487B02F0B1FF7BE04649487B75
:1007800003F042F876E04449487B02F0F7FF71E05D
:100790004149487B03F092F86CE03F49487B42496D
:1007A0000A684049096802F0ADFF63E01BE024E0FD
:1007B00052E03949487B3C490A683A49096803F0E4
:1007C000B9F857E03449487B03F094F852E02AE046
:1007D0003149487B02F024FF4CE02F49487B02F06E
:1007E0005BFF47E029E02C49487B02F055FF41E0E0
:1007F0002949487B02F050FF3CE02749487B02F042
:100800004BFF37E02449487B02F046FF32E01EE010
:100810000EE02149487B02F03FFF2BE01E49487B58
:1008200002F03AFF26E01C49487B02F035FF21E048
:100830001949487B02F030FF1CE01749487B02F061
:100840002BFF17E01449487B02F026FF12E0124903
:10085000487B02F021FF0DE00220FFF7A1FE0E49C8
:10086000487B2022052103F05FFA0021012003F0DC
:100870003DFA00BF0CE00220FFF792FE0649487BDC
:100880002022052103F050FA0021012003F02EFA66
:1008900000BFD3E684840020C48400206A010020C5
:1008A000E48400206C010020700100205553424375
:1008B000E400002010B5002449E047F6FF70294904
:1008C00008602948008800F00F0028490870084691
:1008D0000078274901EB8000D0F8000C84B204F4C2
:1008E0000040C8B12148007801EB8000D0F8000C2E
:1008F000C0F30E0048F68F7108401C4909781C4A65
:1009000002EB8101C1F8000C18490978491E194A07
:1009100052F8210080471AE004F08000B8B1134873
:100920000078134901EB8000D0F8000C48F60F71F5
:1009300008400E4909780E4A02EB8101C1F8000C0B
:100940000A490978491E0C4A52F821008047054897
:10095000006880B20449088000F400400028ACD14F
:1009600010BD0000445C00409001002064020020A3
:1009700000500040B00100209401002008B5002084
:10098000009022E19748008800F00F009649087017
:100990000846007800287CD1944800689449088073
:1009A0000846008800F0300092490880904800888E
:1009B00000F440508E4908808C4909684BF6BF729C
:1009C00001EA020080F4005080F0200040F4004171
:1009D00041F08001854A11608248008800F01000D3
:1009E00090BB1046006848F60F7108401146086039
:1009F00001F0D0F97D4909684BF6BF7201EA0200A7
:100A00007B49098801F4805109B180F4805078490C
:100A1000098801F4005109B180F400507549098832
:100A200001F0100109B180F010007249098801F04D
:100A3000200109B180F0200081B241F4004141F071
:100A400080016A4A116008BDFFE76848006880B20B
:100A50000090BDF8000000F40060B0B36348006887
:100A6000C0F30E0048F68F7108406049086003F03B
:100A700061F95E4909684BF6BF7201EA02005C4900
:100A8000098801F4805109B180F4805058490988DF
:100A900000E056E001F4005109B180F400505549DE
:100AA000098801F0100109B180F01000514909884E
:100AB00001F0200109B180F0200081B241F4004131
:100AC00041F08001494A1160BDE7FFE7BDF8000031
:100AD00000F40040002878D044480068C0F30E00BD
:100AE00048F68F7108404149086001F0A3FD3F4975
:100AF00009684BF6BF7201EA02003D49098801F41A
:100B0000805109B180F480503949098801F40051BD
:100B100009B180F400503749098801F0100109B18A
:100B200080F010003349098801F0200109B180F0FC
:100B3000200081B241F4004141F080012B4A116054
:100B400081E7294800782C4901EB8000D0F8000C9F
:100B500080B20090BDF8000000F40040C0B122480F
:100B6000007801EB8000D0F8000CC0F30E0048F6CE
:100B70008F7108401C4909781F4A02EB8101C1F8B6
:100B8000000C19490978491E1C4A52F82100804777
:100B9000BDF8000000F08000B8B113480078164995
:100BA00001EB8000D0F8000C48F60F7108400E49A8
:100BB0000978114A02EB8101C1F8000C0A49097851
:100BC000491E0F4A52F82100804708484430006807
:100BD00080B20449088000F4004000287FF4D2AEBF
:100BE00000BF30E79001002064020020005C00405C
:100BF000780200207A02002000500040B00100205E
:100C00009401002010B53A48807FB8B100203849DF
:100C100088773848006802F0A0FC05F0BDF804466B
:100C20003348007CA04204D031480474012030498C
:100C300048742F48017C30A004F000FC3348407811
:100C400058B101202A4948730846807BA8B100208A
:100C50008873887B08F0BEFA0FE02548407B60B1BE
:100C60000020234948730846407E30B10846C07FC3
:100C700018B10021264805F0E9FC1D48407B48B129
:100C80001B48807B20B3002019498873887B08F0BB
:100C9000A1FA2BE01F48007840B100201D490870E0
:100CA00013498873887B08F095FA1FE01A4800689A
:100CB00000F0080068B10E48807B0D49097C88422D
:100CC00014D00B48007C0A498873887B08F082FAAC
:100CD0000CE00748807B0649C97B884206D004485F
:100CE000C07B03498873887B08F074FA10BD00004C
:100CF000F0020020B8020020566F6C756D655065DB
:100D000072696F64203D2025640D0A001C85002057
:100D10007823002006000020080801400B4A02EB5F
:100D20008001D1F8001C01F4804171B102EB800117
:100D3000D1F8001C48F68F7211404CF2800211432A
:100D4000024B03EB8002C2F8001C704700500040C9
:100D50000B4A02EB8001D1F8001C01F0400171B197
:100D600002EB8001D1F8001C48F68F72114048F266
:100D7000C0021143024B03EB8002C2F8001C704713
:100D800000500040084A02EB8001D1F8001C48F6F0
:100D90008F62114048F280021143034B03EB800243
:100DA000C2F8001C704700000050004010B503E07E
:100DB0004FF47A7000F05AFB02F0BCF80128F7D12A
:100DC00010BD08B54FF4407001F084FB25208DF86C
:100DD000000003208DF8010000208DF802000120A2
:100DE0008DF80300684601F03DFB08BD10B586B0E4
:100DF0002BA30FCB01AC0FC400222DA12D4806F070
:100E00003BF904462CB12C4850F824102BA004F0D8
:100E100015FB30A005F061FD04461CB92FA004F0BD
:100E20000DFB10E0082C06D1234850F8241030A008
:100E300004F004FB07E0204850F8241032A004F02E
:100E4000FDFA06B010BD0A2201A9364806F042F9A3
:100E500004462CB1184850F8241033A004F0EEFAE0
:100E600001A936A004F0EAFA05AB302237492D4833
:100E700006F04AFB04462CB10F4850F8241034A069
:100E800004F0DCFA37A004F0D9FA264805F0CEFBCE
:100E9000002207A1104606F0EFF8044600BFD0E795
:100EA0002F7379732F436F6E6669672E696E6900C1
:100EB000303A00002003002014000020B9D2D4D81A
:100EC000CEC4BCFECFB5CDB3CAA7B0DC20282573F5
:100ED000290D0A002F73797300000000665F6D6BA7
:100EE000646972202F737973204F6B0D0A00000024
:100EF0002F73797320C4BFC2BCD2D1BEADB4E6D4C7
:100F0000DA282573290D0A00665F6D6B646972200B
:100F10002F73797320CAA7B0DC20282573290D0A06
:100F20000000000050130020CEC4BCFEB4F2BFAAE3
:100F3000CAA7B0DC20282573290D0A00BFAACABCA5
:100F4000D0B4CEC4BCFE2025730D0A006495000801
:100F5000CEC4BCFED0B4CAA7B0DC20282573290DAE
:100F60000A000000CEC4BCFED0B4B3C9B9A60D0AB5
:100F700000000000F0B589B005460E461746002275
:100F800019A11A4806F078F804462CB1184850F810
:100F9000241018A004F052FA1CA102A806F04CF983
:100FA00004463CB1124850F8241019A004F046FA47
:100FB00009B0F0BD0A2229461B4806F08BF804460A
:100FC00001AB3A463146184806F09EFA044624B969
:100FD000294616A004F032FA03E0294618A004F0CE
:100FE0002DFA00BFE4E70000303A000020030020A3
:100FF00014000020B9D2D4D8CEC4BCFECFB5CDB336
:10100000CAA7B0DC20282573290D0A00303A2F002A
:10101000B4F2BFAAB8F9C4BFC2BCCAA7B0DC2028CA
:101020002573290D0A00000050130020257320CEDF
:10103000C4BCFED0B4C8EBB3C9B9A60D0A00000009
:10104000257320CEC4BCFED0B4C8EBCAA7B0DC0D5B
:101050000A0000002DE9F0472848006800F110055B
:101060002E8826480068077AD6B9042F18D124485C
:10107000007801280FD100212248006880B2801C2E
:10108000214A42F8101030202049088000BF00207B
:101090001B49087003E0072710201C49088027E03F
:1010A000AC88A64201D8042000E002200746B442E2
:1010B00000D93446A0B2A96888478046002000F0D5
:1010C00021FD8146A2B24946404603F00BFDA1B284
:1010D000002002F057FD2888001B288068882044E3
:1010E000688030200949088000020949088000BF53
:1010F000024909680F72BDE8F0870000680200200D
:101100007E020020505C0040006000407A02002017
:10111000780200202DE9F0412848006800F1100411
:101120002688A068C0B1BEB1A588B54200D93546B1
:10113000A8B2A168884707462088401B20806088A5
:1011400028446080002000F0BBFC8046AAB24146E3
:10115000384601F097FA00BF208850B14FF4405054
:10116000174908800021084602F00CFD302015497F
:1011700008802088A188884204DB03200F49096881
:10118000087218E02088002804DD05200B49096852
:10119000087210E0208870B90620084909680872B2
:1011A00000210948006880B2801C084A42F81010EB
:1011B000302004490880BDE8F0810000680200206A
:1011C000780200207A020020505C0040006000405D
:1011D0002DE9F84F9B48006845780027BA46062D50
:1011E0001BD198480068007800F07F00002813D1D8
:1011F000944909688878012803D193490968CF691F
:101200000AE0022803D1904909680F6A04E0032824
:1012100002D18D4909684F6A94E0002D64D1894854
:101220000068408800285FD186480068C08802288E
:101230005AD1844800680079002855D18148006857
:10124000007800F07F0028B97E480068808808B9DF
:101250007E4F77E07B480068007800F07F0001282F
:1012600010D1784909684879774909688A69002165
:101270009047002866D173480068807A002861D0C2
:10128000724F5FE06F480068007800F07F0002282E
:1012900058D16C480068407900F00F066948006832
:1012A000407900F0700967480068407900F08000DC
:1012B00038B1674901EB8600D0F8000C00F0300827
:1012C00006E0634901EB8600D0F8000C00F44058BA
:1012D00060480078B04235D9B9F1000F32D1B8F189
:1012E000000F2FD0594F2DE0082D07D15548006829
:1012F000007800F07F0028BB574F23E00A2D21D152
:1013000050480068007800F07F0001281AD14D484D
:101310000068807AB0B14B480068408890B949486D
:101320000068007970B947480068C088012809D171
:10133000444909684879444909688A690021904705
:1013400000B9464F57B13F480068A0F812A03D4889
:10135000006887610020B84700240FE0394A12680E
:101360005078394A1268116988470446032C05D120
:101370000920344909680872BDE8F88F31480068CF
:10138000008A4FF6FF71884204D109202D4909686F
:101390000872F1E7022C03D02A480068008A20B9BD
:1013A0000820284909680872E6E72648006800789E
:1013B00000F08000E0B323480068C0880090214816
:1013C0000068008A0099884204D91E49009809687B
:1013D000088223E01B480068008A1A490968C98806
:1013E00088421BDA17480068008A1749096891F893
:1013F0002C10884203DA0020194908700EE01148C9
:101400000068008A1049096891F82C1090FBF1F2ED
:1014100001FB120010B90120114908700A48006848
:1014200090F82C10074800688182FFF713FE07E050
:10143000FFE703200349096808720003094908808F
:1014400000BF99E7680200206C0200202D420008CE
:1014500000500040CC010020B141000801420008CA
:101460007E020020780200207047000001B5044988
:101470000098086000BF024800680028FBD108BD42
:101480000800002038B505462F480078401CC0B23F
:101490008DF800002C484078401CC0B28DF8010047
:1014A00029488078401CC0B28DF802002648C078D8
:1014B000401CC0B28DF803006A460C21284603F098
:1014C00075FF01220021284603F038FF0122114652
:1014D000284603F033FF0520FFF7C8FF0321284605
:1014E00001F0D8FE132806D010220121284603F06F
:1014F00025FF002038BD04220121284603F01EFFED
:1015000000BF00240221284601F0C4FE044624B195
:1015100022460221284603F011FF0520FFF7A6FF0F
:1015200004F00800082801D10020E3E7062128463E
:1015300001F0B0FEFF2806D010220121284603F05A
:10154000FDFE0120D6E7DCE77097002010B500F023
:10155000ABFE10BD10B500F0E1FE10BD10B52020AF
:1015600000F01AF840B105A003F068FF0120064919
:101570008877202000F00AF810BD000045355F494B
:1015800052510D0A00000000F002002001490860DD
:101590007047000014040140014600200022074B60
:1015A0001B6803EA0102054B14331B680B4013B19F
:1015B0000AB1012000E00020704700000004014053
:1015C000002123498279002A3AD00A46126803682A
:1015D0009A430B461A600A1D126803689A430B1D52
:1015E0001A60027911440A6803681A430A60184AAB
:1015F0000832126803689A43154B08331A601A1DA3
:10160000126803689A43124B0C331A604279102A0D
:101610000ED11A1F126803681A430D4B08331A6063
:101620001A1D126803681A43094B0C331A600DE047
:101630000749427911440A6803681A430A6005E0C1
:10164000027911440A6803689A430A6070470000EF
:101650000004014004200B49C96801F0010109B1EF
:1016600001200EE00749C96801F0040109B1022018
:1016700007E00449C96801F0100109B1032000E046
:10168000042070470020024000200449C96901F08D
:10169000020109B1012000E0002070470020024053
:1016A0000348006940F0800001490861704700006C
:1016B0000020024030B5054604244FF4302000F0ED
:1016C0005BF80446042C41D1214822498860224815
:1016D00088600846006940F02000086108460069FB
:1016E00040F0400008614FF4302000F045F8044617
:1016F000042C22D11748006941F6DF7108401549D2
:1017000008610846006940F0100008611DB1002022
:101710001249088002E0A520104908804FF43020CB
:1017200000F02AF80446052C10D00A48006941F65A
:10173000EF7108400749086108E0052C06D005480C
:10174000006941F6DF71084002490861204630BD5A
:101750002301674500200240AB89EFCD00F8FF1F51
:1017600002480349486003484860704723016745C1
:1017700000200240AB89EFCD00B502460423FFF7FD
:1017800069FF034603E0FFF765FF0346521E012B86
:1017900001D1002AF7D102B90523184600BD000087
:1017A00010B5044804F042FF002203A1104605F0E2
:1017B00063FC10BD50130020303A000010B5002229
:1017C0001EA11F4805F058FC044634B11D4850F8CE
:1017D00024101DA003F032FE05E01A4850F8241032
:1017E0001FA003F02BFE4FF48052002113A005F040
:1017F00025F9044634B1134850F824101EA003F014
:101800001DFE05E00F4850F8241020A003F016FE3E
:1018100000220AA1104605F02FFC044634B1094805
:1018200050F824101EA003F009FE05E0054850F80A
:10183000241021A003F002FE10BD0000303A000089
:101840002003002014000020B9D2D4D8CEC4BCFE9E
:10185000CFB5CDB3CAA7B0DC20282573290D0A0067
:10186000B9D2D4D8CEC4BCFECFB5CDB3B3C9B9A616
:1018700020282573290D0A00B8F1CABDBBAFCAA73D
:10188000B0DC20282573290D0A000000B8F1CABD7C
:10189000BBAFB3C9B9A620282573290D0A000000E3
:1018A000D0B6D4D8CEC4BCFECFB5CDB3CAA7B0DCB9
:1018B00020282573290D0A00D0B6D4D8CEC4BCFE8A
:1018C000CFB5CDB3B3C9B9A620282573290D0A0019
:1018D00030B500228B071C0F0F2303FA04F20B4BC9
:1018E0008C1053F824309343084C8D1044F8253065
:1018F00023468C1053F824308C07240F00FA04F48C
:101900002343024C8D1044F8253030BD08000140BF
:101910002DE9F04102460025002600200023002486
:10192000002791F803C00CF00F0591F803C00CF0EC
:10193000100CBCF1000F03D091F802C04CEA050571
:1019400091F800C0BCF1000F31D0146800202BE0EA
:101950004FF0010C0CFA00F3B1F800C00CEA0306DA
:101960009E4220D183004FF00F0C0CFA03F7BC43CA
:1019700005FA03FC4CEA040491F803C0BCF1280FFB
:1019800006D14FF0010C0CFA00FCC2F814C00AE0BA
:1019900091F803C0BCF1480F05D14FF0010C0CFACF
:1019A00000FCC2F810C0401C0828D1D31460B1F864
:1019B00000C0BCF1FF0F34DD546800202EE000F1C0
:1019C000080C4FF0010808FA0CF3B1F800C00CEA5B
:1019D00003069E4221D183004FF00F0C0CFA03F74F
:1019E000BC4305FA03FC4CEA040491F803C0BCF1C3
:1019F000280F05D100F1080C08FA0CF8C2F8148081
:101A000091F803C0BCF1480F07D100F1080C4FF06A
:101A1000010808FA0CF8C2F81080401C0828CED340
:101A20005460BDE8F0810000F0B50A4600230024B0
:101A30000021002500F00046B6F1004F02D11D4EF6
:101A4000F16901E01B4E7168C0F3034583B200F4F5
:101A50004016B6F5401F08D121F07061154E76682A
:101A600026F07066134F7E6012E000F48016B6F523
:101A7000801F06D1032606FA05F4A14341F07061E8
:101A800006E0460D360103FA06F6B14341F07061F7
:101A900022B1460D360103FA06F6314300F0004646
:101AA000B6F1004F02D1034EF16101E0014E7160C9
:101AB000F0BD0000000001404161704701617047C6
:101AC00001460548006880B200EBC100001D034AD2
:101AD00032F8100080B27047505C00400060004057
:101AE00001460648006880B200EBC100801D044A30
:101AF00032F81000C0F3090070470000505C00404D
:101B00000060004001460548006880B200EBC1005B
:101B1000034A32F8100080B270470000505C004069
:101B200000600040014629B90120034A1268108272
:101B3000002070470148FCE768020020E400002014
:101B400070B50A480468001D0568001D0668344425
:101B500054B108220649204600F09EF904220449A7
:101B60001031284600F098F970BD0000E8F7FF1F1B
:101B70007601002000BFFEE721B1028842F48062B6
:101B8000028004E002884FF6FF331A40028070475B
:101B900070B502460024002500230020958A138B8F
:101BA0001B0445EA030626F07F4404EA01068E4240
:101BB00001D1012000E0002070BD21B1028842F077
:101BC0000102028004E002884FF6FE731A40028090
:101BD000704721B1028842F48072028004E00288DA
:101BE0004FF6FF631A400280704721B1028842F429
:101BF0000072028004E002884FF6FF531A40028010
:101C000070470CB502460020002301930093009218
:101C10000B0F019321F07F41019B1BB1009B1433FB
:101C2000009303E0090C009B18330093009B1B6892
:101C30000B400BB1012000E000200CBD2DE9F0436A
:101C400085B004460D460026B1460427DFF8CC8057
:101C5000A6884FF6C0700640684600F0C7FFDDF862
:101C600008802F48B8FBF0F01FFA80F946EA090611
:101C7000A68020884FF6FE71084020800026294962
:101C8000286888420CD828684000B8FBF0F087B27A
:101C9000042F00DA04273E4309F10100208427E0E5
:101CA000E8884BF6FF71884206D1286800EB4000B7
:101CB000B8FBF0F087B209E0286800EBC00101EB47
:101CC0000010B8FBF0F087B247F48047C7F30B0071
:101CD00008B947F0010747F4004006434FF49670F7
:101CE00009FB00F04FF47A7190FBF1F0401C208466
:101CF000A683208840F00100208026884FF6F5302A
:101D00000640A8886989084306432680A88929894E
:101D10000843208105B0BDE8F083000000127A007E
:101D200040420F00A08601000146088AC0B27047F9
:101D300012B141F0010102E04FF6FE731940018239
:101D400070470182704700004CF6CC4001490860A2
:101D5000704700000030004010B500F001F810BDE1
:101D60004AF6AA2001490860704700000030004090
:101D70000149486070470000003000400149886018
:101D800070470000003000400149086070470000C3
:101D90000030004010B518480068047A022C01D0C9
:101DA000042C05D1FFF756F913480068047A1CE0AB
:101DB000062C19D110480068407805280ED10E482D
:101DC0000068007800F07F0040B90B490968C878C6
:101DD00001F02EFE09490968086A80470849096828
:101DE00088688047082400E00824034909680C72C9
:101DF00000F014FD10BD00006802002074020020F5
:101E00006C02002000B585B00121052000F0D4FE51
:101E10000121880300F0D0FE4FF40070ADF81000EF
:101E200018208DF8130003208DF8120004A918481B
:101E3000FFF76EFD4FF48060ADF8100004208DF8C0
:101E4000130004A91248FFF763FD4FF4E13000903E
:101E50000020ADF80400ADF80600ADF80800ADF8BC
:101E60000C000C20ADF80A0069460A4802F032FC6A
:101E7000012240F22551074802F007FC01210548E4
:101E800002F0CDFB4021034802F0C0FB05B000BDCD
:101E9000000801400038014030B50B46002100BF6A
:101EA00016E00A24B4EB107F05D9302404EB10743B
:101EB00003F8114005E0412404EB10740A3C03F8D8
:101EC0001140000100254C00641C1D554C1CE1B262
:101ED0009142E6DB30BD000010B508210148FFF754
:101EE000EDFD10BD000C014010B508210148FFF7C1
:101EF000E3FD10BD000C014001782A4A11704178C1
:101F0000517081789170C178D170017911714279E5
:101F100024494A7182798A71C279CA71017A214A47
:101F20001172427A1F494A72827A8A72C27ACA72DE
:101F300002211D4A117000219174032182F824109E
:101F400082F8361082F8481082F85A1082F86C1025
:101F500082F87E1041F2883191804A1C1249CA826F
:101F6000521C0A850C210F4A117329220D494A730C
:101F7000AB228A737C22CA7300220A7401224A743B
:101F80000021094A517000220749CA7481F82520AE
:101F90000021054A9170002203490A7581F8262024
:101FA00070470000709700208297002010B504460B
:101FB000242221460148FEF7D7F810BDE033002067
:101FC00070B5044600259CB906F05CFC09498842BE
:101FD0000DD14FF48060084908608000074908600F
:101FE00005480068096848430549086000E0012584
:101FF000284670BD1840EF00E0000020DC00002003
:10200000D80000202DE9F04105460F4616461C4633
:1020100014B90020BDE8F08125B922463946304682
:1020200006F000FC0020F5E72DE9F04105460F46DB
:1020300016461C4614B90120BDE8F08125B9224698
:102040003946304606F0EAFC0020F5E770B5054653
:10205000002414480068007800F07F00212810D187
:10206000FE2D0ED10F480068408850B90D48006819
:10207000808830B90B480068C088012801D10A4C1B
:1020800001E0022070BD0CB90220FBE705480068A2
:10209000846100210348006841820020A04700209D
:1020A000F0E7000068020020251B000810B5044678
:1020B0000249204602F092F810BD00002C020020D8
:1020C00010B504460249204602F088F810BD000011
:1020D0002402002070B5054606480068C478052C27
:1020E00001DD002070BD044800EBC401284602F069
:1020F00075F8F7E768020020340200200246002944
:1021000001DD02207047002A01DD0220FAE70020ED
:10211000F8E7000010B5044611480068007800F0A8
:102120007F0021281AD1FF2C18D10D480068408863
:10213000A0B90B480068808880B909480068C08849
:1021400060B90120FEF704FE0220FEF7E7FD054816
:102150000549086000200549087010BD0220FCE711
:102160006802002055534243C484002068010020C7
:1021700010B50020324988723248C0793249096866
:102180004872002001F04CFC4FF40071002001F077
:1021900027FD2021002001F003FD1821002001F07F
:1021A0006FFC2A4890F82C10002001F07BFC58218D
:1021B000002001F0D7FC0020FEF7E4FD002001F034
:1021C000B7FC0021012001F00BFD9821012001F056
:1021D000C9FC2021012001F0E3FC0021012001F0D5
:1021E00087FC0021022001F0FBFCD821022001F035
:1021F00047FC164890F82C10022001F053FC4FF4D5
:102200004051022001F074FC0021022001F0C8FCC2
:102210000E4890F82C10002001F044FC002001F042
:1022200087FC002001F004FC0120094908600948EE
:102230000949086000200949087002F001FB10BD3F
:10224000F4840020A695000868020020D001002038
:102250005C02002055534243C484002068010020E2
:102260007047704710B5FFF76BFC002005490968FF
:10227000887200F0F7FA02F0EBFA002002490860D9
:1022800010BD0000680200205C02002010B5044868
:1022900000680449884202D00220FEF781F910BD8F
:1022A000C48400205553424310B5184800780228D2
:1022B00010D003281DD0042802D0052823D100E027
:1022C00000BF0020114908704FF44051022001F076
:1022D0000FFC19E00E48C07B282808D10C49487B28
:1022E0000C490A680C49096801F00CFA00BF00BFEC
:1022F0000AE00121002001F0F9FC4FF440510220D6
:1023000001F0F6FB00E000BF00BF10BD6801002037
:10231000C4840020700100206C01002010B51D480D
:10232000C47B1D49022002F0A5FA1C4908801C4804
:10233000007810B101281CD102E0FEF759F926E01F
:102340002A2C08D11349487B16490A68164909689E
:1023500001F0F0FA1BE00120FEF722F90D49487B5D
:102360002422052101F0E0FC0021022001F0BEFC46
:102370000DE00220FEF714F90649487B24220521CE
:1023800001F0D2FC0021022001F0B0FC00BF00BF30
:1023900010BD0000C4840020848400206A01002055
:1023A00068010020700100206C01002010B5084871
:1023B0000068807A58B10520064908600120FEF7C0
:1023C000C7FC0220FEF7AAFC00200349087010BDDC
:1023D000680200205C0200206801002004200149FE
:1023E000086070475C02002000BFFEE738B506F0C9
:1023F000CDFEF8B16B4620220F49104804F053FF80
:1024000004466CB10E490FA003F018F80B4804F015
:102410000DF900200A49487600F04AF9012038BD3C
:10242000009808B90120FAE706F03AFE2021024898
:1024300006F08FFF0020F2E70474002078230020CC
:10244000F00200206661696C656420746F2072651B
:1024500061642046696C65203A2025730D0A0000EE
:102460007047704770B5002100230F22C47804B371
:10247000154C246804F4E064C4F5E064210AC1F159
:102480000403CA40447804FA03F1847814402143D9
:1024900009010E4C0678A155047804F01F050124AB
:1024A000AC4005786D11AD0005F1E025C5F800419F
:1024B00009E0047804F01F050124AC40044D0678BF
:1024C000761145F8264070BD0CED00E000E400E018
:1024D00080E100E002490143024A116070470000B8
:1024E0000000FA050CED00E010B50446201201F0E2
:1024F00071FDE0B201F06EFD10BD000070B5022666
:1025000047480068447846480068007800F07F003B
:10251000002844D1092C03D101F008FF06465FE0F2
:10252000052C14D13E480068C0787F280BDC3C485D
:102530000068807838B93A480068808818B9384807
:102540000068807A08B1082565E0002648E0032C81
:102550000ED133480068C078012807D130480068A0
:10256000808818B901F006FF064639E0022637E0F8
:10257000012C35D12A480068C07801280DD128489F
:102580000068808848B926480068407A00F020003A
:1025900018B101F057FD064622E0022620E020484F
:1025A0000068007800F07F00012805D10B2C17D1BE
:1025B00001F05CFF064613E019480068007800F05F
:1025C0007F0002280BD1012C03D101F03BFD064610
:1025D00006E0032C04D101F0E1FE064600E00226ED
:1025E0004EB1E0B20F4A1268516988470646032E81
:1025F00001D109250FE00EB108250CE006250021C8
:102600000948006880B2801C084A42F81010302047
:102610000749088000BF024909680D7270BD0000BB
:10262000680200206C020020505C00400060004006
:102630007A02002010B511480068047A022C01D0FB
:10264000042C01D1082412E0032C01D0052C05D163
:10265000FEF760FD09480068047A08E0072C05D100
:1026600007490968C8688047082400E0082403492E
:1026700009680C7200F0D2F810BD0000680200205A
:102680006C020020F0B5561C7510074E06EB410495
:102690002B4605E034F8047B20F8017B401C5B1ED0
:1026A000002BF7D1F0BD0000006000407047000033
:1026B00010B51548006880F008001349086006F05E
:1026C0009BFD002211A1124804F0D6FC04462CB157
:1026D000104850F8241010A002F0B0FE0122144956
:1026E000144804F0F7FC044624B1114912A002F08A
:1026F000A5FE10BD0E4915A002F0A0FE01200C4958
:10270000487600BFF5E700000C0C0140303A0000AD
:102710002003002014000020B9D2D4D8CEC4BCFEBF
:10272000CFB5CDB3CAA7B0DC282573290D0A0000A8
:10273000F002002078230020B4F2BFAA2573CEC493
:10274000BCFECAA7B0DC0D0A000000004E6F772067
:10275000506C61793A2573210D0A000010B52448A8
:10276000407E002842D02248C07F00283ED0FFF79C
:102770003DFEF8B11E48C07E60B100211D4803F047
:1027800065FF00201A49C877012008621AA002F0EC
:1027900055FE2BE0174803F049FF00201449487606
:1027A000C877012008621848006880F008001649C0
:1027B00008601BE001200E49C8770846007FA8B1D9
:1027C00000200877C876C8770A4803F02FFF00205A
:1027D000074948760C48006880F008000A490860FC
:1027E00001200349086209A002F028FE10BD000084
:1027F000F0020020782300205265706C61793A2540
:1028000073210D0A000000000C0C014053746F701E
:1028100020506C61793A2573210D0A0010B50D48DE
:1028200090F82C10002001F03DF90B480068007A68
:10283000082805D14002094908801020084908806D
:1028400005480068007A092801D1012010BD002048
:10285000FCE70000D0010020680200207802002080
:102860007A02002010B5012001F0AAFF01240B48D4
:10287000046000200A49088008460088074908606B
:102880000020091D08604FF4E05005490880084603
:10289000008802490860002010BD0000405C004034
:1028A000720200202DE9F0410446B349204600F0B1
:1028B0006BFC8046002C7DD1AF48007A55287AD138
:1028C000AD48407ABB28FAD1AB480078AB490978CB
:1028D000884230D1A8484078A849497888422AD10E
:1028E000A5488078A5498978884224D1A2480078F3
:1028F00004EBC401A24A02EB410108739E484178EF
:1029000004EBC40002EB400041739B48817804EB68
:10291000C40002EB400081739748C17804EBC40007
:1029200002EB4000C17341F66C6004EBC40102EBA2
:10293000410108821DE0FF2004EBC401904A02EB34
:1029400041010873FF2104EBC40002EB4000417316
:1029500004EBC40002EB4000817304EBC40002EB03
:102960004000C17341F66C6004EBC40102EB41010D
:102970000882552083490870CC2048707F48007831
:1029800088707E484078C8707C48807808717B48A1
:10299000C078487179480079887178484079C87161
:1029A0007648807908727548C07948727348007A11
:1029B000887201E057E022E07048407AC8726F48A0
:1029C000807A08736D48C07A487301F10E0005F0F3
:1029D00077F900206B498874022508E06948807CFB
:1029E0006849495D084467498874681C85B2122D9E
:1029F000F4DB13226349204602F0F0FBBAE05E48A4
:102A0000007A5528FAD15C48407ADD28F6D10027B3
:102A10000A2505E05848405D3844C7B2681C85B2B5
:102A2000162DF7DB5448807DB842E7D10C220021F7
:102A300051480A3002F0A0FAFEF7B8F95520514982
:102A40000870EE20487041F66C6004EBC4014C4AFB
:102A500002EB4101088202224A49204602F0BEFBF5
:102A600002F066F986E0012CC8D14748006880F082
:102A700008004549086008F0FF013F4800F04AFCA3
:102A80000646012E0FD14F203E4908704B2048705A
:102A90000222204602F0A2FB3B48006880F00800BA
:102AA0003949086066E0022E25D132203549087088
:102AB000602048700D213348801CFDF76EFB042018
:102AC0003049C873012008740020487401208874BC
:102AD0000020C87408754875AA208875CC20C87570
:102AE0001822204602F07AFB2748006880F0080090
:102AF000254908603EE0032E3CD132202149087070
:102B0000602048700D211F48801CFDF746FB032004
:102B10001C49C8730120087400204874012088747F
:102B20000020C8742B2008750020487517480068DD
:102B300000F013FD134916480268C1F81620828878
:102B40004A8380790877242212490E481D30FDF708
:102B50000BFBAA200B4981F84100CC2081F84200F0
:102B60004322204602F03AFB0748006880F0080044
:102B700005490860BDE8F081129800207097002098
:102B80008297002012A000200C0C0140B802002007
:102B9000B0020020E033002029B1064AD269024386
:102BA000044BDA6104E0034AD2698243014BDA61E3
:102BB000704700000010024029B1064A92690243A2
:102BC000044B9A6104E0034A92698243014B9A6183
:102BD00070470000001002400348406A40F08070D7
:102BE00001494862704700000010024030B50021E2
:102BF0000022002400232D4D6D6805F00C0121B149
:102C0000042905D0082923D105E0294D056022E0DB
:102C1000274D05601FE0254D6D6805F47012234DAA
:102C20006D6805F48034022505EB92421CB9214DF4
:102C3000554305600BE01D4D6D6805F400351DB171
:102C40001C4D5543056002E0194D5543056002E0F7
:102C5000174D056000BF00BF144D6D6805F0F00111
:102C60000909154D6B5C0568DD4045600F4D6D68C9
:102C700005F4E061090A104D6B5C4568DD40856034
:102C80000A4D6D6805F46051C90A0B4D6B5C4568CF
:102C9000DD40C560054D6D6805F44041890B074D69
:102CA0006B5CC568B5FBF3F5056130BD00100240F3
:102CB00000127A0000093D00C4000020D40000206A
:102CC00010B501460022002300204A11012A02D13A
:102CD000094C236806E0022A02D1074C236A01E06E
:102CE000054C636A01F01F02012494401C400CB1A2
:102CF000012000E0002010BD001002402DE9F0414D
:102D000006460F4615461C4600BF4FF400313348B7
:102D1000FEF777FF0028F8D101213048FEF72CFF9D
:102D200001212E48FEF755FF00BF2D492B48FEF725
:102D30002FFF0028F9D0002231462848FEF7F8FF7F
:102D400000BF28492548FEF723FF0028F9D039465F
:102D50002248FEF7F6FF00BF2249891C1F48FEF7F4
:102D600017FF0028F8D001211C48FEF732FF00BFF2
:102D70001B491A48FEF70CFF0028F9D00122314602
:102D80001648FEF7D5FF00BF1549491C1348FEF74A
:102D9000FFFE0028F8D018E0012C07D100210F48D1
:102DA000FEF7EAFE01210D48FEF71FFF00BF0C49A8
:102DB0003F310A48FEF7ECFE0028F8D00748FEF73E
:102DC000B3FF05F8010B601EC4B2002CE4D1012151
:102DD0000248FEF7D1FE0120BDE8F081005400401A
:102DE00001000300820007002DE9F04105460F466F
:102DF00014461E4601212248FEF7EBFE00BF214982
:102E00001F48FEF7C5FE0028F9D0002229461C48BD
:102E1000FEF78EFF00BF1C491948FEF7B9FE0028D7
:102E2000F9D039461648FEF78CFF00BF1649891CB9
:102E30001348FEF7ADFE0028F8D00CE021781048CA
:102E4000FEF77FFF00BF1049891C0D48FEF7A0FE6A
:102E50000028F8D0641C301EA6F10101CEB2EDD1DD
:102E600001210748FEF7C1FE00BF0548008800F4B5
:102E70000070B0F5007FF8D00020BDE8F0810000C0
:102E800000540040010003008200070010B500223A
:102E90000721DE2000F008F810BD10B51022072130
:102EA000DE2000F001F810BD70B504460E46154650
:102EB00001211D48FEF78DFE00BF1C491A48FEF790
:102EC00067FE0028F9D0002221461748FEF730FFA0
:102ED00000BF17491448FEF75BFE0028F9D03146C1
:102EE0001148FEF72EFF00BF1149891C0E48FEF75E
:102EF0004FFE0028F8D029460B48FEF722FF00BFFE
:102F00000B49891C0848FEF743FE0028F8D0012130
:102F10000548FEF76AFE00BF0348008800F4007011
:102F2000B0F5007FF8D070BD0054004001000300F0
:102F30008200070010B500F01DF858B108A002F09B
:102F40007DFA0B48FEF7D8FF09480C30FFF72EF842
:102F5000012010BDFEF732FCFDF748FF0020F8E726
:102F6000BCD3D4D8C5E4D6C3B2CECAFD0D0A000086
:102F70000434002038B5002221A1224804F07CF856
:102F800005462DB1204850F8251020A002F056FA31
:102F9000012224A1274804F09DF8054655B126A03A
:102FA00002F04CFA002216A1104604F065F805461E
:102FB000002038BD6B46302227491E4804F073F9C3
:102FC00005460098302810D124A002F037FA0024DA
:102FD00005E02148015D29A002F030FA641C009848
:102FE0008442F6D30EA002F029FA124803F01EFB29
:102FF000002203A1104604F03FF805460120D8E75F
:10300000303A00002003002014000020B9D2D4D8A8
:10301000CEC4BCFECFB5CDB3CAA7B0DC282573297A
:103020000D0A00002F7379732F436F6E6669672E48
:10303000696E690050130020446F6E277420466942
:103040006E642046696C65203A20436F6E6669673E
:103050002E696E690D0A0000043400200D0A2F73DA
:1030600079732F436F6E6669672E696E6920CEC4CF
:10307000BCFEC4DAC8DD203A200D0A0025303278C3
:103080002000000070B506460C461546354800780D
:1030900060B93548006860433449086032480068C8
:1030A00068433349086001202E4908702D48007894
:1030B000012844D12F480068B0B92B48008883B25A
:1030C0002D4A2A4801683046FEF79CFF40222A49D3
:1030D000812001F0E6FB244800684038254908605B
:1030E00040202649086011E02348244A12688118CC
:1030F0004022812001F0D5FB1E48006840381D4960
:1031000008601E48006840301C49086040210120CA
:1031100000F038FD3021012000F042FD1348006826
:103120004030124908601248006840381049086071
:1031300013488068403812498860FEF7D5FE0C4875
:10314000006870B900200B4908600C490860074905
:10315000086003200B490870002002490870FEF740
:10316000BBFE70BDF8000020DC000020FC00002049
:1031700000010020E800002084740020EC00002002
:10318000E4840020680100202DE9F04780460D46C8
:103190002621404600F09AF8064616B90020BDE800
:1031A000F08740F2B450864200DD064628214046B2
:1031B00000F08CF80746B946C7F30A0710202949E2
:1031C00048613846FFF790F9182101EB4811C8B261
:1031D00000F000FFB819B0F5006F0BDA002406E02C
:1031E000002000F0F7FE28706D1C601C84B2B44211
:1031F000F6DB24E0C7F5006087B2002406E000207B
:1032000000F0E8FE28706D1C601C84B2BC42F6DB46
:1032100010201449086148610020FFF765F9182162
:1032200001EB4811C8B200F0D5FE06E0002000F026
:10323000D1FE28706D1C601C84B2B442F6DB1020F5
:103240000849086109EB06001FFA80F94A4628215F
:10325000404602F08FF840220121404602F06EF80D
:1032600030469CE70010014070B504461020084924
:1032700048612046FFF738F9012000F0ABFE00203E
:1032800000F0A8FE0546102001490861284670BDDF
:103290000010014070B504460D4610200A494861EF
:1032A0002846FFF721F9082101EB4411C9B241F08A
:1032B000010000F08FFE002000F08CFE064610207A
:1032C00001490861304670BD0010014070B50446E8
:1032D0000E4610200E4948613046FFF705F90821D7
:1032E00001EB4411C9B241F0020000F073FE00206E
:1032F00000F070FE05464FF6FF7000EA052500203D
:1033000000F068FE0543102001490861284670BDA1
:103310000010014070B504460D4670480460006816
:10332000007832287ED16D480068407868287AD1CC
:103330006A480068C07B0228F4D168480068408A67
:10334000012833D165480168891C6548FCF74BFFAB
:1033500062480068008A6249C88160480068408A03
:1033600008825E480068808A48615C480068018A7B
:103370005CA002F063F85F485949886157490968C1
:103380008A8A57498869554909681631FCF7ECFE65
:1033900052480068808A524948820120C8615649D3
:1033A00081F82D0000204876086275E04B480068DF
:1033B000418A4B48008A401C81426DD147480168D0
:1033C000891C4748FCF7F4FE002865D14348006893
:1033D000408A434908820846406940490968898A09
:1033E00008443F49486189693D4B5B8AC8183B499D
:1033F00009688A8A394909681631FCF7B5FE3848E8
:10340000408A36490968898A08443549488208460D
:10341000408AB0F5804F18DB0846008A102809DC86
:10342000084601E057E039E04FF480428169FDF73A
:10343000A1FD05E02A484FF480428169FDF7A2F81A
:10344000002027494882FEF787FC01202449C861F3
:10345000294981F82D002248008A2149C9898842DA
:103460001AD11F48408A70B11D48008A102805DC17
:103470001B48428A8169FDF77DFD04E01848428AB5
:103480008169FDF77FF8FEF78BF90D211448FCF7F1
:1034900084FE1AA001F0D2FF012070BD0F48006821
:1034A0004078602817D10D480068C07B012801D101
:1034B0000320F2E709480068C07B02280BD12B22C9
:1034C0000648016816311148FCF74EFE01200A49F2
:1034D00048770220E1E70020DFE700000C00002031
:1034E000D0020020B7D6B0FCD7DCCAFD2028256466
:1034F000290D0A0004340020F0020020CEC4BCFED6
:10350000B4ABCAE4CDEAB3C90D0A0000A033002071
:1035100010B580220C21DE20FFF7C6FC00220D2111
:10352000DE20FFF7C1FC00220E21DE20FFF7BCFCED
:1035300000220F21DE20FFF7B7FC00221021DE2041
:10354000FFF7B2FC00221121DE20FFF7ADFCC02204
:103550000821DE20FFF7A8FC10BD10B504460723A4
:1035600022460021DE20FFF7C9FBA07800F07F0093
:10357000A07010BD10B50446A07840F08000A07087
:10358000FFF78BFC072322460021DE20FFF72CFCEF
:10359000FFF77CFC10BD00002DE9F04107460C460A
:1035A00016461D4670191B490968884213D92A2CF2
:1035B00002D10220FCF7F4FF0020FCF7F1FF2122EA
:1035C0000521384600F0B0FB0021012000F08EFB01
:1035D0000020BDE8F0811048816810480068684309
:1035E000814214D02A2C03D10220FCF7D9FF02E03B
:1035F0000020FCF7D5FF0849487B2422052100F074
:1036000093FB0021012000F071FB0020E1E7012085
:10361000DFE70000E0000020C4840020DC00002080
:1036200010B504462046FEF7CBFC68B10A49487B3A
:103630003A22022100F078FB0121084600F056FBF7
:103640000020FCF7ADFF10BD05F064F8012100205B
:1036500000F04CFB00BFF6E7C484002070B50646BE
:103660000A48007C00F0010010B1094D052408E073
:10367000084D0648C07C242802DC0448C47C00E0D5
:1036800024242146284600F0A1FF70BDC4840020F8
:103690000C0100201101002010B504460E4880687E
:1036A00018B90020FCF77CFF0BE00B48007B00F012
:1036B000800018B10020FCF773FF02E00220FCF745
:1036C0006FFF0549487B2022052100F02DFB0021DA
:1036D000012000F00BFB10BDC484002010B504468F
:1036E0000821024800F072FF10BD000039010020DF
:1036F00010B504460421024800F068FF10BD000028
:103700003501002070B506460C461546194800786C
:1037100020BB1949487B2B4622462821FFF73CFF56
:1037200000B970BD1448007B00F0800040B1022059
:10373000104908702A4621463046FFF7A3FC0CE0EA
:103740000220FCF72DFF0C49487B2422052100F0C4
:10375000EBFA0121084600F0C9FAE2E705480078D3
:10376000022804D12A4621463046FFF78BFC00BFD1
:10377000D7E7000068010020C484002010B504468B
:103780002046FEF71DFC68B11B49487B3A22022106
:1037900000F0CAFA0121084600F0A8FA0020FCF760
:1037A000FFFE10BD15480068401E000E1449087049
:1037B00012480068401E000C487010480088401EE7
:1037C000000A88700D480078401EC8700D480068D7
:1037D000000E08710B480068000C48710948008809
:1037E000000A887107480078C8710821044800F071
:1037F000EDFE00BFD5E70000C4840020E0000020FB
:1038000053010020DC00002010B504462046FEF7DE
:10381000D7FB68B11749487B3A22022100F084FAAD
:103820000121084600F062FA0020FCF7B9FE10BD45
:1038300011480068000E114908710F480068000C1B
:1038400048710D480088000A88710B480078C871DB
:103850000B480068000C487209480088000A88720A
:1038600007480078C8720C21044800F0AFFE00BF82
:10387000DDE70000C4840020E00000205B010020A0
:10388000DC00002070B505460648C07C122802DC2A
:103890000448C47C00E012242146034800F096FE50
:1038A00070BD0000C48400204101002010B5044612
:1038B0000121002000F01AFA10BD000010B50446E6
:1038C0002046FEF77DFB68B10949487B3A22022178
:1038D00000F02AFA0121084600F008FA0020FCF75F
:1038E0005FFE10BD0121002000F000FA00BFF8E7E4
:1038F000C484002010B504460D48806848B90C48BF
:10390000007C00F0040020B90121002000F0EEF955
:103910000CE00220FCF744FE0549487B24220521E7
:1039200000F002FA0021012000F0E0F910BD0000D3
:10393000C484002070B506460C4615461948007828
:1039400020BB1949487B2B4622462A21FFF724FE3B
:1039500000B970BD1448007B00F0800040B9012020
:10396000104908704FF44051022000F0C1F80CE0FB
:103970000020FCF715FE0C49487B2422052100F0AD
:10398000D3F90021012000F0B1F9E2E70548007801
:10399000012804D12A462146304601F08BFB00BFA6
:1039A000D7E7000068010020C484002021B102880C
:1039B00042F04002028004E002884FF6BF731A40D2
:1039C000028070470246002013890B400BB1012092
:1039D00000E0002070470146888970478181704768
:1039E00010B50022028802F441520B884C88234310
:1039F0008C882343CC8823430C8923434C8923435D
:103A00008C892343CC8923431A430280838B4FF252
:103A1000FF74234083830B8A038210BD704700002C
:103A20004FF6F8710140014A11607047505C004048
:103A300030B501460F4B1A78002014E003060E4CF7
:103A400004EB9353D3F8003C48F68F74234048F2BC
:103A500080042343C4B223430406074D05EB94546A
:103A6000C4F8003C401C9042E8D341F08003034C72
:103A7000236030BDCC010020005000404C5C004071
:103A800010B54A105300054A126892B202EBC00208
:103A9000121D034C44F8123010BD0000505C004071
:103AA0000060004010B502460F48006880B200EB8D
:103AB000C200801D0D4C04EB40033E290BDD481174
:103AC00001F01F040CB9441EA0B24FF4004444EAB4
:103AD00080241C6007E0481001F001040CB1441C74
:103AE000A0B284021C6010BD505C00400060004029
:103AF00030B50E4C04EB8003D3F8003C4BF68F74CA
:103B000003EA040201F480530BB182F4805201F401
:103B100000530BB182F4005242F4004343F080039F
:103B2000024D05EB8004C4F8003C30BD005000405D
:103B300010B50B4B03EB8002D2F8002C4BF68F73C1
:103B400002EA030181F4805181F4005141F4004202
:103B500042F08002024C04EB8003C3F8002C10BD3D
:103B60000050004010B54A105200044B1B689BB235
:103B700003EBC003024C44F8132010BD505C00401E
:103B800000600040044A126892B202EBC002921C2C
:103B9000024B43F812107047505C00400060004038
:103BA00030B50E4C04EB8003D3F8003C48F6BF74EC
:103BB00003EA040201F010030BB182F0100201F0DD
:103BC00020030BB182F0200242F4004343F0800353
:103BD000024D05EB8004C4F8003C30BD00500040AD
:103BE00010B5074B03EB8002D2F8002C48F68F1378
:103BF0001A400A43024C04EB8003C3F8002C10BDAA
:103C00000050004010B500F001F810BD0CB50020C8
:103C1000019000903348006840F4803031490860DA
:103C200000BF3048006800F4003000900198401C4C
:103C30000190009818B90198B0F5A06FF1D129480A
:103C4000006800F4003010B10120009001E0002075
:103C500000900098012843D12348006840F01000EC
:103C6000214908600846006820F003000860084603
:103C7000006840F0020008601A484068194948602E
:103C80000846406848600846406840F480604860E4
:103C90000846406820F47C1048600846406840F4BC
:103CA000E81048600846006840F08070086000BF77
:103CB0000C48006800F000700028F9D009484068FE
:103CC00020F00300074948600846406840F00200C1
:103CD000486000BF0348406800F00C000828F9D194
:103CE0000CBD0000001002400020024070B50546E7
:103CF0000C460A480A490860084605730D228120CF
:103D000000F0CFFD0520074908702CB10420087091
:103D100030210120FFF744FF70BD0000555342538E
:103D2000E484002068010020014B99701A737047E9
:103D30004101002038B501242948006880B2001DE7
:103D4000284931F8100080B201EB4000009026486D
:103D50000068007A092832D0009800782249096862
:103D600008700098401C0090009800781E4909686F
:103D700048700098401C0090009800EB44000090B0
:103D8000009931F8020B0091FCF72CFC16490968E8
:103D90004880009800EB44000090009931F8020B35
:103DA0000091FCF71FFC104909688880009800EB1F
:103DB00044000090009800880B490968C8800120E1
:103DC00009490968087208480068C08810B9FEF7F8
:103DD00095FB01E0FDF7FCF9FEF720FD38BD000082
:103DE000505C0040006000406802002010B50020D8
:103DF00001F06AF8012001F067F800F0A9FF002443
:103E00003BE004EBC4001E4901EB4000807800F069
:103E1000010080B104EBC40001EB4000807820F089
:103E2000010004EBC401164A02EB410188702046F0
:103E3000FEF738FD1FE0134850F8240041F28831A6
:103E4000884218D304EBC4000D4901EB40004078D0
:103E500003280CD104EBC40001EB4000807820F073
:103E6000020004EBC401064A02EB41018870002005
:103E7000044941F82400601CC4B2082CC1DB10BD09
:103E80008297002014A8002010B5044601220021CA
:103E9000204601F053FA01221146204601F04EFA65
:103EA0000520FDF7E3FA03212046FFF7F3F9132875
:103EB00006D010220121204601F040FA002010BD5A
:103EC00004220121204601F039FA0120F7E7000021
:103ED00010B5044640F2B4521221204601F04AFACD
:103EE00004EBC400114901EB400082880421204604
:103EF00001F040FA04EBC4000C4911F8100001284D
:103F000012D104EBC40001EB40004289102120468D
:103F100001F030FA04EBC400044901EB4000821DBB
:103F20000C21204601F042FA10BD000082970020CB
:103F300010B5044601220021204601F0FFF90122BC
:103F40001146204601F0FAF90520FDF78FFA03210A
:103F50002046FFF79FF9132806D0102201212046A2
:103F600001F0ECF9002010BD02220121204601F0F1
:103F7000E5F90520FDF77AFA03212046FFF78AF9D3
:103F8000142806D010220121204601F0D7F9002084
:103F9000E9E70120E7E710B50446022200212046A8
:103FA00001F0CCF901221146204601F0C7F90520A5
:103FB000FDF75CFA03212046FFF76CF9222806D0B2
:103FC00010220121204601F0B9F9002010BD012086
:103FD000FCE7000010B5044600BF02210A48FFF7C5
:103FE000F1FC0028F9D021460748FFF7F7FC00BF95
:103FF00001210548FFF7E6FC0028F9D00248FFF749
:10400000EAFCC0B210BD00000030014010B504460B
:1040100000BF02210A48FFF7D5FC0028F9D021464D
:104020000748FFF7DBFC00BF01210548FFF7CAFC8A
:104030000028F9D00248FFF7CEFCC0B210BD000046
:10404000003800402DE9F04754480068007800F03F
:104050007F08B8F1000F0AD150480068407A00F09C
:10406000DF004E49096848720020BDE8F087B8F1CA
:10407000020F7CD149480068408818B94748006859
:10408000007908B10220F0E7DFF814914348006896
:10409000477927F080052C4640480068407900F0B9
:1040A000800038B13F4901EB8400D0F8000C00F0EB
:1040B000300606E03B4901EB8400D0F8000C00F428
:1040C000405699F80000A84204D91EB13348006850
:1040D000807A08B90220C8E707F0800080B1314932
:1040E00001EB8400D0F8000C00F0300010284BD118
:1040F000E0B2FCF72DFEE0B23021FFF751FD43E0C6
:10410000284901EB8400D0F8000C00F44050B0F5D1
:10411000805F39D1E4B9244A92F82C10E0B2FFF75D
:10412000C1FC204A02EB8401D1F8001C4BF68F72CF
:1041300001EA020080F4805080F4005040F4004115
:1041400041F08001174B03EB8402C2F8001C1BE016
:10415000E0B2FCF7E3FD134A02EB8401D1F8001C46
:104160004BF68F7201EA020080F4805000E011E00B
:1041700080F4005040F4004141F08001094B03EB12
:104180008402C2F8001C00BF0849096848698047DA
:1041900000206AE700BF022067E7000068020020F5
:1041A000CC01002000500040D0010020740200200B
:1041B00010B504462CB90120064909680882002080
:1041C00010BD0549096808688047024800680A3040
:1041D000F6E70000680200207402002010B50246D5
:1041E00006480068438A32B98888C01A034C24689C
:1041F0002082002010BD08681844FBE768020020F8
:1042000010B504462CB9012006490968088200202F
:1042100010BD0549096888688047024800680C306D
:10422000F6E70000680200207402002010B5044682
:104230002CB90220394909680882002010BD0020ED
:104240003749088035480068007800F07F0018BBC7
:1042500032490968487A00F0200131B130490978C3
:1042600041F002012E4A117005E02D49097801F054
:10427000FD012B4A117000F0400131B12849097845
:1042800041F00101264A117005E02549097801F045
:10429000FE01234A11703AE020480068007800F0DF
:1042A0007F00012801D11E48C8E71C48006800783B
:1042B00000F07F00022828D1184A1268517901F0D5
:1042C0000F0001F080027AB1164B03EB8002D2F8A6
:1042D000002C02F03002102A16D1114A127842F056
:1042E00001020F4B1A700FE00E4B03EB8002D2F865
:1042F000002C02F44052B2F5805F05D1084A1278D2
:1043000042F00102064B1A7001E0002096E70649D0
:10431000096808698047024890E7000068020020A9
:104320007C020020005000407402002010B50E48AE
:104330000068C0780D494978884213DC0A48006853
:10434000807878B908480068808858B906480068BD
:10435000C078054909688872054909684868804736
:10436000002010BD0220FCE768020020CC010020E4
:104370007402002010B507480068407A40F0200021
:1043800004490968487204490968C86980470020DF
:1043900010BD000068020020740200202DE9F041E9
:1043A0002E480068467926F080073C462B48006876
:1043B000407900F0800038B1294901EB8400D0F841
:1043C000000C00F0300506E0254901EB8400D0F830
:1043D000000C00F4405523480078A04208D91F483B
:1043E0000068408820B91DB11C480068807A10B967
:1043F0000220BDE8F08106F08000A0B1184A02EB6F
:104400008401D1F8001C48F6BF7201EA020080F076
:10441000100040F4004141F08001114B03EB840295
:10442000C2F8001C14E00E4A02EB8401D1F8001C13
:104430004BF68F7201EA020080F4805040F4004194
:1044400041F08001064B03EB8402C2F8001C00BF60
:1044500005490968886980470020CAE7680200208A
:1044600000500040CC0100207402002010B5174B12
:104470001B68D978154B1B685879154B1B689A69CE
:104480009047044611480068807AE8B13CB90F486B
:104490000068007918B90D480068807808B10220DA
:1044A00010BD8CB90B490968C86880470748006887
:1044B000407906490968C87204480068C078034911
:1044C000096808730020EBE70220E9E76802002092
:1044D0006C0200207402002000B50120024908701F
:1044E00000F068F800BD00000000002030B500BFFB
:1044F000154800684FF47A72B0FBF2F1B1F1807F99
:1045000001D301201DE021F07F40401E4FF0E0224A
:10451000506150170F22002807DA13071D0E0B4BAE
:1045200000F00F04241F1D5503E013071C0E084B59
:104530001C5400BF00204FF0E02290610720106162
:1045400000200028D4D130BDB000002018ED00E0DC
:1045500000E400E010B51348006840F00100114984
:10456000086008464068104908400E4948600846FF
:1045700000680E4908400B4908600846006820F4AE
:10458000802008600846406820F4FE0048604FF430
:104590001F008860FFF736FB4FF000600449086099
:1045A00010BD0000001002400000FFF8FFFFF6FE03
:1045B00008ED00E00448006820B103480068401E90
:1045C00001490860704700000800002070B50546EA
:1045D0000C4622462946812000F063F93021012053
:1045E000FFF7DEFA03200549087005488068001BC4
:1045F000034988600020087370BD00006801002036
:10460000E484002010B500F063F910BD01F40072DD
:10461000B2F5007F00D100BFCA430280704721B1CC
:10462000828942F40052828104E082894DF6FF7350
:104630001A408281704770B502460024002300258D
:10464000002040F66A16B14200D100BFC1F3421506
:1046500001F01F03012606FA03F3012D02D196890A
:10466000334006E0022D02D1168A334001E0968ADB
:1046700033400C12012606FA04F41688344013B1B4
:104680000CB1012000E0002070BDF0B5034600240D
:1046900000260025002040F66A17B94200D100BF6D
:1046A0001846C1F3421401F01F06012707FA06F568
:1046B000012C01D10C3004E0022C01D1103000E0BB
:1046C00014301AB107682F43076002E00768AF4350
:1046D0000760F0BD2DE9F04786B005460E46002480
:1046E000A24600BFA1460027B08900B100BF2F46F7
:1046F0002C8A4CF6FF700440F08804432C82AC896D
:104700004EF6F3100440B08831890843718908439C
:104710000443AC81AC8A4FF6FF400440B0890443A7
:10472000AC8201A8FEF762FA1F48874202D1DDF889
:1047300010A001E0DDF80CA0A88900F4004040B111
:104740000AEBCA0000EB0A1031684900B0FBF1F82F
:1047500007E00AEBCA0000EB0A1031688900B0FBE1
:10476000F1F86420B8FBF0F004012009642101FB9A
:104770001089A88900F4004040B1322000EBC90044
:10478000B0FBF1F000F00700044308E0322000EB3A
:1047900009106421B0FBF1F000F00F0004432C81FC
:1047A00006B0BDE8F0870000003801400146888867
:1047B000C0F308007047C1F3080282807047000010
:1047C00010B5044624B101210448FDF777F903E050
:1047D00001210248FDF770F910BD000000080140FA
:1047E00010B5FCF767F810BD10B50F4800680F4909
:1047F00008800846008800F400400D4909880840F8
:1048000008B1FCF7BBF80948008800F4806008494B
:104810000988084030B14FF6FF3003490860054968
:104820004868804710BD0000445C004090010020B3
:1048300072020020D001002010B5FFF7D5FF10BD97
:1048400010B508210148FDF739F910BD000C0140F1
:104850000020064908604FF40440054908800846D6
:1048600000880249091F086000207047445C00402E
:10487000720200202DE9F04104460E46002504F0A6
:104880007F00FDF72DF9054604F07F00FDF718F9CC
:1048900007462A4639463046FDF7F4FE2846BDE86D
:1048A000F0812DE9F04104460E46154604F07F00E4
:1048B000FDF728F90746AAB23946304600F012F94A
:1048C000A9B204F07F00FFF75DF90020BDE8F08198
:1048D00010B54B49086840F22551FFF7ACFE40B3D4
:1048E00047490868FFF762FFC4B2454880684449F9
:1048F000C98A44544248C08A401C80B24049C88298
:10490000C989884202DB00203D49C8823C48408B6F
:104910003B49C989884204DA3948408B401C3849F0
:1049200048833748806A18B13548816A20468847ED
:1049300000BF3349086840F22771FFF77CFE60B37F
:104940002F48808A70B92E490022086840F22771EA
:10495000FFF79BFE2A490122086840F22661FFF713
:1049600094FE4CE0264A5268254B5B8AD15C244A6F
:104970001068FFF720FF2248408A401C80B220497F
:1049800048828989884202DB00201D4948821C48F0
:10499000808A401E1A49888231E01949086840F22D
:1049A0002661FFF748FE50B31548808A68B914495C
:1049B0000022086840F22661FFF767FE1048406A4F
:1049C000E8B10F49486A804719E00D4A52680C4B1C
:1049D0005B8AD15C0A4A1068FFF7EDFE0848408AFE
:1049E000401C80B2064948828989884202DB002047
:1049F000034948820248808A401E0149888210BDCE
:104A000028870020F8B505460E462248006A10B1F6
:104A10002049086A8047002432E010E0012000F0BD
:104A20002CFD1C48808A0090002000F026FD1948CB
:104A30008089BDF80010884200DD01E000BFEDE78D
:104A400000BF285D13494968124A128A8854012020
:104A500000F013FD0F48008A401C80B20D49088207
:104A60008989884202DB00200A4908820948808A35
:104A7000401C08498882002000F0FFFC601C84B2C2
:104A8000B442CADB03490122086840F22771FFF7EC
:104A9000FCFDF8BD2887002001B501216846FFF71D
:104AA000B1FF08BD0A480B4908600B4848600B4835
:104AB00088604FF480708881C88100200882488215
:104AC000C882088348838882086248628862704787
:104AD00000380140288700202885002028860020F3
:104AE00000BFFEE7F0B5144604F1010C4FEA6C0775
:104AF000DFF824C00CEB41033D460AE00678401C79
:104B000090F800C046EA0C2223F8022B9B1C401CA4
:104B10006D1E002DF2D1F0BD0060004010B50024E4
:104B20000420124908601420FCF7A0FC80201049E2
:104B300008614020086104200C49091F086004E056
:104B4000601CC4B20120FCF791FC0A48006800F424
:104B5000807008B9C82CF3DB1420FCF787FCC82C44
:104B600001DB012010BD0020FCE70000140C014017
:104B7000001001400808014010B5194800881421B0
:104B800090FBF1F11748007C5038084484B2154876
:104B9000007C18B900201349C87315E01148406A19
:104BA000B0F5487F08D3FE2C03DDFE200D49C87305
:104BB0000AE00C49CC7307E00A48C07B20B90948D9
:104BC000007C50380749C8730648C37B027C044800
:104BD000018805A000F032FC00200149088010BDCA
:104BE000C0020020F00200206164635F6D617820E4
:104BF0003D20256420204D50332E566F6C756D6519
:104C0000506572696F64203D20256420204D50332B
:104C10002E566F6C756D65456E7669726F6E203DB0
:104C20002025640A0D00000008B501211920FDF7B8
:104C3000C3FF2020ADF8000003208DF802001020F3
:104C40008DF8030069461248FCF762FE20201049E7
:104C500048610120ADF8000003208DF80200042017
:104C60008DF8030069460B48FCF752FE1020ADF8A2
:104C7000000003208DF8020010208DF80300694623
:104C80000348FCF745FE10200149086108BD0000FB
:104C900000100140000C014010B52020054948617A
:104CA0003220FCF7E3FB202002490861C820FCF712
:104CB000DDFB10BD0010014010B500248021002054
:104CC00000F010FB0A20FCF7D1FB04221749012059
:104CD00000F094FB04221549091D052000F08EFB0D
:104CE000062212490831092000F088FB04220F49EE
:104CF000091F0F2000F082FB00BF0BE002221E21E3
:104D0000204600F01BFB02221F21204600F016FB6C
:104D1000601CC4B2082CF1DB4FF4FA61192000F0DA
:104D2000F7FA08211B2000F0DDFA10BD749700206F
:104D300010B5FFF7C1FF0020FCF7A4FB0120FCF732
:104D4000A1FB0020FFF7C4F80120FFF7C1F810BD58
:104D500070B500BF1720FEF787FA064606B970BD8A
:104D600000247DE00120A04030400121A140884284
:104D700074D102212046FEF78DFA05462A4602210B
:104D8000204600F0DBFA05F0010088B1214639A089
:104D900000F054FB04EBC4003A4901EB40004078BA
:104DA00040F0020004EBC401364A02EB41014870B6
:104DB00005F0020090B1214633A000F03FFB102225
:104DC0000121204600F0BAFA2046FFF781F80020C2
:104DD00004EBC4012B4A02EB4101487005F01000BE
:104DE00088B121462CA000F029FB04EBC400254922
:104DF00001EB4000807840F0020004EBC401214A3E
:104E000002EB4101887005F0040088B1214626A01C
:104E100000F014FB04EBC4001A4901EB4000807859
:104E200040F0010004EBC401164A02EB4101887016
:104E300005F0080090B121461FA000F0FFFA1022F3
:104E40000121204600F07AFA2046FFF741F80020C1
:104E500004EBC4010B4A02EB41014870601CC4B270
:104E6000082CFFF67FAF1720FEF7FEF900B171E7BF
:104E700000BF74E7B3C9B9A6C1ACBDD3203A2025A1
:104E8000640D0A0082970020B6CFBFAAC1ACBDD383
:104E9000203A2025640D0A00B7A2CBCDCDEAB3C9D4
:104EA000203A2025640D0A00CAD5B5BDCAFDBEDD75
:104EB000203A2025640D0A00C1ACBDD3B3ACCAB101
:104EC000203A2025640D0A0010B5044604EBC40006
:104ED000284901EB4000407800284AD104EBC40087
:104EE00011F81000B0B92046FEF7F2FF2046FFF798
:104EF0001FF8012806D104EBC4011E4A02EB410150
:104F0000487036E0002004EBC4011A4A02EB41016C
:104F100048702EE004EBC400164911F81000012877
:104F200013D12046FEF7B0FF012806D104EBC401DF
:104F3000104A02EB410148701BE0002004EBC40161
:104F40000C4A02EB4101487013E02046FFF723F8BA
:104F5000012807D1032004EBC401064A02EB4101FA
:104F6000487006E0002004EBC401024A02EB410154
:104F7000487010BD82970020F0B58DB005460F46F1
:104F8000164627A30FCB01AC0FC4002228A1294845
:104F900002F072F804462CB1274850F8241027A0DC
:104FA00000F04CFA2BA106A802F046F904463CB1E9
:104FB000214850F8241028A000F040FA0DB0F0BDB0
:104FC000022201A92A4802F085F8044624B101A969
:104FD00028A000F033FAF1E73946254801F036FB06
:104FE00005AB32462946224802F08EFA04463CB907
:104FF0000598B04204D101A924A000F01FFA03E0F3
:1050000001A927A000F01AFA194801F00FFB0022AD
:1050100007A1104602F030F8044600BFCEE70000BA
:105020002F7379732F436F6E6669672E696E6900FF
:10503000303A00002003002014000020B9D2D4D858
:10504000CEC4BCFECFB5CDB3CAA7B0DC282573292A
:105050000D0A00002F000000B4F2BFAAB8F9C4BFC7
:10506000C2BCCAA7B0DC282573290D0A00000000C5
:1050700050130020446F6E27742046696E642046EA
:10508000696C65203A2025730D0A0000257320CE37
:10509000C4BCFED0B4C8EBB3C9B9A60D0A00000069
:1050A000257320CEC4BCFED0B4C8EBCAA7B0DC0DBB
:1050B0000A0000002DE9F04106460C4615463C4822
:1050C000006800F140073B48007860B93A48006842
:1050D00060433A49086038480068684338490860C6
:1050E0000120344908703348007801284CD1002051
:1050F0003449086010E0334801680068401C314AB8
:1051000010603148415C3148294A1268815428486E
:105110000068401C2649086025480068B842EAD368
:10512000264800682A490988084424490860244818
:10513000006827490988401A214908600846006824
:105140001D490968B0FBF1F201FB120070B90020A3
:10515000174908601848008883B218480068164A42
:105160001268811A194A3046FCF75EFF19488068B8
:1051700017490988401A174988604FF440510220A6
:10518000FEF7B6FCFCF7B0FE0D48006818B11248F7
:10519000007804280AD10020054908600121FEF7A3
:1051A000A5FD002003490870FCF796FEBDE8F081DC
:1051B000F0000020F8000020DC00002004010020A6
:1051C00008010020F4000020848400208474002062
:1051D0006A010020E4840020680100202DE9F047E6
:1051E00005460E46904600212846FEF753F800F08B
:1051F0000F00222814D005EBC500384901EB400010
:1052000000F10C020C21284600F0D0F805EBC50097
:10521000324901EB4000028A1021284600F0AAF82A
:1052200024212846FEF752F80746B946C7F30A0775
:1052300010202B4948613846FDF756F9102101EB43
:105240004511C9B241F00400FEF7C4FE07EB0800A7
:10525000B0F5006F0ADA002405E016F8010BFEF73E
:10526000B9FE601C84B24445F7DB24E0C7F500605A
:1052700087B2002405E016F8010BFEF7ABFE601CB8
:1052800084B2BC42F7DB1020154908614861002058
:10529000FDF72AF9102101EB4511C9B241F00400D4
:1052A000FEF798FE05E016F8010BFEF793FE601C72
:1052B00084B24445F7DB10200949086109EB080076
:1052C0001FFA80F94A462421284600F053F820228C
:1052D0000121284600F032F8BDE8F08782970020CF
:1052E0000010014070B505460C4610200749486182
:1052F0002846FDF7F9F80520FEF76CFE2046FEF77C
:1053000069FE10200149086170BD000000100140D5
:1053100070B505460C461020074948612846FDF740
:10532000E3F80620FEF756FE2046FDF7DDF81020D4
:105330000149086170BD00000010014070B50446CD
:105340000D46164610200A4948612846FDF7CCF85C
:10535000082101EB4411C9B241F00500FEF73AFE05
:105360003046FEF737FE10200149086170BD00008D
:105370000010014070B504460D46164610200A493B
:1053800048612846FDF7B0F8082101EB4411C9B285
:1053900041F00600FEF71EFE3046FDF7A5F810208E
:1053A0000149086170BD00000010014070B505465C
:1053B0000E4614461020104948613046FDF794F817
:1053C000082101EB4511C9B241F00700FEF702FECA
:1053D00014F8010BFEF7FEFD14F8010BFEF7FAFDC1
:1053E00014F8010BFEF7F6FD14F8010BFEF7F2FDC1
:1053F00010200149086170BD001001402DE9F04105
:1054000007460C46154610200B4948613846FDF703
:105410006BF80420FEF7DEFD002605E014F8010B12
:10542000FEF7D8FD701C86B2AE42F7DB10200249B1
:105430000861BDE8F0810000001001400FB4054B89
:1054400010B503A9044A029800F01AF810BC5DF8E0
:1054500014FB0000B17C0008CC02002002E008C868
:10546000121F08C1002AFAD170477047002001E0DE
:1054700001C1121F002AFBD1704780F310887047CA
:105480002DE9FF4F8DB00F460546002606E0252882
:105490000BD0DDE90F1290476D1C761C2878002890
:1054A000F5D111B03046BDE8F08F0024A246A146E8
:1054B0000122EC4900E0044315F8013F203B02FAC9
:1054C00003F00842F7D128782A2810D06FF02F0275
:1054D0002878A0F13001092914D80AEB8A0102EBDF
:1054E000410144F0020400EB010A6D1CF0E701CF1A
:1054F0005FEA000A03D544F40054CAF1000A44F0FC
:1055000002046D1C28782E2817D115F8010F44F0DD
:1055100004042A280ED06FF02F022878A0F1300161
:1055200009290AD809EB890102EB410100EB0109C5
:105530006D1CF2E757F8049B6D1C28786C280FD07F
:1055400006DC4C2817D068280DD06A2814D104E056
:10555000742810D07A280FD10DE044F400140AE02A
:1055600044F4801401E044F440146978814202D18B
:1055700004F580146D1C6D1C2A786E2A1FD00CDC7B
:10558000632A31D004DC002A8BD0582A11D1A3E041
:10559000642A68D0692A0CD165E0732A2ED004DC15
:1055A0006F2A73D0702A04D19BE0752A6FD0782AB5
:1055B0006ED01046DDE90F129047761C50E1C4F31F
:1055C0000250022806D0032809D0042801CF09D0B0
:1055D000066045E101CFF117C0E9006140E101CF6C
:1055E00006803DE106703BE117F8040B8DF80000E2
:1055F00000208DF80100EB46012003E057F804BBC2
:105600004FF0FF3061074FF0000102D40DE008F1C8
:105610000101884649450FDA8045F8DB1BF8081080
:105620000029F4D108E008F1010188468142FADB43
:105630001BF808100029F6D1DDE90F23AAEB0800BA
:105640008146214600F036F9304400EB080604E0BC
:10565000DDE90F121BF8010B9047B8F10108F7D2F2
:1056600021464846F7E00A21C4F302534FF0000BED
:105670000891022B04D001CFC117032B09D00AE0F7
:10568000FF1D27F00707F7E8020108E032E01FE0FE
:1056900020E000B2C117042B01D140B2C117031E94
:1056A00071F1000307DA4FF0000CD0EB0C006CEB4B
:1056B00001012D2302E0230504D52B238DF824308E
:1056C000012303E0E30701D02023F7E7984658E0E1
:1056D0000A2110E010210EE010204FF0000B08907E
:1056E0000CE010214FF0000B44F004044FF00809C7
:1056F000089103E008214FF0000B0891C4F3025316
:10570000022B04D001CF0021032B06D006E0FF1DA1
:1057100027F00707F7E8020103E080B2042B00D16D
:10572000C0B24FF0000823072BD5702A07D0DDF850
:1057300020C08CF0100C5CEA0B0C05D00EE040236E
:105740008DF82430012308E050EA010306D030230D
:105750008DF824308DF8252002239846DDF820C0EE
:105760008CF0080C5CEA0B0C0BD150EA010301D160
:10577000630706D530238DF824304FF00108A9F1D6
:105780000109582A04D038A20B9208AA0A920BE009
:105790003AA2F9E75B46089AFAF72EFD0B9B9B5C51
:1057A0000A9A521E0A92137050EA0102F2D10A9824
:1057B000ADEB000000F1200B600702D524F480342B
:1057C00001E04FF00109D94502DDA9EB0B0000E033
:1057D000002000EB0B0141440890AAEB010AE00312
:1057E00006D4DDE90F232146504600F063F8064455
:1057F0004FF0000908E009A911F80900DDE90F12CE
:10580000904709F10109761CC145F4DBE0030CD592
:10581000DDE90F232146504600F04CF8064404E031
:10582000DDE90F1230209047761C0899481E089039
:105830000029F5DC08E00A980A990078491C0A91C9
:10584000DDE90F129047761CBBF10001ABF1010BB3
:10585000F1DC21465046DDE90F2300F019F806443B
:105860006D1C1BE6092801003031323334353637E0
:10587000383961626364656600000000303132339C
:10588000343536373839414243444546000000003C
:105890002DE9F041044600251E461746880404D42D
:1058A00005E039462020B0476D1C641EF9D5284616
:1058B000BDE8F0812DE9F041044600251E469046E2
:1058C000C80301D5302700E02027880404D505E06F
:1058D00041463846B0476D1C641EF9D52846BDE8E0
:1058E000F081000017488068012121EAD030164974
:1058F000087008464078097888421ED0124800781F
:1059000068B11148C078401CC0B20F49C870042863
:1059100016DB0846007848700020C87010E00A487E
:10592000C078401CC0B20849C870152808DB08467A
:10593000007848700020C87002E000200249C8705A
:1059400070470000001001401C85002008B50121AF
:105950003D20FDF731F901213248FCF765F80121BE
:105960003148FCF761F804208DF8030001208DF820
:1059700002004EF20F00ADF8000069462B48FBF71D
:10598000C7FF10208DF8030001208DF802000820C9
:10599000ADF8000069462648FBF7BAFF0821244805
:1059A000FCF78AF810208DF8030001208DF8020022
:1059B0000003ADF8000069461E48FBF7A9FF4FF44D
:1059C00080511C48FCF77AF810208DF80300012064
:1059D0008DF802004002ADF8000069461448FBF75C
:1059E00097FF4FF400711248FCF766F804208DF819
:1059F000030001208DF802004FF48870ADF800001C
:105A000069460B48FBF784FF04208DF80300012052
:105A10008DF802000F20ADF8000069460548FBF73D
:105A200077FF08BD00043000000230000010014084
:105A3000000C01400008014000B585B0012108209C
:105A4000FDF7BAF801214805FDF7A6F82020ADF8CA
:105A5000100003208DF8120004208DF8130004A913
:105A60001C48FBF755FFC020ADF8100003208DF84F
:105A700012001C208DF8130004A91648FBF748FFFC
:105A80000020ADF804004BF6FF70ADF80600A02032
:105A9000ADF808004FF48060ADF80A000001ADF8E1
:105AA0000C004CF25030009069460B48FCF7C6F8E9
:105AB00001210948FCF781F801210748FCF75CF84F
:105AC00006480749086000F0F5F8FDF721FD05B02C
:105AD00000BD0000000C014000540040B002002056
:105AE000B802002010B504467D20FDF7E9F808B1A2
:105AF000FDF772F845F25550FCF746F90320FCF724
:105B000037F9A0B2FCF73AF9FCF72AF9FCF71CF9CF
:105B100010BD000000B585B000F036F800214FF44C
:105B20008050FDF749F801210803FDF745F80020F2
:105B3000ADF800004FF48270ADF802000020ADF81F
:105B400004000220ADF806000120ADF80800400274
:105B5000ADF80A000820ADF80C000020ADF80E00EA
:105B60000720ADF8100069460648FDF739FF00210F
:105B70000448FDF71BFF01210248FDF717FF05B0A0
:105B800000BD00000030014008B501210420FDF7F0
:105B900013F803208DF8020018208DF80300E02090
:105BA000ADF8000069460248FBF7B2FE08BD0000F0
:105BB0000008014000B585B000F034F800214FF432
:105BC0008040FCF7E9FF01218803FCF7E5FF002096
:105BD000ADF800004FF48270ADF802000020ADF87F
:105BE0000400ADF80600ADF808004FF40070ADF801
:105BF0000A002020ADF80C000020ADF80E000720B0
:105C0000ADF8100069460648FDF7EAFE0021044899
:105C1000FDF7CCFE01210248FDF7C8FE05B000BD2E
:105C20000038004008B501210820FCF7C5FF03201B
:105C30008DF8020018208DF803004FF46040ADF895
:105C4000000069460148FBF763FE08BD000C0140F7
:105C500008B501210420FCF7AFFF102010490860AF
:105C60008DF8030003208DF802001020ADF800002D
:105C700069460B481038FBF74BFE02F025FE10205A
:105C80000749091D08600420FEF7A4F91020044903
:105C9000086002F0ADFE002002F088FF08BD0000A1
:105CA0001008014010B5FEF7FDFEFCF7ABF8FBF75E
:105CB00088F810BD0EB505210120FBF709FE202054
:105CC000019000208DF808000C208DF809000120BB
:105CD0008DF80A0001A8FBF773FC17208DF800006F
:105CE00001208DF802008DF803006846FCF7BAFB2E
:105CF0000EBD000070B504460D4600202071401E08
:105D0000E0622946204602F013FB08B1032070BD73
:105D100094F82E1294F82F0241EA00204AF65521F9
:105D2000884201D00220F2E794F86900010694F855
:105D3000680041EA004194F8670041EA002094F8C5
:105D40006610084320F07F400D49884201D10020B1
:105D5000DDE794F88500010694F8840041EA0041EB
:105D600094F8830041EA002094F88210084320F060
:105D70007F400349884201D10020C8E70120C6E7DF
:105D800046415400024600E0521C107810B11078D1
:105D90008842F9D110787047F0B5574C2468647880
:105DA00004F00F04544D2D686D782D1105EB850519
:105DB00004EB4505504C2468A47804F00F044E4EC3
:105DC0003668B678361106EB860604EB4604C4EB5B
:105DD000041405EB8403484C2468A47924B1464C90
:105DE0002468A479062C3BD1002136E001EB410563
:105DF000424C2C44647804F00F0501EB41063F4C03
:105E000034446478241104EB840405EB440501EB6D
:105E100041063A4CA45D04F00F0601EB4107374CF4
:105E2000E45D241104EB840406EB4404C4EB041485
:105E300005EB8402934209DA09B9002005E04C1E03
:105E400004EB44052D4C2C44A07808E0052901D131
:105E5000002004E000BF4C1CE1B20629C6DB3EE096
:105E6000002139E001EB4104244D123D2C446478BB
:105E700004F00F0401EB4105204E123E35446D78CD
:105E80002D1105EB850504EB450401EB4105755D1E
:105E900005F00F0501EB4106184F123FBE5D3611AC
:105EA00006EB860605EB4605C5EB051504EB8502FA
:105EB00093420ADA09B9002006E04C1E04EB4404C0
:105EC0000E4D123D2C44A07808E0052901D1002098
:105ED00004E000BF4C1CE1B20629C3DB00BFE02890
:105EE00008DDA0F1E00404EB8404B82505EB4404CC
:105EF000E0B200E00020F0BDB8020020F233002044
:105F000070B503460D46586A021D280B1E68B67808
:105F1000B0FBF6F400BF02CA09B9002070BD8C4284
:105F200000D202E0641A121DF5E700BF1068204499
:105F3000F4E70246891E5069801E884201D800207D
:105F400070479378906A01FB0300F9E72DE9F04769
:105F500004468946B9F1000F06D1E76817B16069B8
:105F6000B84215D8012713E04946204601F002FF48
:105F70000646022E02D20120BDE8F087701C08B947
:105F80003046F9E76069B04201D93046F4E74F4640
:105F90003D4600BF6D1C6069A84204D80225BD4281
:105FA00001D90020E8E72946204601F0E3FE064635
:105FB00006B909E0701C08B1012E01D13046DBE7BB
:105FC000BD42E7D10020D7E700BF6FF070422946FD
:105FD000204602F005FA8046B8F1000F08D1B9F169
:105FE000000F05D02A464946204602F0F9F98046BE
:105FF000B8F1000F0BD1E5602069401C78B1206931
:10600000401E2061607940F00100607107E0B8F146
:10601000010F02D14FF0FF3000E001200546284675
:10602000AAE700002DE9F35F0198D0F8009001E0A5
:1060300009F1010999F800002F28F9D099F800001A
:106040005C28F5D0009886690B222021304602F0AA
:1060500065F900252F46AB464FF0080A00BF5846A9
:106060000BF1010B19F80040202C03DD2F2C01D07F
:106070005C2C00D153E02E2C01D057450DD3BAF142
:10608000080F01D12E2C02D00620BDE8FC9F082766
:106090004FF00B0AA806050EE1E7802C01DB45F066
:1060A0000305812C20DBFE2C1EDC58460BF1010B76
:1060B00019F80080B8F1400F02DBB8F17E0F05DD62
:1060C000B8F1800F06DBB8F1FE0F03DCAAF1010086
:1060D000B84201D80620D8E738467F1C34543846E9
:1060E0007F1C06F8008019E0214620A0FFF74AFE39
:1060F00008B10620C9E7412C04DB5A2C02DC45F02C
:10610000020508E0612C06DB7A2C04DC45F0010571
:10611000A4F12000C4B238467F1C34549FE700BF6E
:1061200009EB0B0101980160202C01DC042000E048
:10613000002004460FB90620A7E73078E52801D1F2
:1061400005203070BAF1080F01D1A806050E05F040
:106150000300012801D144F0100405F00C000428CC
:1061600001D144F00804F47200208EE7222A2B2C7F
:106170003A3B3C3D3E3F5B5D7C7F00002DE9F041BA
:1061800004460E460021204600F0F9F80546EDB918
:10619000002700BF2169206802F0CAF8054605B152
:1061A00013E060690078E52802D06069007820B9C2
:1061B000781C0746B04201D107E0002701212046A4
:1061C00000F038F80546002DE4D000BF042D00D1C2
:1061D00007252846BDE8F0812DE9F041044600215D
:1061E000204600F0CCF8054615B12846BDE8F08100
:1061F00000BF2169206802F09BF8054605B116E052
:10620000666937780FB9042511E0F07A00F00800CC
:1062100030B90B223046A16902F060F800B906E0FF
:106220000021204600F006F80546002DE1D000BF11
:106230002846DBE72DE9F04104468846E088461C05
:10624000B0B208B1206910B90420BDE8F08106F0B1
:106250007F0000286CD12069401C2061E06828B9CB
:1062600020680089B04263D80420EEE72068807877
:10627000401E00EAD61000285AD1E168206801F0DB
:1062800079FD0546012D01D80220DEE7681C08B91A
:106290000120DAE720684069A84243D8B8F1000F2E
:1062A00001D10420D1E7E1682068FFF74FFE0546E1
:1062B0000DB90720C9E7012D01D10220C5E7681CEF
:1062C00008B90120C1E7206802F058FE08B101209A
:1062D000BBE7216801F130004FF48052002102F049
:1062E0001DF829462068FFF724FE2168C8620027B0
:1062F0000EE0012021680871206802F03FFE08B11D
:106300000120A2E72068C06A401C2168C8627F1C87
:1063100020688078B842ECD82068C06AC01B216829
:10632000C86200BFE56029462068FFF702FE2061D1
:10633000E6802068303006F07F0100EB411060619C
:10634000002082E770B5044601212046FFF716FFC2
:10635000054695B92169206801F0EAFF054665B94F
:1063600020220021606901F0D9FF0B22D4E9050148
:1063700001F0C7FF012021680871284670BD2DE992
:10638000F04104460E46E680A568012D03D0206842
:106390004069A84202D80220BDE8F0812DB92068EA
:1063A0000078032801D12068456A45B92068008932
:1063B000B04201D80220EFE72068476A1EE020685B
:1063C00080784FEAC01812E02946206801F0D2FC1C
:1063D0000546681C08B90120DEE7022D03D32068BA
:1063E0004069A84201D80220D6E7A6EB0806464538
:1063F000EAD229462068FFF79CFD0746E5600FB901
:106400000220C9E707EBD61020612068303006F083
:106410007F0100EB411060610020BDE710B504462C
:106420002CB9FFF777FBFFF713FC002010BD01200C
:10643000FCE70346BBB9052914D2DFE801F0030AE3
:10644000050F1100002070474FF48050108000208D
:10645000F9E74FF4806010600020F4E70020F2E7D5
:106460000020F0E700BF00BF0420ECE72DE9F04179
:1064700004460D4616461F463CB93A0331032846EA
:1064800002F0D0F90020BDE8F0810420FBE70146CE
:1064900011B90022104670470120FCE72DE9F041B8
:1064A00005460E4617461C4614B90420BDE8F08187
:1064B00085B94FF0000809E039034FF480523046A7
:1064C00002F0ACFA08F1010000F0FF08A045F3DB90
:1064D0000020EBE70420E9E710B54548008888B1C3
:1064E0004448007870B901204249087000204249B0
:1064F00008703F494880414908703D48018840A0E4
:10650000FEF79CFF3A48408888B13B48007870B954
:106510000120394908700020364908703449088044
:1065200036490870324841883AA0FEF787FF314863
:106530000078012825D131480078401C2F49087087
:106540000846007864281CDB002008702848008872
:10655000012805DC002027490870254908800BE048
:1065600023480088401E22490880084600880128E8
:1065700002D10220214908701D48018820A0FEF7A1
:106580005DFF1D480078012831D11C480078401C6F
:106590001A4908700846007864281CDB002008703F
:1065A00013484088012805DC002013490870104971
:1065B00048800BE00E484088401E0D494880084640
:1065C0004088012802D102200C49087008484188FF
:1065D00010A0FEF733FF06484088082807DC124861
:1065E000007820B901201049087002F0C7FE10BDE4
:1065F000AA020020A7020020A8020020A602002074
:106600007265645F646973706C6179203D202564F4
:106610000D0A00006772655F646973706C617920B0
:106620003D2025640D0A00008A02002070B5054651
:10663000284600F011FF044634B9284602F0C4FC95
:1066400004460CB900202860204670BD2DE9FE4F9D
:1066500004460D46204602F0B7FC0290029810B1A5
:106660000298BDE8FE8FE07908B1E079F9E7606A49
:10667000002871D0681C00283BD1D4F8248058F839
:1066800004AB4FF0020926693EB300BF00964FF0FD
:10669000000B09F1020900BF01960BF1010B314615
:1066A000206801F067FB0646012E02D80220E07147
:1066B000D7E7701C10B90120E071D2E70198401CA7
:1066C0008642E9D0D14504D848F804BB009848F880
:1066D000040B20684069B042D8D8606AC0F80090C6
:1066E000D14503D80020C8F8000047E011200290EF
:1066F00044E0E068A84200D2E568A560002D3DD0E6
:10670000691E2046FFF7FCFB606161692068FFF7A6
:1067100010FC074617B90220E071A2E720688078D4
:10672000401E691E00EA113007442089C0F30B00A7
:1067300020B3A069B84221D0A07900F0400080B118
:1067400021684878012304F12801A269FFF7A6FE19
:1067500018B10120E07184E711E0A07920F0400039
:10676000A0712168487801233A4604F12801FFF717
:106770007DFE10B10120E07173E7A761ABE0E06836
:10678000A84204D2A07900F0020000B9E568D4F86C
:1067900008904FF00008C4F80880002D67D02068EA
:1067A00080780703B9F1000F11D0681EB0FBF7F134
:1067B000A9F10100B0FBF7F0814208D3A9F1010073
:1067C000791E8843A060A0682D1A666912E02669C8
:1067D0007EB900212068FFF7B9FB0646012E02D1E1
:1067E0000220E0713DE7701C10B90120E07138E72C
:1067F00026616661C6B323E0A07900F0020038B1DB
:1068000031462068FFF7A2FB064636B93D4619E03F
:106810003146206801F0AEFA0646701C10B901201E
:10682000E0711EE7012E03D920684069B04202D80A
:106830000220E07115E76661A0683844A060ED1B96
:10684000BD42D9D800BFA0682844A060C5F30B00A2
:1068500050B131462068FFF76CFB8046B8F1000F5D
:1068600003D10220E071FCE601E008EB1538208935
:10687000C0F30B0020B3A069404521D0A07900F0FF
:10688000400078B121684878012304F12801A26909
:10689000FFF704FE10B10120E071E2E6A07920F0DC
:1068A0004000A071216848780123424604F1280184
:1068B000FFF7DCFD10B10120E071D2E6C4F81880CA
:1068C000D4E90201884205D9A068E060A07940F0CF
:1068D0002000A07100BF0298C3E62DE9F1478BB0FC
:1068E00001F0BCFA064601220BA904A800F0D4FF6F
:1068F0000546002D7DD101A80A9004A80B9901F04E
:106900008FF9054605B9082500BF042DF2D10021F5
:106910000498FFF71BFB0746002507B90725012F41
:1069200000D10225781C00B901251DB9049802F098
:1069300025FB0546002D5AD139460498FFF7F9FA90
:106940008146049800F130044FF480520021204623
:1069500001F0E4FC0B222021204601F0DFFC2E2078
:1069600020701020E072A675310AE175310C217695
:10697000310E61763946204602F04AF9202221463E
:1069800004F1200001F0BDFC2E2084F82100DDF888
:1069900018A004980078032804D10498406A504550
:1069A00000D1AA46514604F1200002F031F90498C2
:1069B00090F8028017E00498C0F82C9009F10109C2
:1069C000012004990871049802F0D8FA054605B12F
:1069D0000CE04FF480520021204601F09FFCA8F10A
:1069E000010000F0FF08B8F1000FE4D100BF2DB99D
:1069F00000E01EE004A8FFF7A5FC054625B13946D6
:106A0000049801F088FD14E0099C1020E072A6753E
:106A1000310AE175310C2176310E61763946204616
:106A200002F0F6F8012004990871049802F042FA85
:106A3000054628460CB0BDE8F08700002DE9F74F69
:106A400090B0914610A801F0B3FA0F900F9800286B
:106A500003DA0B2013B0BDE8F08F1198012801DD97
:106A60001320F7E7A9F1010000EA090008B113209B
:106A7000F0E7FE490F9851F820B0BBF1000F01D1AB
:106A80000C20E7E700208BF800000F98C0B20C90B4
:106A900000200B900C98FFF7C1FC0190019800F0CA
:106AA000010008B10320D5E7019800F0040008B107
:106AB0000A20CFE700BF04AA01210C98FFF7B9FC18
:106AC00010B90498802801D20120C3E7119808B1B9
:106AD000002000E03F2080460498A0EB08000490CE
:106AE000B9F1000F12D1FA210498B0FBF1F00A902D
:106AF0004FF0000A01E00AF1010ADD4830F81A10EF
:106B00000A988142F7D8DB4830F81A904FEA1939D1
:106B1000B9F1000F01D14FF00109B9F1800F01D98E
:106B20004FF080090498B0FBF9F7012540F6F670A4
:106B3000874200D302254FF6F670874200D3032523
:106B4000032D0AD1082000EB870000F6FF70060B2A
:106B5000202003900020029011E0012D05D107EBC9
:106B60004700401C4008C01C01E07800001D06469C
:106B700006F6FF70060B0120039004200290039894
:106B800040440790079830440690029906980844BC
:106B9000059005984844A0EB08000499884201D963
:106BA0000E2057E709AA03210C98FFF742FC28B9E9
:106BB000099818B10998B0F5004F01D90120099042
:106BC000099905980844401E491E8843099009996F
:106BD0000598081A0990032D08D1099903980844CB
:106BE0000390099907980844079001E00998064422
:106BF000DDE90301081A811B0298081AB0FBF9F7B6
:106C0000022D03D140F6F670874205D3032D05D13E
:106C10004FF6F670874201D20E201BE7032D02D1FA
:106C20000C200D9010E0012D06D10498B0F5803FA6
:106C300002D201200D9007E00498B0F5803F01D208
:106C4000042000E006200D9000BF119810B1F02044
:106C50000E9044E04FF4805200210BF1300001F01F
:106C60005DFB0BF5F77401206070A0700020E070F0
:106C70000D982071FE206071049840443F21B0FBC4
:106C8000F1F0FF21B0FBF1F009903F21099841EAB2
:106C90009000A0710998E0713F202072002161727C
:106CA000A172E172049820730498010A6173049838
:106CB000010CA1730498010EE17355218BF82E127B
:106CC000AA218BF82F12012300220BF130010C981E
:106CD000FFF7E4FB08B10120BCE6F8200E900BF1B1
:106CE00030044FF480520021204601F017FB0B22A4
:106CF00061A1204601F005FB4FF4805A84F80BA0F7
:106D00004FEA1A21217384F80D900398A073039819
:106D1000010AE17301202074032D01D1002001E05C
:106D20004FF40070824684F811A04FEA1A21A17432
:106D30000498B0F5803F05D20498E0740498010AE5
:106D4000217510E0049884F820000498C0F307210E
:106D5000212001550498C0F30741222001550498D1
:106D6000010E232001550E9860753F2020760021EA
:106D70006176FF20A076E17684F81C804FEA182126
:106D800061774FEA1841A1774FEA1861E17701F086
:106D900065F80990032D3ED1099884F843000998BD
:106DA000C0F30721442001550998C0F3074145204D
:106DB00001550998010E4620015584F82460C6F358
:106DC000072125200155C6F3074126200155310E24
:106DD00027200155022084F82C0000212D20015588
:106DE0002E2001552F200155012084F8300031203C
:106DF0000155062084F8320033200155802084F8A4
:106E00004000292084F8420013221EA104F147000B
:106E100001F077FA1FE0099884F827000998C0F379
:106E20000721282001550998C0F307412920015561
:106E30000998010E2A200155A675310AE1758020B6
:106E400084F82400292084F82600132212A104F1DA
:106E50002B0001F056FA552084F8FE01AA2140F2D9
:106E6000FF1001550123424621461FE08002002009
:106E7000269600083C960008EBFE904D53444F5375
:106E8000352E30004E4F204E414D452020202046CB
:106E900041543332202020004E4F204E414D45209A
:106EA0002020204641542020202020000C98FFF76D
:106EB000F5FA08B10120CDE5032D06D1012308F133
:106EC000060221460C98FFF7E9FA079808904FF060
:106ED000000A61E04FF480520021204601F01EFAC2
:106EE0000E980990032D14D0012D01D1614801E0C5
:106EF0006FF0FF00099908430990099820700998DC
:106F0000000A60700998000CA0700998000EE070EB
:106F100019E0099860F0FF0009900998207009981D
:106F2000000A60700998000CA0700998000EE070CB
:106F3000FF202071FF216171A171E17120726172E6
:106F4000A1720F21E1720898411C024601230891A9
:106F500021460C98FFF7A2FA08B101207AE54FF418
:106F600080520021204601F0D9F9012009900EE05D
:106F70000898411C02460123089121460C98FFF70E
:106F80008DFA08B1012065E50998401C099009981F
:106F9000B042EDD30AF1010ABAF1000F9AD0032DE5
:106FA00001D1484600E00298824600BF0898411C83
:106FB00002460123089121460C98FFF76FFA08B1A9
:106FC000012047E5AAF10100B0F1000AEED1032D3E
:106FD00046D15220207060706120A0704120E07086
:106FE000722084F8E401722140F2E510015541213C
:106FF000401C01556121401C0155781E84F8E801B0
:10700000C0F3072140F2E9100155781EC0F3074193
:107010004FF4F5700155781E010E40F2EB1001554A
:10702000022084F8EC01002140F2ED100155401CD3
:107030000155401C0155552084F8FE01AA2140F25B
:10704000FF100155012308F1010221460C98FFF7BA
:1070500025FA012308F1070221460C98FFF71EFAD2
:10706000002211460C98FFF7E4F908B10120F1E481
:107070000020EFE400FFFF00F7B582B0164603984A
:10708000019001A800F094FF0546002D02DA0B20C4
:1070900005B0F0BD0E4850F825400CB1002020701E
:1070A000029810B10020029908700949029841F82D
:1070B0002500029808B1012E01D00020E8E7002247
:1070C00003A902A800F0E8FB07463846E0E7000005
:1070D000800200202DE9F7438AB0054616461DB907
:1070E00009200DB0BDE8F0830020286006F01F06DF
:1070F00026F001020BA903A800F0CEFB0746002FE3
:107100007ED1CDF824D003A80B9900F089FD074665
:10711000089C0FB904B9062706F01C00002851D0BE
:107120004FB1042F03D103A8FFF70CF9074646F02F
:107130000806089C09E0E07A00F0110008B1072772
:1071400003E006F0040000B10827002F39D106F053
:107150000800002835D000F081FE804684F80E80BB
:107160004FEA1821E1734FEA184121744FEA186180
:1071700061740020E072207700216177A177E177C8
:107180002146039800F039FF81460021204601F096
:107190003FFD012003990871B9F1000F11D0039848
:1071A000D0F82C804946039801F0B5F9074647B955
:1071B000A9F101000399C8604146039801F0B8F8AD
:1071C00007460EE06FB9E07A00F0100008B104271E
:1071D00007E006F0020020B1E07A00F0010000B103
:1071E000072747B906F0080008B146F020060398C3
:1071F000C06AE8612C621FB9AE710020E87100E03E
:1072000018E02146039800F0F8FE2861E07F0106AF
:10721000A07F41EA0041607F41EA0020217F0843CE
:10722000E8600020A860A861686203982860286868
:10723000C088A880384654E733B585B0044614B9F1
:10724000092007B030BD002206A904A800F024FBE5
:1072500005461DBB0498206001A8A0612046069940
:1072600000F0DEFC0546B5B9606958B16069C07AC6
:1072700000F0100028B16169049800F0BEFEA06023
:1072800000E005253DB90498C088A0800021204673
:10729000FFF775F80546042D00D105250DB1002036
:1072A00020602846CDE72DE9FF4F83B00446154600
:1072B0009A46DDF810B00020CAF80000204601F020
:1072C00083FE0290029818B1029807B0BDE8F08FD3
:1072D000E07908B1E079F8E7A07900F0010008B999
:1072E0000720F2E7D4E90210401A00900098854286
:1072F00000D9009DABE02089C0F30B00002877D1B6
:1073000020688078401EA16800EA113000F0FF0973
:10731000B9F1000F1FD1A06810B9206901900CE0ED
:10732000606A28B12046A168FEF7EAFD019004E0FA
:107330006169206800F01EFD01900198022802D2C8
:107340000220E071C1E70198401C10B90120E071F2
:10735000BBE70198606161692068FEF7EAFD0646B7
:1073600016B90220E071B0E74E444FEA1538B8F183
:10737000000F2AD009EB080021688978884203D9D8
:1073800020688078A0EB090808F0FF03216848789E
:1073900032465946FFF76AF810B10120E07194E7D0
:1073A000A07900F0400068B1A069801B404509D277
:1073B000A169891B0BEB01304FF4805204F12801C5
:1073C00000F09FFF4FEA083737E0A069B04220D0B5
:1073D000A07900F0400080B121684878012304F1D1
:1073E0002801A269FFF75AF818B10120E0716CE793
:1073F00010E0A07920F04000A071216848780123B6
:10740000324604F12801FFF731F810B10120E07194
:107410005BE7A6612089C0F30B00C0F58057AF423F
:1074200000D92F462089C0F30B0204F1280011185F
:107430003A46584600F065FF00BFBB44A068384498
:10744000A060DAF800003844CAF80000ED1B002DF7
:107450007FF451AF002038E72DE9F0410446204683
:1074600001F0B2FD0746002F4CD1A07900F02000BA
:10747000002847D0A07900F0400078B12168487812
:10748000012304F12801A269FFF708F810B10120D7
:10749000BDE8F081A07920F04000A071E16920688A
:1074A00000F046FF0746002F2CD1256AE87A40F00D
:1074B0002000E872207B2877A089010A6977E068BC
:1074C000010CA977E068010EE9772846216901F0EF
:1074D0009FFB00F0C3FC0646AE75310AE975310C1E
:1074E0002976310E69760020A8740021E974A0790C
:1074F00020F02000A071012021680871206801F0AF
:10750000D9FC07463846C3E72DE9FF4F83B0044650
:1075100015469B46049801900020CBF800002046B9
:1075200001F052FD0290029818B1029807B0BDE830
:10753000F08FE07908B1E079F8E7A07900F0020077
:1075400008B90720F2E7A0682844A168884200D261
:107550000025BFE02089C0F30B0000287ED1206801
:107560008078401EA16800EA113000F0FF0ABAF1ED
:10757000000F26D1A06838B9276997B90021206883
:10758000FEF7E4FC07460CE0606A28B12046A168DB
:10759000FEF7B6FC074604E061692068FEF7D6FCFA
:1075A000074607B999E0012F02D10220E071BDE73B
:1075B000781C10B90120E071B8E76761206900B953
:1075C0002761A07900F0400078B121684878012354
:1075D00004F12801A269FEF761FF10B10120E071FA
:1075E000A4E7A07920F04000A07161692068FEF74F
:1075F000A0FC064616B90220E07197E756444FEA10
:107600001539B9F1000F2DD00AEB090021688978EE
:10761000884203D920688078A0EB0A0909F0FF03AB
:107620002168487832460199FEF738FF10B10120F1
:10763000E0717BE7A069801B48450ED2A069801BE2
:10764000019A02EB00314FF4805204F1280000F05F
:1076500058FEA07920F04000A07100E016E04FEA4B
:1076600009382AE0A069B0420FD0D4E9020188426B
:107670000BD2216848780123324604F12801FEF735
:10768000F5FE10B10120E07150E7A6612089C0F33A
:107690000B00C0F58058A84500D9A8462189C1F340
:1076A0000B0204F1280150184246019900F029FE0E
:1076B000A07940F04000A07100BF019840440190C3
:1076C000A0684044A060DBF800004044CBF8000014
:1076D000A5EB0805002D7FF43DAF00BFD4E9020102
:1076E000884201D9A068E060A07940F02000A07134
:1076F00000201BE710B50E48807E012816D10C48EB
:1077000090F82D0090B90020094988760846407EFF
:1077100020B1002048760748FEF788FFFAF7C8FF37
:1077200001200349C877C8760020086210BD000018
:10773000F00200207823002010B54D488068C0F387
:1077400041304C490870084600784B49097880EA76
:107750000104002C3CD00123002236E004EA03009F
:1077600098422BD1444800781840984213D143489E
:10777000805C401CC0B241498854042821DB3E484B
:10778000007858403C49087001203D498854002049
:107790003A49885415E03948805C401CC0B23749EA
:1077A000885415280DDB3448007858403249087059
:1077B0000020334988543149885402E000202F4981
:1077C00088545806030E501CC2B2022AC6DB03E0DE
:1077D00000202A490870487029480078012816D1ED
:1077E0002748407898B92748007801280BD0012015
:1077F000254908702349087000202449087024494D
:10780000087001F0BBFD0020224908702FE01C48E1
:10781000007898B91A48407801280FD119480078A3
:10782000022807D001201849087002201549087065
:1078300001F0A4FD00201749087018E010480078F6
:10784000A8B90F48407890B912480078401CC0B2DF
:107850001049087064280ADD002008700948007883
:10786000022804D101200949087001F087FD10BDEC
:10787000001001409202002091020020940200209A
:107880008F0200208E020020960200208B02002032
:107890008A020020970200202DE9F74F88B00021CE
:1078A00008980160099800F083FB0790079800286A
:1078B00003DA0B200BB0BDE8F08FD549079851F8DB
:1078C00020400CB90C20F5E708980460207878B1C6
:1078D0006078FEF7DCFD804608F0010040B90A98A8
:1078E00020B108F0040008B10A20E3E70020E1E736
:1078F00000202070079860706078FEF78FFD80464A
:1079000008F0010008B10320D4E70A9820B108F07C
:10791000040008B10A20CDE7002739462046FEF7CB
:10792000E9F90546012D01D06DBB2CE0002614E0DD
:1079300004F5F77101EB0610017951B1C17A0A061D
:10794000817A42EA0142417A42EA0121027A1143F4
:1079500000E000214DF82610761C042EE8D3002606
:1079600006B1761E00BF5DF8267027B13946204665
:10797000FEF7C0F900E0022005461DB1701C064666
:107980000428F0D300BF032D01D1012092E70DB1EF
:107990000D208FE73B20015D94F83C0041EA002078
:1079A000B0F5805F01D00D2084E74620015D94F89A
:1079B000470041EA0029B9F1000F0ED194F85700B1
:1079C000010694F8560041EA004194F8550041EA56
:1079D000002094F8541040EA0109C4F8189040209F
:1079E000005DE070E078012804D0E078022801D042
:1079F0000D205FE7E07809FB00F93D20005DA070F5
:107A0000A07818B1A078411E084008B10D2051E7B8
:107A10004120015D94F8420041EA00202081207A53
:107A200000F07F0008B10D2044E74320015D94F889
:107A3000440041EA002BBBF1000F0ED194F8530033
:107A4000010694F8520041EA004194F8510041EADD
:107A5000002094F8501040EA010B3E20015D94F89C
:107A60003F0041EA00200490049808B90D2021E766
:107A700004984844218900EBD1100690069883456C
:107A800001D20D2016E70698ABEB0000A178B0FB01
:107A9000F1FABAF1000F01D10D200BE7012540F6F4
:107AA000F670824500D302254FF6F670824500D36A
:107AB00003250AF102006061E761049838442062FE
:107AC00006983844A062032D16D1208908B10D20F4
:107AD000F0E694F85F00010694F85E0041EA004188
:107AE00094F85D0041EA002094F85C10084360625D
:107AF00060698000059014E0208908B90D20D9E65E
:107B0000206A48446062022D02D16069400007E0AB
:107B1000207D00F00100616901EB410100EB5100A3
:107B20000590A169059800F6FF70B1EB103F01D2F6
:107B30000D20BFE64FF0FF302061E06080206071D3
:107B4000032D5AD194F8601094F8610041EA0020A6
:107B5000012852D1791C204600F0EAFBE8BB002046
:107B6000607194F82E1294F82F0241EA00204AF630
:107B70005521884241D13320005D01063220005D4D
:107B800041EA00413120005D41EA002094F83010C4
:107B900008432049884230D194F81702010694F82E
:107BA000160241EA004194F8150241EA002094F8D7
:107BB00014120843184988421FD194F81B02010689
:107BC00094F81A0241EA004194F8190241EA0020AF
:107BD00094F818120843206100E00EE094F81F02A8
:107BE000010694F81E0241EA004194F81D0241EAA0
:107BF000002094F81C120843E060257007480088B4
:107C0000401C80B205490880E080002052E6000058
:107C1000800200205252614172724161880200204C
:107C20002DE9F3410446019800782F2803D00198EC
:107C300000785C2802D10198401C01900020A060CF
:107C400001980078202807D200212046FEF797FBF4
:107C500005460020606128E000BF01A92046FEF72C
:107C6000E1F9054605B11FE02046FEF7B5FA0546E5
:107C7000A069C67A3DB1042D04D100BF06F004000E
:107C800000B9052510E006F0040000B10CE06769BA
:107C9000F87A00F0100008B9052505E0394620689B
:107CA00000F0ABF9A060D8E700BF2846BDE8FC8132
:107CB00070B504460D46E0B2FCF7EEFE204670BDFE
:107CC0003EB504460D48006800900C48001D006851
:107CD00001900A48083000680290029820700298CB
:107CE000000A60700298000CA0700298000EE0700C
:107CF00003A09DE80E00FDF7A1FB3EBDE8F7FF1FC6
:107D00002530387820253038782025303878200AFA
:107D10000D00000010B51548006800F0010008B91A
:107D2000042010BD00210AE01148806800F00F0215
:107D3000934202D1481C81B201E01346002105297B
:107D4000F2DB0024012200210AE003EA020008B964
:107D50000C4607E04FF6FF7000EA4202481C81B271
:107D60000429F2DB00BF2046DBE7000008080140E1
:107D7000001001402DE9F04105460C46022C02D3CB
:107D80006869A04202D80120BDE8F0812878012866
:107D900004D002282CD003285AD13DE0274607EB17
:107DA0005707286A00EB1731284600F0C1FA00B1E6
:107DB00050E0C7F30B0105F1300010F801807F1C83
:107DC000286A00EB1731284600F0B2FA00B141E012
:107DD000C7F30B0105F13000405C48EA002804F0CD
:107DE000010010B14FEA1810CEE7C8F30B00CBE743
:107DF000286A00EBD421284600F09AFA00B129E065
:107E000040F6FF7000EA440105F130000E183078AA
:107E1000717840EA0120B7E7286A00EB94212846F0
:107E200000F086FA00B115E040F6FF7000EA840128
:107E300005F130000E18F0780006B17840EA0140F4
:107E4000717840EA01203178084320F070409BE7C8
:107E5000012099E700BF4FF0FF3095E72D480068FB
:107E6000407900F00F002B4909684979091101EBAD
:107E7000810100EB41001430400626490968097968
:107E800001F00F01234A12681279121102EB8202EB
:107E900001EB420140EA41511E480068C07800F001
:107EA0000F001C4A1268D278121102EB820200EB1A
:107EB000420041EA004017490968897801F00F0142
:107EC000144A12689278121102EB820201EB42010D
:107ED00040EAC1210F480068407800F00F000D4AC9
:107EE00012685278121102EB820200EB420041EA62
:107EF000401108480068007800F00F00054A126839
:107F00001278121102EB820200EB420041EA5000AB
:107F100070470000B802002040B91A491AA213683D
:107F20000B6093888B8092798A712AE0012808D1AE
:107F3000144917A213680B6093888B8092798A7119
:107F40001FE0022808D10F4A13A10B6813608B8829
:107F500093808979917114E0032808D1094A10A10E
:107F60000B6813608B8893808979917109E00428EC
:107F700007D104490CA213680B6093888B80927917
:107F80008A717047F00200203030312E4D5033009E
:107F90003030322E4D5033003030332E4D503300C0
:107FA0003030342E4D5033003030352E4D503300AC
:107FB00070B502464FF0FF301568E5B1116800E07A
:107FC000491C0D78212D02D30D783A2DF8D10D786A
:107FD0003A2D0FD1146814F8015BA5F130030A2B78
:107FE00007D28C4205D1022B03D218464D1C2946DC
:107FF000156070BD002000BFFBE710B502468C7E07
:10800000CB7E44EA03201378032B05D10C7D4B7DF6
:1080100044EA032340EA034010BD0000F9F734FBB3
:10802000012806D0F9F79CFB0120F9F743FBF9F78B
:1080300037FBFCF75BFAFDF789FC00F0E7FFFDF783
:1080400031FEF8F713FAFDF7F7FCFDF763FDFDF7D6
:10805000FFFDFCF7E9FDFDF7ADFD00F083F900F051
:10806000CEFFF8F7A3FEF8F7CDFDFCF715FEFCF701
:108070005FFE40F6B830FDF735FD18E18C4800781A
:1080800000287DD000208A490870FDF72BFC01F004
:1080900005FAFFF751FB87480078401CC0B28549BC
:1080A00008700A2820DB0020087000F0B9FD00F0FD
:1080B0003DFEFEF711FA804890F82C00A0B17E48F2
:1080C00090F82C00401EC0B27B4981F82C0000289B
:1080D00005DD4FF400717948F9F7F0FC04E04FF446
:1080E00000717648F9F7E8FC7348407FA8B100209A
:1080F000714948777248FBF73DFA24220C217048F9
:10810000C01DFCF739FFFAF735FF10B16D48F9F7DC
:108110004DFF0120684988778876F8F773FD6A4833
:10812000007888B10020684908706348407E58B9DB
:108130000D216148F8F731F85F4991F82800FFF701
:10814000EBFE01205C498876FFF7D4FA5F4800888F
:10815000401C80B25D490880B0F57A7F71DB002059
:108160000880554890F82A0059494978884206D035
:1081700057484078504981F82A0001F0FFF800E0A4
:1081800093E05448006800F0020058B94A4890F85B
:108190002900042822D00420474981F8290001F051
:1081A000EDF81BE04B48006800F0040058B9424865
:1081B00090F82900022811D002203F4981F82900B7
:1081C00001F0DCF80AE03C4890F82900012805D0CD
:1081D0000120394981F8290001F0D0F8FFF79AFD14
:1081E000354991F82810884210D0FFF793FD3249A5
:1081F00081F828000D213048F7F7CFFF2E4991F87C
:108200002800FFF789FE01202B4988763248C06993
:1082100068B13148C069401C2F49C861052806D3A0
:108220000020C861244981F82D0001208876F9F7E3
:1082300093FD22480C30006880F008001F490C3183
:1082400008601D48006A58B3F8F788F91A48006AB0
:10825000B0F5167F05D14FF480511E480838F9F764
:108260002BFC1548006A401C13490862496A884281
:1082700019D31148406A98B100200F490862FCF7F1
:108280007BFC0D48C07E58B14FF48051114808382E
:10829000F9F714FC0848407E18B101200649C87758
:1082A00001E0FAF705FAFBF7A1FDFAF757FAE5E660
:1082B0000000002001000020F0020020000C01401E
:1082C000A03300201034002096020020040000207B
:1082D0001085002008080140D0020020F0B50346B8
:1082E0001C460D46002000BF161EA2F1010207D059
:1082F00014F8017B15F801CBA7EB0C06301EF3D068
:10830000F0BD70B503460C4603E014F8015B03F8BA
:10831000015B151EA2F10102F7D170BD30B5034615
:1083200001E003F8011B141EA2F10102F9D130BDD6
:1083300070B504460D46E06AA84210D0204600F011
:108340001DFE08B1012070BD607801232A4604F1AA
:108350003001FEF78BF808B10120F4E7E562002058
:10836000F1E7000010B500201B49C8770862487487
:10837000487688760120C8760020087781F82800A2
:108380000120887740F6B83048620020487748736B
:108390001248006800F0020018B9042081F8290092
:1083A0000DE00E48006800F0040020B902200A49E0
:1083B00081F8290003E00120074981F82900002005
:1083C000054981F82A0081F82B0081F82C0081F8FA
:1083D0002D0000F0D3FF10BDF0020020080801407E
:1083E0002DE9F04705460E461746022E02D368696E
:1083F000B04202D84FF002088AE02878012804D061
:10840000022841D003287DD154E0B14609EB590937
:10841000286A00EB19312846FFF78AFF8046B8F139
:10842000000F00D071E0C9F30B0105F130000C180A
:1084300006F0010020B1F9B2207861F31F1000E0CE
:108440003846207009F1010901202871286A00EBE3
:1084500019312846FFF76CFF8046B8F1000F00D0B5
:1084600053E0C9F30B0105F130000C1806F00100D0
:1084700010B1C7F3071005E0207800F0F000C7F353
:1084800003210843207040E0286A00EBD6212846EB
:10849000FFF74EFF8046B8F1000F00D035E040F600
:1084A000FF7000EA460105F130000C182770380A09
:1084B00060702AE0286A00EB96212846FFF738FF13
:1084C0008046B8F1000F00D01FE040F6FF7000EAD0
:1084D000860105F130000C18E0780006A17840EA2A
:1084E0000140617840EA01202178084300F07040A3
:1084F00007432770380A6070380CA070380EE0709F
:1085000003E0FFE74FF0020800BF00BF0120287121
:108510004046BDE8F0872DE9F04104460E46022EA4
:1085200002D36069B04201D8022727E0002721E08A
:1085300031462046FFF71EFC054605B91DE0012D1A
:1085400001D1022719E0681C08B9012715E00022B3
:1085500031462046FFF744FF074607B10DE020698A
:10856000401C30B12069401C2061607940F001005E
:1085700060712E466069B042DAD800BF3846BDE867
:10858000F08100002DE9F05F07460D46164616B94A
:108590000120BDE8F09F3E484069A84201D8002074
:1085A000F7E73B48008BB04201DA0020F1E73246A2
:1085B0002946384800F036F9324639463548F7F74B
:1085C00005FE08B90120E4E74FF0000A32463946BB
:1085D000304800F0CFF808B14FF0010A2C48008B6A
:1085E000401E25EA00082A48008BB0420BD1002427
:1085F00004E0385D27490855601C84B22448008B8C
:10860000A042F6DC10E02248028B4146214800F0EF
:1086100009F91F48008B401E284084B21D490819E3
:1086200032463946F7F7A0FD4FF0000B00242AE050
:10863000BAF1010F02D1404600F07EF81448028BD7
:108640004146144800F0AAF832463946284600F060
:1086500023F810B94FF0010B17E03246394628468F
:1086600000F01AF810B94FF0010B0EE04FF00009BE
:1086700003E009F101001FFA80F942F21070814510
:10868000F7DB601C84B2032CD2DB00BF584680E7C6
:1086900054870020708700202DE9F04104460E46E3
:1086A0001546601919494969884202D90120BDE877
:1086B000F0810DB90020FAE7102015490860032069
:1086C000FBF788FCC4F30740FBF784FCC4F30720E6
:1086D000FBF780FCE0B2FBF77DFC0DE0A520FBF78B
:1086E00079FC074616F8011BB94205D0102008494D
:1086F000091F08600120DAE7281EA5F10105EDD168
:1087000010200349091F08600020D0E7548700208B
:108710001408014010B500F03BFA1020054908602C
:10872000C720FBF757FC10200249091F086000F022
:108730005FF910BD1408014010B5044600F028FA96
:1087400010200B4908602020FBF744FCC4F30740CD
:10875000FBF740FCC4F30720FBF73CFCE0B2FBF75F
:1087600039FC10200249091F086000F041F910BDD2
:108770001408014070B5034600240BE013F8015BB8
:10878000E843C5B211F8010B284008B1012070BDC3
:10879000601C84B29442F1DB0020F8E72DE9F0413F
:1087A00006460C4615464FF0000825E000F0F0F9AB
:1087B00010201B4908600220FBF70CFCC4F30740A3
:1087C000FBF708FCC4F30720FBF704FCE0B2FBF75F
:1087D00001FC002704E016F8010BFBF7FBFB7F1CF4
:1087E000FF2FF8D910200E49091F086000F000F98A
:1087F00004F5807408F10108E91705EB1161B8EB85
:10880000212FD3D31020064908600420FBF7E2FB98
:1088100010200349091F086000F0EAF8BDE8F08164
:108820001408014070B506460C46154625B160197E
:1088300012494969884200D970BD1020104908606A
:108840000320FBF7C7FBC4F30740FBF7C3FBC4F3EC
:108850000720FBF7BFFBE0B2FBF7BCFB04E0A52061
:10886000FBF7B8FB06F8010B281EA5F10105F6D1B0
:1088700010200349091F086000BFDDE7548700206E
:10888000140801402DE9F04110200E4908609F2096
:10889000FBF7A0FBA520FBF79DFB0546A520FBF7FA
:1088A00099FB0646A520FBF795FB074610200549D6
:1088B000091F0860280440EA062040EA0704204611
:1088C000BDE8F0811408014010B5FFF7DBFF314926
:1088D000086008460068304A811A904234D007DCAC
:1088E0002E49084460B12E490844002844D113E0C1
:1088F000032935D06FF44050084400283CD117E0DC
:1089000028A12448001DF7F76EFC4FF40010214900
:108910004861401208833BE025A11E48001DF7F77F
:1089200062FC4FF400101B494861401208832FE09D
:1089300022A11848001DF7F756FC4FF48000154996
:1089400048618012088323E01FA11248001DF7F739
:108950004AFC4FF400100F4948614012088317E0A9
:108960001CA10C48001DF7F73EFC4FF08070094930
:108970004861001308830BE019A10648001DF7F7B2
:1089800032FC4FF40010034948614012088300BFD5
:1089900000BF10BD548700201540EF00BFDA40FF34
:1089A0002C05FDFF535354323556463031364200C4
:1089B0004D5832354C31363036450000573235513E
:1089C00033324A5600000000573235513136445692
:1089D0000000000057323551313238445600000053
:1089E000556E6B6E6F7720466C61736800000000F7
:1089F00010B51020084908600520FBF7EBFA00BF0E
:108A0000A520FBF7E7FA00F001000028F8D11020BC
:108A10000149091F086010BD140801402DE9F05FED
:108A200007460D4616464FF00008C146C2460024D0
:108A3000A3465648008BB5FBF0F100FB11501FFA1E
:108A400080FA5248008BA0EB0A0084B24F48008B9A
:108A500096FBF0F01FFA80F84C48008B96FBF0F183
:108A600000FB11601FFA80F9BAF1000F2AD1B8F1AA
:108A7000000F08D1324629463846FFF783FD00280B
:108A80007ED1BDE8F09F0EE04048028B2946384673
:108A9000FFF778FD08B90020F3E73C48008B054458
:108AA0003A48008B0744B8F10000A8F101011FFA11
:108AB00081F8E9D14A4629463846FFF763FD002888
:108AC00061D1DEE7B8F1000F1FD1A14515DDA9EB9B
:108AD00004001FFA80FB224629463846FFF752FD64
:108AE00008B90020CDE7254427445A462946384690
:108AF000FFF748FD002846D1C3E7324629463846ED
:108B0000FFF740FDE0BB0020BBE7301B86B21F48EB
:108B1000008B96FBF0F01FFA80F81C48008B96FB48
:108B2000F0F100FB11601FFA80F922462946384611
:108B3000FFF728FD08B90020A3E7254427440EE0ED
:108B40001248028B29463846FFF71CFD08B9002061
:108B500097E70E48008B05440C48008B0744B8F19A
:108B60000000A8F101011FFA81F8E9D1B9F1000F65
:108B700009D04A4629463846FFF704FD00B900E00F
:108B800001E000207DE701207BE700005487002002
:108B900010B51020044908600620FBF71BFA1020CE
:108BA0000149091F086010BD1408014010B50446B2
:108BB000144800681449884216D1102013490860EF
:108BC0005020FBF707FA10201049091F0860091D03
:108BD00008600120FBF7FEF92046FBF7FBF91020A7
:108BE0000A49091F08600CE01020084908600120AC
:108BF000FBF7F0F92046FBF7EDF910200349091FB8
:108C0000086010BD548700204125BF0014080140B2
:108C100081760B0AC3760A0C02750B0E43757047FA
:108C200030B501233B48007800F003003949087053
:108C3000084600783849097880EA0105002D43D0BC
:108C400000223EE005EA0300984233D13348805CBD
:108C5000401C3249885430480078184098420BD163
:108C60000846805C0A2828DB002088542A480078BF
:108C700058402949087020E0032020EA03042648D0
:108C800000782040A0420CD12448805C4B2814DBA3
:108C90000020224988542048007858401E49087016
:108CA0000BE000201D4988541B48007858401A49A1
:108CB000087002E00020194988545806030E501C21
:108CC000C2B2022ABEDB03E00020144908704870DB
:108CD000134890F82A00D8B11248006800F4807058
:108CE00098B111480078401CC0B20F4908700A289A
:108CF0000EDD002008700120094981F82B00642056
:108D000081F82C0000F03AFB02E0002006490870D0
:108D100030BD000091020020930200209B02002041
:108D2000F0020020080C0140AE02002010B5584BA4
:108D30001B7803F00303564C237001210020A2E0AE
:108D400003238B43524C2478A34242D1514B1B78CE
:108D50000B406BBB4F4B1B780B434E4C23700023D7
:108D60004D4C24F810304D4B1B780B408B4278D182
:108D70004B4B33F810304EF66024A34204DB002343
:108D8000484C24F810306CE0454B33F81030123367
:108D9000642493FBF4F3434C24F8103010B90023FF
:108DA000414C237001285CD10023404C237058E0D3
:108DB000394B33F810305B1C9BB2374C24F8103021
:108DC0004EF66024A3424CDB2346334C24F810308B
:108DD00047E0304B1B780B408B4242D12D4B1B7828
:108DE0008B432C4C23702E4B33F810302A4C34F824
:108DF0001040A34207DB2A4B33F81030264C34F8DE
:108E000010401A1B06E0244B33F81030244C34F881
:108E100010401A1B264B1B780B408B4221D18C2A09
:108E20000BD81E4B1B780B431C4C23701A4B33F88A
:108E300010301B4C24F8103013E0194B33F810306D
:108E400033B10023164C23806380164C238063804B
:108E5000114B33F81030124C24F8103000230F4C13
:108E600023700B4B1B780B408B4208D1084B1B78AF
:108E7000032B04D00E4B1B780B430D4C23704B0679
:108E8000190E431CD8B20228FFF65AAF10BD0000DD
:108E900093020020980200209E02002099020020E8
:108EA000A2020020AA020020A7020020A80200209F
:108EB0009A02002070B50446204600F05FF805468F
:108EC000002D59D1207803284FD1607901284CD149
:108ED0000203002104F13000FFF720FA552184F845
:108EE0002E12AA2184F82F12522084F83000522129
:108EF0003120015561213220015541213320015596
:108F0000722184F8141284F81512412184F8161283
:108F1000612184F81712217C84F81812208A010A32
:108F200084F819122069010C84F81A122069010EC4
:108F300084F81B12217B84F81C12A089010A84F892
:108F40001D12E068010C84F81E12E068010E84F81E
:108F50001F12E069401CE0626078012304F13001D7
:108F6000E26AFDF79BFA00206071607800221146EA
:108F7000FDF75FFA00B10125284670BD70B50446C3
:108F80002079F8B1E56A607801232A4604F13001BE
:108F9000FDF784FA08B1012070BD00202071206A1D
:108FA000281AA16988420DD2E67809E0A069054433
:108FB000607801232A4604F13001FDF76FFA761E2E
:108FC000022EF3D20020E7E770B505462C464CB1DF
:108FD000206838B12068007820B12068C088A18856
:108FE000884201D0092070BD21684878FDF74FFA0A
:108FF00000F0010008B10320F5E70020F3E710B509
:10900000FBF78CFD00F054F810BD000008B50121FD
:109010001D20F9F7D1FD4FF48070ADF8000003205A
:109020008DF8020004208DF8030069461948F8F70E
:109030006FFC8020ADF8000003208DF802001020A6
:109040008DF8030069461448F8F762FC4020ADF83B
:10905000000003208DF8020010208DF803006946FF
:109060000D48F8F755FC0420ADF8000003208DF8FA
:10907000020010208DF8030069460848F8F748FC04
:10908000042006491031086040200349086180200F
:10909000086108BD0008014000100140000C0140BB
:1090A000402002490861802048617047001001405B
:1090B00070B5012000F04CF80546C5F30315082DE6
:1090C00013D2DFE805F00406080A0C0E12100BA4F8
:1090D0000DE00CA40BE00DA409E00EA407E00FA422
:1090E00005E010A403E011A401E012A400BF00BF3A
:1090F000214612A0FCF7A2F9E8B270BD56533130F8
:109100003031000056533130313100005653313088
:109110003032000056533130303300005653313076
:10912000353300005653313033330000565331315C
:1091300030330000756E6B6E6F770000BDE2C2EBDE
:10914000D0BEC6ACD0CDBAC5203A2025730D0A00DA
:1091500070B5054600F0CAF808B1002070BD0020C7
:1091600000F020F80320FAF751FF2846FAF74EFFE7
:10917000FF20FAF74BFF0402FF20FAF747FF2044D5
:1091800084B2012000F00EF82046E7E704480068AA
:1091900000F4807008B9002070470120FCE700004F
:1091A0000808014018B94021034A516102E04021FA
:1091B000014A1161704700000010014018B9802178
:1091C000034A516102E08021014A116170470000A9
:1091D0000010014010B504460CB9FE2406E0FF2C37
:1091E00001D1002402E0C4F1FE00C4B244EA04212B
:1091F0000B2000F093F810BD70B5002500BF09E00A
:10920000681CC0B20546052803DA0120F8F72EF9DC
:1092100000E006E02A480068012121EA1020002829
:10922000EED000BF4AF6AD31082000F077F845F2E5
:10923000AA51092000F072F80820FFF789FF0646BE
:109240000920FFF785FF04464AF6AD30864203D178
:1092500045F2AA50844205D01AA0FCF7EFF8FBF7BC
:109260005DFCCCE70020FAF7D1FE002512E040F6C5
:109270000401002000F052F800BF114800680121ED
:1092800021EA10200028F8D02846691CCDB2052814
:1092900000DD06E00020FFF75BFF40F60401884296
:1092A000E5D100BF4FF44041032000F037F800BF84
:1092B00003480068012121EA10200028F8D070BD81
:1092C00008080140546865726520697320736F6DEA
:1092D000657468696E672077726F6E67207769744E
:1092E00068205653313078780A000000002106E0EB
:1092F0000848006800F4807000B103E0491C06488B
:109300008142F5D300BF0448814201D30120704758
:109310000020FCE70808014000093D0070B5054643
:109320000C46FFF7E3FF00B170BD0020FFF73AFFE6
:109330000220FAF76BFE2846FAF768FE2012FAF7C9
:1093400065FEE0B2FAF762FE0120FFF72BFF00BFD7
:10935000EAE770B504460D460020FFF72FFF03E053
:1093600014F8010BFAF752FE281EA5F10101CDB247
:10937000F6D10120FFF722FF70BD0000434890F8AE
:109380002A0000285CD1414890F82900012819D111
:109390003F480078012804D140F6B8303B49486284
:1093A00073E03B48007802286FD13A48007820B13A
:1093B0004FF4C8703549486267E04FF47A7033491A
:1093C000486262E0314890F82900022819D13048FB
:1093D0000078012804D140F6B8302C49486254E0A6
:1093E0002B480078022850D12B48007820B14FF448
:1093F000C8702649486248E04FF47A7023494862B1
:1094000043E0224890F8290004283ED12048007803
:10941000012804D16FF00F001C49486235E01C4858
:109420000078022831D11B48007820B14FF4C87071
:109430001649486229E04FF47A701449486224E0E2
:1094400013480078012804D16FF00F000F494862DB
:109450001BE00F480078022817D10C4890F82B0029
:1094600078B10C48007820B16FF00F0007494862CE
:109470000BE04FF47A7005494862002081F82B0018
:1094800003E06FF00F00014948627047F0020020CE
:109490008E0200208B0200208A02002017480068FC
:1094A000012121EA10101649087008464078097811
:1094B00088421ED01248007868B11148C078401C1C
:1094C000C0B20F49C870042816DB084600784870FF
:1094D0000020C87010E00A48C078401CC0B208499B
:1094E000C870152808DB0846007848700020C8704E
:1094F00002E000200249C87070470000080C0140DB
:10950000108500203030302E3030312E3030322E69
:109510003030332E3030342E3030352E3030362E41
:109520003030372E3030382E3030392E3031302E2A
:109530003031312E3031322E3031332E3031362E23
:109540003031352E3031362E3031372E3031382E05
:109550003031392E3032302E3032312E3032322E00
:109560003032332EC0A801ACC0A80101FFFFFF00BC
:109570000000E70900E71300E71600E72100E723F2
:1095800059E70000E70900E71300E71600E72100AC
:10959000E72359E71201000200000040830420572E
:1095A00000020102030109022000010100C032098A
:1095B000040000020806500407058102400000076D
:1095C000050202400000040309042603530054006E
:1095D0004D006900630072006F0065006C0065005B
:1095E0006300740072006F006E0069006300730016
:1095F0002603530054004D003300320020004D007C
:109600006100730073002000530074006F0072004B
:1096100061006700650010035300540020004D00F6
:10962000610073007300000400020001800040002C
:10963000200010000800040002000000008000402C
:109640000020001000080040002000100008000466
:109650000002000046525F544F4F5F4D414E595F2C
:109660004F50454E5F46494C4553A3BAB5B1C7B0BC
:10967000B4F2BFAAB5C4CEC4BCFECAFDB4F3D3DAFB
:109680005F46535F534841524500000046525F57C2
:10969000524954455F50524F544543544544A3BA30
:1096A000CEEFC0EDC7FDB6AFB1BBD0B4B1A3BBA484
:1096B0000000000046525F4F4BA3BAB3C9B9A600E1
:1096C00046525F494E56414C49445F4452495645C3
:1096D000A3BAC2DFBCADC7FDB6AFBAC5CEDED0A758
:1096E0000000000046525F494E56414C49445F4FCE
:1096F000424A454354A3BACEC4BCFEBBF2D5DFC434
:10970000BFC2BCB6D4CFF3CEDED0A70046525F496D
:109710004E56414C49445F504152414D455445528B
:10972000A3BAB2CECAFDCEDED0A7000046525F4D2E
:109730004B46535F41424F52544544A3BAD3C9D319
:10974000DAB2CECAFDB4EDCEF3665F6D6B667328F8
:1097500029B1BBD6D5D6B90046525F54494D454FC5
:109760005554A3BAD4DAB9E6B6A8B5C4CAB1BCE4B4
:10977000C4DACEDEB7A8BBF1B5C3B7C3CECABEED5F
:10978000B5C4D0EDBFC9000046525F455849535497
:10979000A3BACEC4BCFED2D1BEADB4E6D4DA0000CA
:1097A00046525F4E4F5F50415448A3BAC2B7BEB64F
:1097B000B2BBB4E6D4DA000046525F4E4F5F464972
:1097C0004C45A3BACEC4BCFEB2BBB4E6D4DA0000AA
:1097D00046525F494E545F455252A3BAB6CFD1D4D8
:1097E000CAA7B0DC0000000046525F4E4F5F4649FA
:1097F0004C4553595354454DA3BAC3BBD3D0D3D0D2
:10980000D0A7B5C4464154BEED00000046525F44A7
:1098100049534B5F455252A3BAB5D7B2E3D3B2BC5A
:10982000FEB4EDCEF300000046525F4E4F545F523F
:1098300045414459A3BACEEFC0EDC7FDB6AFC3BB97
:10984000D3D0B9A4D7F7000046525F44454E4945EE
:1098500044A3BAD3C9D3DABDFBD6B9B7C3CECABB0A
:10986000F2D5DFC4BFC2BCD2D1C2FAB7C3CECAB12F
:10987000BBBEDCBEF800000046525F4C4F434B4578
:1098800044A3BAD3C9D3DACEC4BCFEB9B2CFEDB2C9
:10989000DFC2D4B2D9D7F7B1BBBEDCBEF80000003E
:1098A00046525F4E4F545F454E41424C4544A3BA29
:1098B000BEEDD6D0CEDEB9A4D7F7C7F800000000C1
:1098C00046525F4E4F545F454E4F5547485F434F9A
:1098D0005245A3BACEDEB7A8B7D6C5E4B3A4CEC46A
:1098E000BCFEC3FBB9A4D7F7C7F8000046525F49D6
:1098F0004E56414C49445F4E414D45A3BACEDED051
:10990000A7CEC4BCFEC3FB002899000800000020BD
:10991000D0020000BE020008589A0008D0020020C1
:1099200068A900006C54000841D4E8030113B49600
:1099300014080C981408D0971B0828081AB8081A9D
:10994000A0041AEC0C1A48041A880C1AE4241A8C85
:10995000041AC0041AA0141AE8141A2C041A580481
:109960001A78101AC0042A54481910100B2F737952
:10997000732F302E6D7033390B1E312E7761760BBD
:109980001D6F756E640D4918390DAA320DAA330D7D
:109990003A340D3184A24A0468090102030406071F
:1099A00008090C6910053A020406083580020220F5
:1099B0002D574C482001180E53504920466C6173B6
:1099C000684469736B1046312E3020036206627062
:1099D00002150A3987021002141A03531254124D49
:1099E000123312321231021130134D150C18086364
:1099F00024040A155520230301136522140871213C
:109A00001B0861081A6304134D201B0815101AFD6A
:109A1000081AC1041AAD041AD5044132402938CBC2
:109A2000AD23482A8D3C590C1ADD1C13949533083C
:109A3000121AA60832201AC60832041ACA08322698
:109A40005AF00813740133201A131696730810196C
:089A500093012E043C03030303
:0400000508000131BD
:00000001FF
