:020000040800F2
:1000000040AC002045010008692400087D1B000861
:10001000F1230008E10500087D4B00080000000006
:10002000000000000000000000000000B93A0008D5
:100030008514000800000000B5260008754500087A
:100040005F0100085F0100085F0100085F01000810
:100050005F0100085F0100085F0100085F01000800
:100060005F0100085F0100085F0100085F010008F0
:100070005F0100085F0100085F0100085F010008E0
:100080005F0100085F0100085F0100087D4800086B
:10009000D54800085F0100085F01000879150008D5
:1000A0005F0100085F0100085F0100085F010008B0
:1000B0005F0100085F0100085F0100085F010008A0
:1000C0005F0100085F0100085F0100085F01000890
:1000D0005F010008A14600085F0100085F010008F9
:1000E0005F0100085F0100085F0100085F01000870
:1000F0005F0100085F0100085F0100085F01000860
:100100005F0100085F0100085F0100085F0100084F
:100110005F0100085F0100085F0100085F0100083F
:100120005F0100085F0100085F0100085F0100082F
:10013000DFF80CD000F092F800480047E980000892
:1001400040AC00200648804706480047FEE7FEE72F
:10015000FEE7FEE7FEE7FEE7FEE7FEE7FEE7FEE777
:10016000F14500083101000840EA01039B0703D074
:1001700009E008C9121F08C0042AFAD203E011F8E6
:10018000013B00F8013B521EF9D27047D2B201E0A8
:1001900000F8012B491EFBD270470022F6E710B58C
:1001A00013460A4604461946FFF7F0FF204610BDE5
:1001B00010B5002200E0521C835C8C5CA34201D18C
:1001C000002BF8D1D8B2E1B2401A10BD30B50446C8
:1001D0000020034600E05B1C934203D2E05CCD5C50
:1001E000401BF8D030BD034611F8012B00F8012B5D
:1001F000002AF9D1184670472DE9F05F0546002026
:1002000092469B4688460646814640241BE0284687
:1002100041464746224600F042F853465A46C01A25
:10022000914110D311461846224600F029F82D1AA4
:1002300067EB01084F4622460120002100F020F81C
:1002400017EB00094E41201EA4F10104DFDC4846F3
:1002500031462A464346BDE8F09F0000064C074D54
:1002600006E0E06840F0010394E807009847103486
:10027000AC42F6D3FFF760FF009A0008209A00080E
:10028000202A04DB203A00FA02F100207047914056
:10029000C2F1200320FA03F3194390407047202A4B
:1002A00004DB203A21FA02F00021704721FA02F320
:1002B000D040C2F12002914008431946704770B502
:1002C0008C1810F8015B15F0070301D110F8013B01
:1002D0002A1106D110F8012B03E010F8016B01F888
:1002E000016B5B1EF9D12B0705D40023521E0DD4E0
:1002F00001F8013BFAE710F8013BCB1A921C03E02E
:1003000013F8015B01F8015B521EF9D5A142D8D365
:10031000002070BD21B1826842F00102826003E0DA
:10032000826822F0010282607047000000B585B04B
:100330000121480202F08EFC0020009001208DF87F
:1003400004008DF805004FF4602002900020039017
:1003500001208DF810006946144800F05FF805236D
:1003600001220921114800F087F801210F4800F00F
:100370001FF801210D48FFF7CDFF0C4800F0D8F819
:1003800000BF0A4800F040F80028FAD1074800F002
:10039000DFF800BF054800F029F80028FAD1012154
:1003A000024800F0CAF805B000BD0000002401407A
:1003B00021B1826842F48072826003E0826822F494
:1003C000807282607047000008B50121082002F0A9
:1003D00041FC0220ADF8000000208DF803006946C2
:1003E000014801F099FA08BD000C014001460020C7
:1003F0008A6802F004020AB1012000E00020704780
:100400000146C86C80B27047014600208A6802F03D
:1004100008020AB1012000E00020704730B5024612
:100420000020002350680F4C20400D790C6844EAEE
:1004300005242043506090680B4C2040D1E90254C1
:100440002C434D7944EA450420439060D06A20F45F
:1004500070000C7C641EE4B2234340EA0350D06277
:1004600030BD0000FFFEF0FFFDF7F1FF10B5FFF714
:10047000ABFFFFF75BFF10BDF0B504460D46002053
:100480000021092D11DDE068A5F10A0606EB4607FB
:10049000072606FA07F18843A5F10A0606EB460689
:1004A00003FA06F10843E0600CE0206905EB45071C
:1004B000072606FA07F1884305EB450603FA06F11D
:1004C00008432061072A0FDA606B561E06EB860789
:1004D0001F2606FA07F18843561E06EB860605FA24
:1004E00006F10843606322E00D2A0FDA206BD61F65
:1004F00006EB86071F2606FA07F18843D61F06EB90
:10050000860605FA06F10843206310E0E06AA2F1CE
:100510000D0606EB86071F2606FA07F18843A2F1AF
:100520000D0606EB860605FA06F10843E062F0BD0B
:10053000816841F008018160704721B1826842F40E
:10054000A002826003E0826822F4A0028260704709
:10055000816841F0040181607047000010B50748D0
:10056000FFF74EFF044606480088844201DD044838
:10057000048001210148FFF7E0FF10BD0024014085
:10058000CC020020F8B507460C4615466B462A46B5
:100590002146024806F0C6FF0646F8BD5C1300205F
:1005A00010B5044624B1012C07D0022C15D10AE065
:1005B0001021012003F042FB10E04FF48051022093
:1005C00003F0E4FA0AE01021012003F037FB4FF4B6
:1005D0008051022003F0DAFA00E000BF00BF10BD36
:1005E00000BFFEE70146CAB20B1243EA0220704781
:1005F00010B5002404E0A748005DA7490855641C15
:10060000A64800888442F6D3A3484068A4494860BD
:10061000A14880688860A14800881F280FD0022068
:10062000FFF7BEFF00209C490860487B1A22052185
:1006300003F0C8FB0021012003F0A6FB10BD964883
:10064000C07B282803D09448C07B2A2816D1924822
:10065000407C01069048807C41EA00418E48C07C85
:1006600041EA00208C49097D08438E4908608A4888
:10067000C17D807D41EA00208B4908608648006882
:100680008A4988426FD18448407B894909688842F9
:1006900007D88148807B012803DB7F48807B1028B6
:1006A0000DDD0220FFF77CFF7B49487B24220521DA
:1006B00003F088FB0021012003F066FBE8E07648A8
:1006C000C07B25285FD01BDC15286FD00EDC0828E6
:1006D0006DD006DC00285BD0032830D0042867D119
:1006E00076E00A2873D01228F9D12DE01A380A28AA
:1006F0005ED2DFE800F0392EB17D33B1B1B1B14344
:100700008A286FD00EDC552867D006DC282844D014
:100710002A284ED02F28E2D154E05A2829D0882800
:10072000DDD176E0A8286DD004DC8F286FD09E281C
:10073000D5D173E0AA287BD0AF28D0D182E056492A
:10074000487B03F0EDF895E05349487B02F0D4FF75
:1007500090E05149487B03F0F7F88BE04E49487B25
:1007600003F0F2F886E086E04B49487B03F00EF890
:1007700080E04949487B02F0FFFF7BE04649487B27
:1007800003F090F876E04449487B03F045F871E0C7
:100790004149487B03F0E0F86CE03F49487B42491F
:1007A0000A684049096802F0FBFF63E01BE024E0AF
:1007B00052E03949487B3C490A683A49096803F0E4
:1007C00007F957E03449487B03F0E2F852E02AE0A9
:1007D0003149487B02F072FF4CE02F49487B02F020
:1007E000A9FF47E029E02C49487B02F0A3FF41E044
:1007F0002949487B02F09EFF3CE02749487B02F0F4
:1008000099FF37E02449487B02F094FF32E01EE074
:100810000EE02149487B02F08DFF2BE01E49487B0A
:1008200002F088FF26E01C49487B02F083FF21E0AC
:100830001949487B02F07EFF1CE01749487B02F013
:1008400079FF17E01449487B02F074FF12E0124967
:10085000487B02F06FFF0DE00220FFF7A1FE0E497A
:10086000487B2022052103F0ADFA0021012003F08E
:100870008BFA00BF0CE00220FFF792FE0649487B8E
:100880002022052103F09EFA0021012003F07CFACA
:1008900000BFD3E690840020D08400206A010020AD
:1008A000F08400206C010020700100205553424369
:1008B000E400002010B5002449E047F6FF70294904
:1008C00008602948008800F00F0028490870084691
:1008D0000078274901EB8000D0F8000C84B204F4C2
:1008E0000040C8B12148007801EB8000D0F8000C2E
:1008F000C0F30E0048F68F7108401C4909781C4A65
:1009000002EB8101C1F8000C18490978491E194A07
:1009100052F8210080471AE004F08000B8B1134873
:100920000078134901EB8000D0F8000C48F60F71F5
:1009300008400E4909780E4A02EB8101C1F8000C0B
:100940000A490978491E0C4A52F821008047054897
:10095000006880B20449088000F400400028ACD14F
:1009600010BD0000445C00409001002064020020A3
:1009700000500040B00100209401002008B5002084
:10098000009022E19748008800F00F009649087017
:100990000846007800287CD1944800689449088073
:1009A0000846008800F0300092490880904800888E
:1009B00000F440508E4908808C4909684BF6BF729C
:1009C00001EA020080F4005080F0200040F4004171
:1009D00041F08001854A11608248008800F01000D3
:1009E00090BB1046006848F60F7108401146086039
:1009F00001F0D4F97D4909684BF6BF7201EA0200A3
:100A00007B49098801F4805109B180F4805078490C
:100A1000098801F4005109B180F400507549098832
:100A200001F0100109B180F010007249098801F04D
:100A3000200109B180F0200081B241F4004141F071
:100A400080016A4A116008BDFFE76848006880B20B
:100A50000090BDF8000000F40060B0B36348006887
:100A6000C0F30E0048F68F7108406049086003F03B
:100A7000AFF95E4909684BF6BF7201EA02005C49B2
:100A8000098801F4805109B180F4805058490988DF
:100A900000E056E001F4005109B180F400505549DE
:100AA000098801F0100109B180F01000514909884E
:100AB00001F0200109B180F0200081B241F4004131
:100AC00041F08001494A1160BDE7FFE7BDF8000031
:100AD00000F40040002878D044480068C0F30E00BD
:100AE00048F68F7108404149086001F0A7FD3F4971
:100AF00009684BF6BF7201EA02003D49098801F41A
:100B0000805109B180F480503949098801F40051BD
:100B100009B180F400503749098801F0100109B18A
:100B200080F010003349098801F0200109B180F0FC
:100B3000200081B241F4004141F080012B4A116054
:100B400081E7294800782C4901EB8000D0F8000C9F
:100B500080B20090BDF8000000F40040C0B122480F
:100B6000007801EB8000D0F8000CC0F30E0048F6CE
:100B70008F7108401C4909781F4A02EB8101C1F8B6
:100B8000000C19490978491E1C4A52F82100804777
:100B9000BDF8000000F08000B8B113480078164995
:100BA00001EB8000D0F8000C48F60F7108400E49A8
:100BB0000978114A02EB8101C1F8000C0A49097851
:100BC000491E0F4A52F82100804708484430006807
:100BD00080B20449088000F4004000287FF4D2AEBF
:100BE00000BF30E79001002064020020005C00405C
:100BF000780200207A02002000500040B00100205E
:100C00009401002010B54348807F98B100204149ED
:100C100088774148006802F0EEFC05F0ADF8044624
:100C20003C48007CA04205D03A4804740120394970
:100C3000487488733948407858B101203549487361
:100C40000846807BA8B100208873887B08F036FBBB
:100C50000FE03048407B60B100202E4948730846C1
:100C6000407E30B10846C07F18B100212C4805F005
:100C7000FBFC2848407B50B12648807B002848D0A8
:100C8000002024498873887B08F018FB41E0254840
:100C9000007840B10020234908701E498873887B82
:100CA00008F00CFB35E02048007802280ED11F48E0
:100CB000007801280AD11D4800781D49097888422A
:100CC00027D01A4800781A49087022E000201849F5
:100CD00008701848006800F0080068B10D48807B73
:100CE0000C49097C884214D00A48007C0949887361
:100CF000887B08F0E3FA0CE00648807B0549C97B55
:100D0000884206D00348C07B02498873887B08F07C
:100D1000D5FA10BDFC020020C40200202885002066
:100D200084230020060000208F020020A002002063
:100D3000AF000020080801400B4A02EB8001D1F807
:100D4000001C01F4804171B102EB8001D1F8001C5C
:100D500048F68F7211404CF280021143024B03EBB4
:100D60008002C2F8001C7047005000400B4A02EBA2
:100D70008001D1F8001C01F0400171B102EB80014B
:100D8000D1F8001C48F68F72114048F2C00211439E
:100D9000024B03EB8002C2F8001C70470050004079
:100DA000084A02EB8001D1F8001C48F68F6211401E
:100DB00048F280021143034B03EB8002C2F8001C8F
:100DC000704700000050004010B503E04FF47A7007
:100DD00000F05AFB02F0FCF80128F7D110BD08B56D
:100DE0004FF4407001F07AFB25208DF800000320BD
:100DF0008DF8010000208DF8020001208DF803001D
:100E0000684601F033FB08BD10B586B02BA30FCBAD
:100E100001AC0FC400222DA12D4806F03BF9044679
:100E20002CB12C4850F824102BA004F0F5FA30A077
:100E300005F061FD04461CB92FA004F0EDFA10E0A6
:100E4000082C06D1234850F8241030A004F0E4FA0E
:100E500007E0204850F8241032A004F0DDFA06B074
:100E600010BD0A2201A9364806F042F904462CB109
:100E7000184850F8241033A004F0CEFA01A936A087
:100E800004F0CAFA05AB302237492D4806F04AFB78
:100E900004462CB10F4850F8241034A004F0BCFADA
:100EA00037A004F0B9FA264805F0CEFB002207A1CE
:100EB000104606F0EFF8044600BFD0E72F737973B1
:100EC0002F436F6E6669672E696E6900303A0000C5
:100ED0002C03002014000020B9D2D4D8CEC4BCFE0C
:100EE000CFB5CDB3CAA7B0DC20282573290D0A00E1
:100EF0002F73797300000000665F6D6B6469722068
:100F00002F737973204F6B0D0A0000002F737973D4
:100F100020C4BFC2BCD2D1BEADB4E6D4DA2825739A
:100F2000290D0A00665F6D6B646972202F737973F7
:100F300020CAA7B0DC20282573290D0A0000000074
:100F40005C130020CEC4BCFEB4F2BFAACAA7B0DCBA
:100F500020282573290D0A00BFAACABCD0B4CEC46C
:100F6000BCFE2025730D0A005C960008CEC4BCFEB2
:100F7000D0B4CAA7B0DC20282573290D0A000000D0
:100F8000CEC4BCFED0B4B3C9B9A60D0A000000009F
:100F9000F0B589B005460E461746002219A11A4839
:100FA00006F078F804462CB1184850F8241018A020
:100FB00004F032FA1CA102A806F04CF904463CB138
:100FC000124850F8241019A004F026FA09B0F0BD18
:100FD0000A2229461B4806F08BF8044601AB3A4624
:100FE0003146184806F09EFA044624B9294616A050
:100FF00004F012FA03E0294618A004F00DFA00BF2D
:10100000E4E70000303A00002C0300201400002028
:10101000B9D2D4D8CEC4BCFECFB5CDB3CAA7B0DC4C
:1010200020282573290D0A00303A2F00B4F2BFAAF8
:10103000B8F9C4BFC2BCCAA7B0DC20282573290DEB
:101040000A0000005C130020257320CEC4BCFED033
:10105000B4C8EBB3C9B9A60D0A000000257320CEB1
:10106000C4BCFED0B4C8EBCAA7B0DC0D0A000000B7
:101070002DE9F0472848006800F110052E88264821
:101080000068077AD6B9042F18D1244800780128BF
:101090000FD100212248006880B2801C214A42F80A
:1010A000101030202049088000BF00201B49087024
:1010B00003E0072710201C49088027E0AC88A642DF
:1010C00001D8042000E002200746B44200D934468B
:1010D000A0B2A96888478046002000F017FD81462D
:1010E000A2B24946404603F04BFDA1B2002002F0F7
:1010F00097FD2888001B288068882044688030205D
:101100000949088000020949088000BF02490968AE
:101110000F72BDE8F0870000680200207E02002008
:10112000505C0040006000407A02002078020020FD
:101130002DE9F0412848006800F110042688A068D5
:10114000C0B1BEB1A588B54200D93546A8B2A168E4
:10115000884707462088401B20806088284460809C
:10116000002000F0B1FC8046AAB24146384601F0AA
:101170008DFA00BF208850B14FF4405017490880C5
:101180000021084602F04CFD3020154908802088D7
:10119000A188884204DB03200F490968087218E01F
:1011A0002088002804DD05200B490968087210E03A
:1011B000208870B90620084909680872002109488A
:1011C000006880B2801C084A42F8101030200449A0
:1011D0000880BDE8F081000068020020780200204D
:1011E0007A020020505C0040006000402DE9F84F7A
:1011F0009B48006845780027BA46062D1BD19848C1
:101200000068007800F07F00002813D19449096835
:101210008878012803D193490968CF690AE0022838
:1012200003D1904909680F6A04E0032802D18D496F
:1012300009684F6A94E0002D64D1894800684088AD
:1012400000285FD186480068C08802285AD18448A7
:1012500000680079002855D181480068007800F0C6
:101260007F0028B97E480068808808B97E4F77E003
:101270007B480068007800F07F00012810D1784991
:1012800009684879774909688A69002190470028E8
:1012900066D173480068807A002861D0724F5FE0A1
:1012A0006F480068007800F07F00022858D16C4831
:1012B0000068407900F00F0669480068407900F046
:1012C000700967480068407900F0800038B16749CC
:1012D00001EB8600D0F8000C00F0300806E063490E
:1012E00001EB8600D0F8000C00F44058604800780C
:1012F000B04235D9B9F1000F32D1B8F1000F2FD07B
:10130000594F2DE0082D07D155480068007800F0AE
:101310007F0028BB574F23E00A2D21D15048006899
:10132000007800F07F0001281AD14D480068807ACB
:10133000B0B14B480068408890B9494800680079CE
:1013400070B947480068C088012809D14449096834
:101350004879444909688A690021904700B9464F95
:1013600057B13F480068A0F812A03D480068876167
:101370000020B84700240FE0394A12685078394AF3
:101380001268116988470446032C05D109203449A5
:1013900009680872BDE8F88F31480068008A4FF686
:1013A000FF71884204D109202D4909680872F1E7CC
:1013B000022C03D02A480068008A20B90820284956
:1013C00009680872E6E726480068007800F08000A7
:1013D000E0B323480068C088009021480068008A74
:1013E0000099884204D91E4900980968088223E0C0
:1013F0001B480068008A1A490968C98888421BDAB4
:1014000017480068008A1749096891F82C1088422B
:1014100003DA0020194908700EE011480068008ABC
:101420001049096891F82C1090FBF1F201FB1200B1
:1014300010B90120114908700A48006890F82C1072
:10144000074800688182FFF713FE07E0FFE70320EB
:1014500003490968087200030949088000BF99E739
:10146000680200206C020020C942000800500040C1
:10147000CC0100204D4200089D4200087E02002061
:10148000780200207047000001B504490098086008
:1014900000BF024800680028FBD108BD08000020FA
:1014A00038B505462F480078401CC0B28DF80000C2
:1014B0002C484078401CC0B28DF801002948807843
:1014C000401CC0B28DF802002648C078401CC0B253
:1014D0008DF803006A460C21284603F055FF0122CF
:1014E0000021284603F018FF01221146284603F088
:1014F00013FF0520FFF7C8FF0321284601F018FF5E
:10150000132806D010220121284603F005FF0020F1
:1015100038BD04220121284603F0FEFE00BF00244E
:101520000221284601F004FF044624B1224602218C
:10153000284603F0F1FE0520FFF7A6FF04F008009F
:10154000082801D10020E3E70621284601F0F0FE3B
:10155000FF2806D010220121284603F0DDFE0120DD
:10156000D6E7DCE77C97002010B500F0A1FE10BDA7
:1015700010B500F0D7FE10BD10B5202000F010F817
:1015800028B1012002498877202000F003F810BD1F
:10159000FC0200200149086070470000140401406B
:1015A000014600200022074B1B6803EA0102054B9D
:1015B00014331B680B4013B10AB1012000E0002076
:1015C0007047000000040140002123498279002A6D
:1015D0003AD00A46126803689A430B461A600A1DFD
:1015E000126803689A430B1D1A60027911440A6855
:1015F00003681A430A60184A0832126803689A435B
:10160000154B08331A601A1D126803689A43124B6F
:101610000C331A604279102A0ED11A1F126803681F
:101620001A430D4B08331A601A1D126803681A43D7
:10163000094B0C331A600DE00749427911440A68DE
:1016400003681A430A6005E0027911440A680368D6
:101650009A430A60704700000004014004200B49CF
:10166000C96801F0010109B101200EE00749C9680C
:1016700001F0040109B1022007E00449C96801F042
:10168000100109B1032000E004207047002002404F
:1016900000200449C96901F0020109B1012000E0FC
:1016A00000207047002002400348006940F080009D
:1016B00001490861704700000020024030B505462E
:1016C00004244FF4302000F05BF80446042C41D190
:1016D000214822498860224888600846006940F015
:1016E000200008610846006940F0400008614FF49E
:1016F000302000F045F80446042C22D11748006938
:1017000041F6DF710840154908610846006940F05C
:10171000100008611DB100201249088002E0A520D8
:10172000104908804FF4302000F02AF80446052CB8
:1017300010D00A48006941F6EF7108400749086176
:1017400008E0052C06D00548006941F6DF71084025
:1017500002490861204630BD230167450020024050
:10176000AB89EFCD00F8FF1F0248034948600348EA
:10177000486070472301674500200240AB89EFCDE8
:1017800000B502460423FFF769FF034603E0FFF7B5
:1017900065FF0346521E012B01D1002AF7D102B981
:1017A0000523184600BD000010B5044804F04CFFA6
:1017B000002203A1104605F06DFC10BD5C13002053
:1017C000303A000010B500221EA11F4805F062FC4F
:1017D000044634B11D4850F824101DA003F01CFE2F
:1017E00005E01A4850F824101FA003F015FE4FF42E
:1017F0008052002113A005F02FF9044634B113489C
:1018000050F824101EA003F007FE05E00F4850F822
:10181000241020A003F000FE00220AA1104605F0CB
:1018200039FC044634B1094850F824101EA003F0D6
:10183000F3FD05E0054850F8241021A003F0ECFD6D
:1018400010BD0000303A00002C03002014000020DE
:10185000B9D2D4D8CEC4BCFECFB5CDB3CAA7B0DC04
:1018600020282573290D0A00B9D2D4D8CEC4BCFED5
:10187000CFB5CDB3B3C9B9A620282573290D0A0069
:10188000B8F1CABDBBAFCAA7B0DC20282573290DAB
:101890000A000000B8F1CABDBBAFB3C9B9A6202881
:1018A0002573290D0A000000D0B6D4D8CEC4BCFEE2
:1018B000CFB5CDB3CAA7B0DC20282573290D0A0007
:1018C000D0B6D4D8CEC4BCFECFB5CDB3B3C9B9A6BB
:1018D00020282573290D0A0030B500228B071C0F24
:1018E0000F2303FA04F20B4B8C1053F8243093436C
:1018F000084C8D1044F8253023468C1053F82430C2
:101900008C07240F00FA04F42343024C8D1044F892
:10191000253030BD080001402DE9F0410246002588
:101920000026002000230024002791F803C00CF0BB
:101930000F0591F803C00CF0100CBCF1000F03D0A0
:1019400091F802C04CEA050591F800C0BCF1000F07
:1019500031D0146800202BE04FF0010C0CFA00F39A
:10196000B1F800C00CEA03069E4220D183004FF07C
:101970000F0C0CFA03F7BC4305FA03FC4CEA040411
:1019800091F803C0BCF1280F06D14FF0010C0CFAFE
:1019900000FCC2F814C00AE091F803C0BCF1480F83
:1019A00005D14FF0010C0CFA00FCC2F810C0401C2D
:1019B0000828D1D31460B1F800C0BCF1FF0F34DDAA
:1019C000546800202EE000F1080C4FF0010808FADE
:1019D0000CF3B1F800C00CEA03069E4221D183004B
:1019E0004FF00F0C0CFA03F7BC4305FA03FC4CEA6A
:1019F000040491F803C0BCF1280F05D100F1080CD4
:101A000008FA0CF8C2F8148091F803C0BCF1480F32
:101A100007D100F1080C4FF0010808FA0CF8C2F8E1
:101A20001080401C0828CED35460BDE8F08100002F
:101A3000F0B50A46002300240021002500F00046EE
:101A4000B6F1004F02D11D4EF16901E01B4E7168E5
:101A5000C0F3034583B200F44016B6F5401F08D129
:101A600021F07061154E766826F07066134F7E6027
:101A700012E000F48016B6F5801F06D1032606FAA0
:101A800005F4A14341F0706106E0460D360103FA0A
:101A900006F6B14341F0706122B1460D360103FAFA
:101AA00006F6314300F00046B6F1004F02D1034E76
:101AB000F16101E0014E7160F0BD000000000140E5
:101AC000416170470161704701460548006880B276
:101AD00000EBC100001D034A32F8100080B27047CD
:101AE000505C00400060004001460648006880B23B
:101AF00000EBC100801D044A32F81000C0F3090059
:101B000070470000505C00400060004001460548FE
:101B1000006880B200EBC100034A32F8100080B2C6
:101B200070470000505C004000600040014629B949
:101B30000120034A12681082002070470148FCE728
:101B400068020020E400002070B50A480468001D07
:101B50000568001D0668344454B108220649204631
:101B600000F09EF9042204491031284600F098F94B
:101B700070BD0000E8F7FF1F7601002000BFFEE700
:101B800021B1028842F48062028004E002884FF6AC
:101B9000FF331A400280704770B5024600240025CA
:101BA00000230020958A138B1B0445EA030626F0C8
:101BB0007F4404EA01068E4201D1012000E00020AA
:101BC00070BD21B1028842F00102028004E0028867
:101BD0004FF6FE731A400280704721B1028842F42A
:101BE0008072028004E002884FF6FF631A40028090
:101BF000704721B1028842F40072028004E002883A
:101C00004FF6FF531A40028070470CB50246002081
:101C100000230193009300920B0F019321F07F4169
:101C2000019B1BB1009B1433009303E0090C009B44
:101C300018330093009B1B680B400BB1012000E0A0
:101C400000200CBD2DE9F04385B004460D4600266A
:101C5000B1460427DFF8CC80A6884FF6C070064056
:101C6000684601F011F8DDF808802F48B8FBF0F065
:101C70001FFA80F946EA0906A68020884FF6FE7111
:101C80000840208000262949286888420CD8286806
:101C90004000B8FBF0F087B2042F00DA04273E437F
:101CA00009F10100208427E0E8884BF6FF718842A3
:101CB00006D1286800EB4000B8FBF0F087B209E0DD
:101CC000286800EBC00101EB0010B8FBF0F087B210
:101CD00047F48047C7F30B0008B947F0010747F402
:101CE000004006434FF4967009FB00F04FF47A7100
:101CF00090FBF1F0401C2084A683208840F0010076
:101D0000208026884FF6F5300640A8886989084368
:101D100006432680A88929890843208105B0BDE8AB
:101D2000F083000000127A0040420F00A0860100FC
:101D30000146088AC0B2704712B141F0010102E0C9
:101D40004FF6FE7319400182704701827047000010
:101D50004CF6CC400149086070470000003000405C
:101D600010B500F001F810BD4AF6AA20014908603C
:101D70007047000000300040014948607047000093
:101D8000003000400149886070470000003000408A
:101D900001490860704700000030004010B5184845
:101DA0000068047A022C01D0042C05D1FFF760F9F9
:101DB00013480068047A1CE0062C19D1104800680A
:101DC000407805280ED10E480068007800F07F00AA
:101DD00040B90B490968C87801F078FE09490968DB
:101DE000086A80470849096888688047082400E035
:101DF0000824034909680C7200F05EFD10BD000064
:101E000068020020740200206C02002000B585B03A
:101E10000121052000F01EFF0121880300F01AFFB8
:101E20004FF40070ADF8100018208DF81300032057
:101E30008DF8120004A91848FFF76EFD4FF480607A
:101E4000ADF8100004208DF8130004A91248FFF724
:101E500063FD4FF4E13000900020ADF80400ADF8D0
:101E60000600ADF80800ADF80C000C20ADF80A0033
:101E700069460A4802F07CFC012240F225510748DD
:101E800002F051FC0121054802F017FC40210348F3
:101E900002F00AFC05B000BD000801400038014016
:101EA00030B50B46002100BF16E00A24B4EB107FCA
:101EB00005D9302404EB107403F8114005E04124E7
:101EC00004EB10740A3C03F81140000100254C009B
:101ED000641C1D554C1CE1B29142E6DB30BD000094
:101EE00010B508210148FFF7EDFD10BD000C0140C1
:101EF00010B508210148FFF7E3FD10BD000C0140BB
:101F000001782A4A11704178517081789170C178B6
:101F1000D17001791171427924494A7182798A71AB
:101F2000C279CA71017A214A1172427A1F494A72F2
:101F3000827A8A72C27ACA7202211D4A1170002105
:101F40009174032182F8241082F8361082F8481028
:101F500082F85A1082F86C1082F87E1041F28831B3
:101F600091804A1C1249CA82521C0A850C210F4AD0
:101F7000117329220D494A73AB228A737C22CA73DA
:101F800000220A7401224A740021094A5170002279
:101F90000749CA7481F825200021054A9170002262
:101FA00003490A7581F82620704700007C970020BD
:101FB0008E97002010B50446242221460148FEF7E2
:101FC000D3F810BDEC33002070B5044600259CB951
:101FD00006F0CCFC094988420DD14FF480600849D5
:101FE00008608000074908600548006809684843A0
:101FF0000549086000E00125284670BD1840EF0043
:10200000E0000020DC000020D80000202DE9F04195
:1020100005460F4616461C4614B90020BDE8F0815F
:1020200025B922463946304606F070FC0020F5E717
:102030002DE9F04105460F4616461C4614B901200D
:10204000BDE8F08125B922463946304606F072FDDA
:102050000020F5E770B505460024144800680078B4
:1020600000F07F00212810D1FE2D0ED10F4800680E
:10207000408850B90D480068808830B90B48006826
:10208000C088012801D10A4C01E0022070BD0CB9C2
:102090000220FBE7054800688461002103480068CE
:1020A00041820020A0470020F0E7000068020020E5
:1020B0002D1B000810B504460249204602F0DCF84A
:1020C00010BD00002C02002010B504460249204635
:1020D00002F0D2F810BD00002402002070B50546C1
:1020E00006480068C478052C01DD002070BD044856
:1020F00000EBC401284602F0BFF8F7E768020020B1
:10210000340200200246002901DD02207047002A27
:1021100001DD0220FAE70020F8E7000010B50446D0
:1021200011480068007800F07F0021281AD1FF2CA8
:1021300018D10D4800684088A0B90B480068808815
:1021400080B909480068C08860B90120FEF70EFE1A
:102150000220FEF7F1FD0548054908600020054909
:10216000087010BD0220FCE768020020555342436E
:10217000D08400206801002010B500203249887208
:102180003248C079324909684872002001F096FC53
:102190004FF40071002001F071FD2021002001F0BA
:1021A0004DFD1821002001F0B9FC2A4890F82C10B0
:1021B000002001F0C5FC5821002001F021FD002085
:1021C000FEF7EEFD002001F001FD0021012001F0ED
:1021D00055FD9821012001F013FD2021012001F07F
:1021E0002DFD0021012001F0D1FC0021022001F091
:1021F00045FDD821022001F091FC164890F82C10E2
:10220000022001F09DFC4FF44051022001F0BEFC81
:102210000021022001F012FD0E4890F82C10002041
:1022200001F08EFC002001F0D1FC002001F04EFCFA
:102230000120094908600948094908600020094946
:10224000087002F04BFB10BD008500209E96000830
:1022500068020020D00100205C0200205553424358
:10226000D0840020680100207047704710B5FFF748
:102270006BFC002005490968887200F041FB02F000
:1022800035FB00200249086010BD000068020020F4
:102290005C02002010B5044800680449884202D05E
:1022A0000220FEF77DF910BDD08400205553424333
:1022B00010B518480078022810D003281DD0042833
:1022C00002D0052823D100E000BF0020114908708A
:1022D0004FF44051022001F059FC19E00E48C07B38
:1022E000282808D10C49487B0C490A680C49096820
:1022F00001F056FA00BF00BF0AE00121002001F002
:1023000043FD4FF44051022001F040FC00E000BFCB
:1023100000BF10BD68010020D084002070010020A3
:102320006C01002010B51D48C47B1D49022002F03D
:10233000EFFA1C4908801C48007810B101281CD114
:1023400002E0FEF755F926E02A2C08D11349487B14
:1023500016490A681649096801F03AFB1BE001209A
:10236000FEF71EF90D49487B2422052101F02AFDC4
:102370000021022001F008FD0DE00220FEF710F917
:102380000649487B2422052101F01CFD0021022082
:1023900001F0FAFC00BF00BF10BD0000D084002097
:1023A000908400206A010020680100207001002054
:1023B0006C01002010B508480068807A58B10520EB
:1023C000064908600120FEF7D1FC0220FEF7B4FCAC
:1023D00000200349087010BD680200205C02002044
:1023E0006801002004200149086070475C02002059
:1023F00000BFFEE738B506F03DFFF8B16B4620227E
:102400000F49104804F05DFF04466CB10E490FA05F
:1024100003F002F80B4804F017F900200A49487647
:1024200000F04AF9012038BD009808B90120FAE708
:1024300006F0AAFE2021024807F005F80020F2E786
:102440001074002084230020FC0200206661696C67
:10245000656420746F20726561642046696C652034
:102460003A2025730D0A00007047704770B50021AF
:1024700000230F22C47804B3154C246804F4E064EC
:10248000C4F5E064210AC1F10403CA40447804FAA7
:1024900003F184781440214309010E4C0678A155BC
:1024A000047804F01F050124AC4005786D11AD00DF
:1024B00005F1E025C5F8004109E0047804F01F05A6
:1024C0000124AC40044D0678761145F8264070BDD5
:1024D0000CED00E000E400E080E100E0024901438F
:1024E000024A1160704700000000FA050CED00E0A0
:1024F00010B50446201201F0BBFDE0B201F0B8FDBA
:1025000010BD000070B50226474800684478464870
:102510000068007800F07F00002844D1092C03D126
:1025200001F052FF06465FE0052C14D13E480068DA
:10253000C0787F280BDC3C480068807838B93A487E
:102540000068808818B938480068807A08B1082582
:1025500065E0002648E0032C0ED133480068C078BF
:10256000012807D130480068808818B901F050FF71
:10257000064639E0022637E0012C35D12A480068AA
:10258000C07801280DD128480068808848B92648BD
:102590000068407A00F0200018B101F0A1FD064665
:1025A00022E0022620E020480068007800F07F004A
:1025B000012805D10B2C17D101F0A6FF064613E028
:1025C00019480068007800F07F0002280BD1012C28
:1025D00003D101F085FD064606E0032C04D101F08D
:1025E0002BFF064600E002264EB1E0B20F4A126809
:1025F000516988470646032E01D109250FE00EB127
:1026000008250CE0062500210948006880B2801CDE
:10261000084A42F8101030200749088000BF0249DC
:1026200009680D7270BD0000680200206C02002075
:10263000505C0040006000407A02002010B5114854
:102640000068047A022C01D0042C01D1082412E085
:10265000032C01D0052C05D1FEF76AFD094800685E
:10266000047A08E0072C05D107490968C868804743
:10267000082400E00824034909680C7200F01CF9E2
:1026800010BD0000680200206C020020F0B5561C4E
:102690007510074E06EB41042B4605E034F8047B29
:1026A00020F8017B401C5B1E002BF7D1F0BD000021
:1026B000006000407047000010B51548006880F0C9
:1026C00008001349086006F00BFE002211A1124811
:1026D00004F0E0FC04462CB1104850F8241010A07F
:1026E00002F09AFE01221449144804F001FD044648
:1026F00024B1114912A002F08FFE10BD0E4915A0A1
:1027000002F08AFE01200C49487600BFF5E7000080
:102710000C0C0140303A00002C0300201400002073
:10272000B9D2D4D8CEC4BCFECFB5CDB3CAA7B0DC25
:10273000282573290D0A0000FC02002084230020B4
:10274000B4F2BFAA2573CEC4BCFECAA7B0DC0D0A82
:10275000000000004E6F7720506C61793A2573219C
:102760000D0A000010B54C48407E00282CD04A4885
:10277000C07F0028FAD0FFF73DFE00286ED0464803
:10278000C07E00285AD0444890F82D0001284BD133
:102790000020414981F82D0040480078012819D1D6
:1027A000084690F8290001280FD1002081F8280060
:1027B0000D213948FDF7F1FC374991F8280005F063
:1027C00011FC01203449887664E00020324981F808
:1027D00028005FE031480078022810D101202E49FE
:1027E00081F828000D212C48FDF7D7FC2A4991F8E3
:1027F000280005F0F7FB0120274988764AE02748A2
:102800000078002846D10320234981F828000D21B3
:102810002148FDF7C2FC204991F8280005F0E2FBB1
:1028200001201D49887635E000211D4803F01CFF7A
:1028300000201949C877012008622BE0184803F0EE
:1028400003FF002014494876C87701200862154824
:10285000006880F00800134908601BE001200E4961
:10286000C8770846007FA8B100200877C876C877E7
:102870000B4803F0E9FE0020074948760948006844
:1028800080F008000749086001200349086206A09B
:1028900002F0C2FD10BD0000FC0200208F020020EB
:1028A000842300200C0C014053746F7020506C6125
:1028B000793A2573210D0A0010B50D4890F82C10B7
:1028C000002001F03DF90B480068007A082805D186
:1028D000400209490880102008490880054800681E
:1028E000007A092801D1012010BD0020FCE700007A
:1028F000D001002068020020780200207A02002027
:1029000010B5012001F0AAFF01240B48046000204B
:102910000A49088008460088074908600020091D08
:1029200008604FF4E05005490880084600880249D5
:102930000860002010BD0000405C004072020020D2
:102940002DE9F0410446B349204600F06BFC804677
:10295000002C7DD1AF48007A55287AD1AD48407A15
:10296000BB28FAD1AB480078AB490978884230D10E
:10297000A8484078A849497888422AD1A548807853
:10298000A5498978884224D1A248007804EBC40183
:10299000A24A02EB410108739E48417804EBC4004F
:1029A00002EB400041739B48817804EBC40002EBCA
:1029B000400081739748C17804EBC40002EB4000EB
:1029C000C17341F66C6004EBC40102EB4101088263
:1029D0001DE0FF2004EBC401904A02EB41010873A3
:1029E000FF2104EBC40002EB4000417304EBC40080
:1029F00002EB4000817304EBC40002EB4000C173A2
:102A000041F66C6004EBC40102EB410108825520E1
:102A100083490870CC2048707F48007888707E48D1
:102A20004078C8707C48807808717B48C0784871CD
:102A300079480079887178484079C87176488079FA
:102A400008727548C07948727348007A887201E04C
:102A500057E022E07048407AC8726F48807A087365
:102A60006D48C07A487301F10E0005F0BFF90020EF
:102A70006B498874022508E06948807C6849495D93
:102A8000084467498874681C85B2122DF4DB132250
:102A90006349204602F090FBBAE05E48007A552870
:102AA000FAD15C48407ADD28F6D100270A2505E0F6
:102AB0005848405D3844C7B2681C85B2162DF7DB14
:102AC0005448807DB842E7D10C22002151480A3099
:102AD00002F040FAFEF778F9552051490870EE20CF
:102AE000487041F66C6004EBC4014C4A02EB4101B2
:102AF000088202224A49204602F05EFB02F042F9B7
:102B000086E0012CC8D14748006880F0080045499C
:102B1000086008F0FF013F4800F04AFC0646012E1D
:102B20000FD14F203E4908704B20487002222046AA
:102B300002F042FB3B48006880F008003949086019
:102B400066E0022E25D13220354908706020487099
:102B50000D213348801CFDF720FB04203049C87349
:102B60000120087400204874012088740020C87473
:102B700008754875AA208875CC20C875182220468B
:102B800002F01AFB2748006880F008002549086019
:102B90003EE0032E3CD1322021490870602048706D
:102BA0000D211F48801CFDF7F8FA03201C49C8734B
:102BB0000120087400204874012088740020C87423
:102BC0002B200875002048751748006800F013FD99
:102BD000134916480268C1F8162082884A83807912
:102BE0000877242212490E481D30FDF7BDFAAA20AD
:102BF0000B4981F84100CC2081F842004322204655
:102C000002F0DAFA0748006880F008000549086019
:102C1000BDE8F0811E9800207C9700208E97002050
:102C20001EA000200C0C0140C4020020BC020020A9
:102C3000EC33002029B1064AD2690243044BDA6121
:102C400004E0034AD2698243014BDA617047000015
:102C50000010024029B1064A92690243044B9A616E
:102C600004E0034A92698243014B9A617047000075
:102C7000001002400348406A40F0807001494862F9
:102C8000704700000010024030B5002100220024EF
:102C900000232D4D6D6805F00C0121B1042905D0EC
:102CA000082923D105E0294D056022E0274D056064
:102CB0001FE0254D6D6805F47012234D6D6805F415
:102CC0008034022505EB92421CB9214D5543056025
:102CD0000BE01D4D6D6805F400351DB11C4D5543CD
:102CE000056002E0194D5543056002E0174D05608F
:102CF00000BF00BF144D6D6805F0F0010909154DC6
:102D00006B5C0568DD4045600F4D6D6805F4E06162
:102D1000090A104D6B5C4568DD4085600A4D6D68A1
:102D200005F46051C90A0B4D6B5C4568DD40C56018
:102D3000054D6D6805F44041890B074D6B5CC56816
:102D4000B5FBF3F5056130BD0010024000127A00BA
:102D500000093D00C4000020D400002010B5014649
:102D60000022002300204A11012A02D1094C2368C5
:102D700006E0022A02D1074C236A01E0054C636A8F
:102D800001F01F02012494401C400CB1012000E01E
:102D9000002010BD001002402DE9F04106460F460C
:102DA00015461C4600BF4FF400313348FEF72DFF97
:102DB0000028F8D101213048FEF7E2FE01212E481B
:102DC000FEF70BFF00BF2D492B48FEF7E5FE00285C
:102DD000F9D0002231462848FEF7AEFF00BF28494F
:102DE0002548FEF7D9FE0028F9D039462248FEF7DB
:102DF000ACFF00BF2249891C1F48FEF7CDFE00280A
:102E0000F8D001211C48FEF7E8FE00BF1B491A4814
:102E1000FEF7C2FE0028F9D0012231461648FEF71F
:102E20008BFF00BF1549491C1348FEF7B5FE00286B
:102E3000F8D018E0012C07D100210F48FEF7A0FEC2
:102E400001210D48FEF7D5FE00BF0C493F310A486D
:102E5000FEF7A2FE0028F8D00748FEF769FF05F844
:102E6000010B601EC4B2002CE4D101210248FEF720
:102E700087FE0120BDE8F0810054004001000300FE
:102E8000820007002DE9F04105460F4614461E4614
:102E900001212248FEF7A1FE00BF21491F48FEF78D
:102EA0007BFE0028F9D0002229461C48FEF744FF8B
:102EB00000BF1C491948FEF76FFE0028F9D03946BB
:102EC0001648FEF742FF00BF1649891C1348FEF75B
:102ED00063FE0028F8D00CE021781048FEF735FF9B
:102EE00000BF1049891C0D48FEF756FE0028F8D097
:102EF000641C301EA6F10101CEB2EDD101210748BC
:102F0000FEF777FE00BF0548008800F40070B0F5BA
:102F1000007FF8D00020BDE8F081000000540040A0
:102F2000010003008200070010B500220721DE2007
:102F300000F008F810BD10B510220721DE2000F0C7
:102F400001F810BD70B504460E46154601211D4816
:102F5000FEF743FE00BF1C491A48FEF71DFE00287D
:102F6000F9D0002221461748FEF7E6FE00BF1749B8
:102F70001448FEF711FE0028F9D031461148FEF73B
:102F8000E4FE00BF1149891C0E48FEF705FE00282B
:102F9000F8D029460B48FEF7D8FE00BF0B49891C24
:102FA0000848FEF7F9FD0028F8D001210548FEF792
:102FB00020FE00BF0348008800F40070B0F5007FD9
:102FC000F8D070BD005400400100030082000700EB
:102FD00010B500F01DF858B108A002F01DFA0B481A
:102FE000FEF78EFF09480C30FEF7E4FF012010BD0C
:102FF000FEF7E8FBFDF708FF0020F8E7BCD3D4D8C4
:10300000C5E4D6C3B2CECAFD0D0A000010340020BC
:1030100038B5002221A1224804F03CF805462DB124
:10302000204850F8251020A002F0F6F9012224A132
:10303000274804F05DF8054655B126A002F0ECF9EA
:10304000002216A1104604F025F80546002038BDE0
:103050006B46302227491E4804F033F90546009894
:10306000302810D124A002F0D7F9002405E021482F
:10307000015D29A002F0D0F9641C00988442F6D3C7
:103080000EA002F0C9F9124803F0DEFA002203A1F3
:10309000104603F0FFFF05460120D8E7303A000054
:1030A0002C03002014000020B9D2D4D8CEC4BCFE1A
:1030B000CFB5CDB3CAA7B0DC282573290D0A00000F
:1030C0002F7379732F436F6E6669672E696E69007F
:1030D0005C130020446F6E27742046696E6420469E
:1030E000696C65203A20436F6E6669672E696E6968
:1030F0000D0A0000103400200D0A2F7379732F433E
:103100006F6E6669672E696E6920CEC4BCFEC4DA34
:10311000C8DD203A200D0A0025303278200000005A
:1031200070B506460C4615463548007860B93548F6
:103130000068604334490860324800686843334996
:10314000086001202E4908702D480078012844D1DC
:103150002F480068B0B92B48008883B22D4A2A480E
:1031600001683046FEF752FF40222A49812001F0D3
:10317000E6FB24480068403825490860402026497D
:10318000086011E02348244A1268811840228120F7
:1031900001F0D5FB1E48006840381D4908601E48F4
:1031A000006840301C4908604021012000F038FDD3
:1031B0003021012000F042FD1348006840301249E0
:1031C0000860124800684038104908601348806859
:1031D000403812498860FEF78BFE0C48006870B9D1
:1031E00000200B4908600C4908600749086003206B
:1031F0000B490870002002490870FEF771FE70BD8F
:10320000F8000020DC000020FC000020000100206D
:10321000E800002090740020EC000020F0840020E2
:10322000680100202DE9F04780460D4626214046E2
:1032300000F09AF8064616B90020BDE8F08740F283
:10324000B450864200DD06462821404600F08CF846
:103250000746B946C7F30A0710202949486138468E
:10326000FFF746F9182101EB4811C8B200F000FF42
:10327000B819B0F5006F0BDA002406E0002000F06A
:10328000F7FE28706D1C601C84B2B442F6DB24E0AB
:10329000C7F5006087B2002406E0002000F0E8FED9
:1032A00028706D1C601C84B2BC42F6DB10201449EF
:1032B000086148610020FFF71BF9182101EB481154
:1032C000C8B200F0D5FE06E0002000F0D1FE287064
:1032D0006D1C601C84B2B442F6DB10200849086102
:1032E00009EB06001FFA80F94A462821404602F001
:1032F0002FF840220121404602F00EF830469CE7AC
:103300000010014070B5044610200849486120466D
:10331000FFF7EEF8012000F0ABFE002000F0A8FE61
:103320000546102001490861284670BD0010014083
:1033300070B504460D4610200A4948612846FFF73B
:10334000D7F8082101EB4411C9B241F0010000F0A7
:103350008FFE002000F08CFE064610200149086117
:10336000304670BD0010014070B504460E46102076
:103370000E4948613046FFF7BBF8082101EB4411C4
:10338000C9B241F0020000F073FE002000F070FEB0
:1033900005464FF6FF7000EA0525002000F068FEA4
:1033A0000543102001490861284670BD0010014006
:1033B00070B504460D4670480460006800783228F5
:1033C0007ED16D480068407868287AD16A480068E4
:1033D000C07B0228F4D168480068408A012833D1B4
:1033E00065480168891C6548FCF7FDFE6248006875
:1033F000008A6249C88160480068408A08825E4845
:103400000068808A48615C480068018A5CA002F01C
:1034100003F85F4859498861574909688A8A5749BA
:103420008869554909681631FCF79EFE52480068C4
:10343000808A524948820120C861564981F82E008D
:1034400000204876086275E04B480068418A4B4886
:10345000008A401C81426DD147480168891C474859
:10346000FCF7A6FE002865D143480068408A43491E
:1034700008820846406940490968898A08443F49EA
:10348000486189693D4B5B8AC8183B4909688A8A4B
:10349000394909681631FCF767FE3848408A3649D1
:1034A0000968898A0844354948820846408AB0F547
:1034B000804F18DB0846008A102809DC084601E026
:1034C00057E039E04FF480428169FDF761FD05E086
:1034D0002A484FF480428169FDF754F800202749BB
:1034E0004882FEF73DFC01202449C861294981F842
:1034F0002E002248008A2149C98988421AD11F48D2
:10350000408A70B11D48008A102805DC1B48428A99
:103510008169FDF73DFD04E01848428A8169FDF7A5
:1035200031F8FEF741F90D211448FCF736FE1AA0D8
:1035300001F072FF012070BD0F48006840786028DC
:1035400017D10D480068C07B012801D10320F2E7A4
:1035500009480068C07B02280BD12B22064801686D
:1035600016311148FCF700FE01200A494877022075
:10357000E1E70020DFE700000C000020DC02002073
:10358000B7D6B0FCD7DCCAFD20282564290D0A0077
:1035900010340020FC020020CEC4BCFEB4ABCAE450
:1035A000CDEAB3C90D0A0000AC33002010B580226B
:1035B0000C21DE20FFF7C6FC00220D21DE20FFF7E4
:1035C000C1FC00220E21DE20FFF7BCFC00220F21EF
:1035D000DE20FFF7B7FC00221021DE20FFF7B2FC4F
:1035E00000221121DE20FFF7ADFCC0220821DE20E1
:1035F000FFF7A8FC10BD10B50446072322460021A2
:10360000DE20FFF7C9FBA07800F07F00A07010BD9E
:1036100010B50446A07840F08000A070FFF78BFC46
:10362000072322460021DE20FFF72CFCFFF77CFC5D
:1036300010BD00002DE9F04107460C4616461D4618
:1036400070191B490968884213D92A2C02D102201B
:10365000FCF7A6FF0020FCF7A3FF21220521384636
:1036600000F0B0FB0021012000F08EFB0020BDE83F
:10367000F08110488168104800686843814214D086
:103680002A2C03D10220FCF78BFF02E00020FCF77C
:1036900087FF0849487B2422052100F093FB002185
:1036A000012000F071FB0020E1E70120DFE70000CE
:1036B000E0000020D0840020DC00002010B504468B
:1036C0002046FEF781FC68B10A49487B3A22022174
:1036D00000F078FB0121084600F056FB0020FCF7C3
:1036E0005FFF10BD05F08AF80121002000F04CFBBF
:1036F00000BFF6E7D084002070B506460A48007C7B
:1037000000F0010010B1094D052408E0084D0648FD
:10371000C07C242802DC0448C47C00E02424214628
:10372000284600F0A1FF70BDD08400200C010020CD
:103730001101002010B504460E48806818B9002019
:10374000FCF72EFF0BE00B48007B00F0800018B167
:103750000020FCF725FF02E00220FCF721FF0549CD
:10376000487B2022052100F02DFB0021012000F0E4
:103770000BFB10BDD084002010B504460821024880
:1037800000F072FF10BD00003901002010B50446A2
:103790000421024800F068FF10BD00003501002040
:1037A00070B506460C4615461948007820BB1949E5
:1037B000487B2B4622462821FFF73CFF00B970BD0D
:1037C0001448007B00F0800040B1022010490870CE
:1037D0002A4621463046FFF7A3FC0CE00220FCF706
:1037E000DFFE0C49487B2422052100F0EBFA012181
:1037F000084600F0C9FAE2E705480078022804D13B
:103800002A4621463046FFF78BFC00BFD7E7000071
:1038100068010020D084002010B504462046FEF741
:10382000D3FB68B11B49487B3A22022100F0CAFA57
:103830000121084600F0A8FA0020FCF7B1FE10BDF7
:1038400015480068401E000E1449087012480068B0
:10385000401E000C487010480088401E000A887006
:103860000D480078401EC8700D480068000E0871B1
:103870000B480068000C487109480088000A8871EC
:1038800007480078C8710821044800F0EDFE00BF29
:10389000D5E70000D0840020E00000205301002084
:1038A000DC00002010B504462046FEF78DFB68B111
:1038B0001749487B3A22022100F084FA0121084688
:1038C00000F062FA0020FCF76BFE10BD11480068A2
:1038D000000E114908710F480068000C48710D482E
:1038E0000088000A88710B480078C8710B4800688E
:1038F000000C487209480088000A8872074800785E
:10390000C8720C21044800F0AFFE00BFDDE70000E4
:10391000D0840020E00000205B010020DC000020BB
:1039200070B505460648C07C122802DC0448C47CF9
:1039300000E012242146034800F096FE70BD00000E
:10394000D08400204101002010B504460121002050
:1039500000F01AFA10BD000010B504462046FEF72C
:1039600033FB68B10949487B3A22022100F02AFA68
:103970000121084600F008FA0020FCF711FE10BDF6
:103980000121002000F000FA00BFF8E7D0840020F9
:1039900010B504460D48806848B90C48007C00F01A
:1039A000040020B90121002000F0EEF90CE0022013
:1039B000FCF7F6FD0549487B2422052100F002FAB8
:1039C0000021012000F0E0F910BD0000D0840020AB
:1039D00070B506460C4615461948007820BB1949B3
:1039E000487B2B4622462A21FFF724FE00B970BDF2
:1039F0001448007B00F0800040B901201049087095
:103A00004FF44051022000F0C1F80CE00020FCF718
:103A1000C7FD0C49487B2422052100F0D3F9002181
:103A2000012000F0B1F9E2E705480078012804D14F
:103A30002A462146304601F02BFB00BFD7E70000A5
:103A400068010020D084002021B1028842F04002A9
:103A5000028004E002884FF6BF731A40028070476C
:103A60000246002013890B400BB1012000E000202A
:103A700070470146888970478181704710B50022E0
:103A8000028802F441520B884C8823438C882343DC
:103A9000CC8823430C8923434C8923438C892343BB
:103AA000CC8923431A430280838B4FF2FF74234057
:103AB00083830B8A038210BD704700004FF6F871B4
:103AC0000140014A11607047505C004030B501462A
:103AD0000F4B1A78002014E003060E4C04EB9353AE
:103AE000D3F8003C48F68F74234048F28004234307
:103AF000C4B223430406074D05EB9454C4F8003CBC
:103B0000401C9042E8D341F08003034C236030BD59
:103B1000CC010020005000404C5C004010B54A1021
:103B20005300054A126892B202EBC002121D034C08
:103B300044F8123010BD0000505C004000600040AE
:103B400010B502460F48006880B200EBC200801D2D
:103B50000D4C04EB40033E290BDD481101F01F041E
:103B60000CB9441EA0B24FF4004444EA80241C6007
:103B700007E0481001F001040CB1441CA0B284021B
:103B80001C6010BD505C00400060004030B50E4C21
:103B900004EB8003D3F8003C4BF68F7403EA040275
:103BA00001F480530BB182F4805201F400530BB145
:103BB00082F4005242F4004343F08003024D05EBCF
:103BC0008004C4F8003C30BD0050004010B50B4BE1
:103BD00003EB8002D2F8002C4BF68F7302EA03014C
:103BE00081F4805181F4005141F4004242F080029E
:103BF000024C04EB8003C3F8002C10BD00500040C1
:103C000010B54A105200044B1B689BB203EBC00373
:103C1000024C44F8132010BD505C0040006000408E
:103C2000044A126892B202EBC002921C024B43F8A3
:103C300012107047505C00400060004030B50E4CE0
:103C400004EB8003D3F8003C48F6BF7403EA040297
:103C500001F010030BB182F0100201F020030BB150
:103C600082F0200242F4004343F08003024D05EB52
:103C70008004C4F8003C30BD0050004010B5074B34
:103C800003EB8002D2F8002C48F68F131A400A4347
:103C9000024C04EB8003C3F8002C10BD0050004020
:103CA00010B500F001F810BD0CB500200190009097
:103CB0003348006840F480303149086000BF304824
:103CC000006800F4003000900198401C01900098BA
:103CD00018B90198B0F5A06FF1D12948006800F437
:103CE000003010B10120009001E000200090009809
:103CF000012843D12348006840F0100021490860A2
:103D00000846006820F0030008600846006840F09C
:103D1000020008601A48406819494860084640682F
:103D200048600846406840F4806048600846406843
:103D300020F47C1048600846406840F4E810486071
:103D40000846006840F08070086000BF0C480068BA
:103D500000F000700028F9D00948406820F0030006
:103D6000074948600846406840F00200486000BFCC
:103D70000348406800F00C000828F9D10CBD000091
:103D8000001002400020024070B505460C460A486B
:103D90000A490860084605730D22812000F0CFFD16
:103DA0000520074908702CB104200870302101203B
:103DB000FFF744FF70BD000055534253F0840020CC
:103DC00068010020014B99701A737047410100206F
:103DD00038B501242948006880B2001D284931F80F
:103DE000100080B201EB4000009026480068007A85
:103DF000092832D000980078224909680870009894
:103E0000401C0090009800781E490968487000988E
:103E1000401C0090009800EB44000090009931F89D
:103E2000020B0091FCF7DEFB1649096848800098F8
:103E300000EB44000090009931F8020B0091FCF770
:103E4000D1FB104909688880009800EB440000907D
:103E5000009800880B490968C88001200949096851
:103E6000087208480068C08810B9FEF74BFB01E0F3
:103E7000FDF7BCF9FEF720FD38BD0000505C0040A6
:103E8000006000406802002010B5002001F00AF830
:103E9000012001F007F800F085FF00243BE004EB6F
:103EA000C4001E4901EB4000807800F0010080B1A1
:103EB00004EBC40001EB4000807820F0010004EB2B
:103EC000C401164A02EB410188702046FEF738FD16
:103ED0001FE0134850F8240041F28831884218D37B
:103EE00004EBC4000D4901EB4000407803280CD1DD
:103EF00004EBC40001EB4000807820F0020004EBEA
:103F0000C401064A02EB410188700020044941F8CF
:103F10002400601CC4B2082CC1DB10BD8E970020A9
:103F200020A8002010B5044601220021204601F0FF
:103F3000F3F901221146204601F0EEF90520FDF7C4
:103F4000A3FA03212046FFF7F3F9132806D0102225
:103F50000121204601F0E0F9002010BD04220121DA
:103F6000204601F0D9F90120F7E7000010B504461A
:103F700040F2B4521221204601F0EAF904EBC400E9
:103F8000114901EB400082880421204601F0E0F94C
:103F900004EBC4000C4911F81000012812D104EB05
:103FA000C40001EB400042891021204601F0D0F905
:103FB00004EBC400044901EB4000821D0C212046A3
:103FC00001F0E2F910BD00008E97002010B5044604
:103FD00001220021204601F09FF9012211462046CE
:103FE00001F09AF90520FDF74FFA03212046FFF76B
:103FF0009FF9132806D010220121204601F08CF9E8
:10400000002010BD02220121204601F085F9052083
:10401000FDF73AFA03212046FFF78AF9142806D063
:1040200010220121204601F077F90020E9E7012064
:10403000E7E710B5044602220021204601F06CF9A2
:1040400001221146204601F067F90520FDF71CFA10
:1040500003212046FFF76CF9222806D01022012107
:10406000204601F059F9002010BD0120FCE70000B6
:1040700010B5044600BF02210A48FFF7F1FC0028F2
:10408000F9D021460748FFF7F7FC00BF012105489A
:10409000FFF7E6FC0028F9D00248FFF7EAFCC0B2BF
:1040A00010BD00000030014010B5044600BF0221E1
:1040B0000A48FFF7D5FC0028F9D021460748FFF74A
:1040C000DBFC00BF01210548FFF7CAFC0028F9D03E
:1040D0000248FFF7CEFCC0B210BD0000003800401F
:1040E0002DE9F04754480068007800F07F08B8F1E7
:1040F000000F0AD150480068407A00F0DF004E49B6
:10410000096848720020BDE8F087B8F1020F7CD141
:1041100049480068408818B947480068007908B1E4
:104120000220F0E7DFF8149143480068477927F050
:1041300080052C4640480068407900F0800038B186
:104140003F4901EB8400D0F8000C00F0300606E097
:104150003B4901EB8400D0F8000C00F4405699F87C
:104160000000A84204D91EB133480068807A08B91B
:104170000220C8E707F0800080B1314901EB8400DC
:10418000D0F8000C00F0300010284BD1E0B2FCF762
:10419000EDFDE0B23021FFF751FD43E0284901EB8E
:1041A0008400D0F8000C00F44050B0F5805F39D1A5
:1041B000E4B9244A92F82C10E0B2FFF7C1FC204A7F
:1041C00002EB8401D1F8001C4BF68F7201EA020069
:1041D00080F4805080F4005040F4004141F08001B0
:1041E000174B03EB8402C2F8001C1BE0E0B2FCF7A3
:1041F000A3FD134A02EB8401D1F8001C4BF68F7229
:1042000001EA020080F4805000E011E080F40050E8
:1042100040F4004141F08001094B03EB8402C2F8F5
:10422000001C00BF084909684869804700206AE708
:1042300000BF022067E7000068020020CC010020D8
:1042400000500040D00100207402002010B5044648
:104250002CB90120064909680882002010BD0549D3
:10426000096808688047024800680A30F6E70000DD
:10427000680200207402002010B50246064800685B
:10428000438A32B98888C01A034C246820820020EF
:1042900010BD08681844FBE76802002010B504460A
:1042A0002CB90120064909680882002010BD054983
:1042B000096888688047024800680C30F6E700000B
:1042C000680200207402002010B504462CB90220B8
:1042D000394909680882002010BD0020374908804C
:1042E00035480068007800F07F0018BB3249096843
:1042F000487A00F0200131B13049097841F00201DB
:104300002E4A117005E02D49097801F0FD012B4A74
:10431000117000F0400131B12849097841F00101E4
:10432000264A117005E02549097801F0FE01234A6B
:1043300011703AE020480068007800F07F00012802
:1043400001D11E48C8E71C480068007800F07F00D3
:10435000022828D1184A1268517901F00F0001F0A3
:1043600080027AB1164B03EB8002D2F8002C02F0E7
:104370003002102A16D1114A127842F001020F4B76
:104380001A700FE00E4B03EB8002D2F8002C02F4FF
:104390004052B2F5805F05D1084A127842F001021E
:1043A000064B1A7001E0002096E706490968086983
:1043B0008047024890E70000680200207C0200204D
:1043C000005000407402002010B50E480068C0780C
:1043D0000D494978884213DC0A480068807878B92A
:1043E00008480068808858B906480068C0780549C0
:1043F000096888720549096848688047002010BD2F
:104400000220FCE768020020CC010020740200209A
:1044100010B507480068407A40F020000449096858
:10442000487204490968C8698047002010BD00002F
:1044300068020020740200202DE9F0412E48006837
:10444000467926F080073C462B480068407900F00A
:10445000800038B1294901EB8400D0F8000C00F04D
:10446000300506E0254901EB8400D0F8000C00F48B
:10447000405523480078A04208D91F48006840886A
:1044800020B91DB11C480068807A10B90220BDE82F
:10449000F08106F08000A0B1184A02EB8401D1F847
:1044A000001C48F6BF7201EA020080F0100040F4E0
:1044B000004141F08001114B03EB8402C2F8001C63
:1044C00014E00E4A02EB8401D1F8001C4BF68F7207
:1044D00001EA020080F4805040F4004141F0800184
:1044E000064B03EB8402C2F8001C00BF05490968B3
:1044F000886980470020CAE7680200200050004019
:10450000CC0100207402002010B5174B1B68D9782D
:10451000154B1B685879154B1B689A6990470446E0
:1045200011480068807AE8B13CB90F48006800790A
:1045300018B90D480068807808B1022010BD8CB908
:104540000B490968C86880470748006840790649F0
:104550000968C87204480068C0780349096808738C
:104560000020EBE70220E9E7680200206C0200204F
:104570007402002000B501200249087000F068F8BC
:1045800000BD00000000002030B500BF15480068E5
:104590004FF47A72B0FBF2F1B1F1807F01D30120C8
:1045A0001DE021F07F40401E4FF0E0225061501787
:1045B0000F22002807DA13071D0E0B4B00F00F0423
:1045C000241F1D5503E013071C0E084B1C5400BF8D
:1045D00000204FF0E02290610720106100200028A9
:1045E000D4D130BDB000002018ED00E000E400E0C0
:1045F00010B51348006840F00100114908600846F2
:104600004068104908400E494860084600680E4955
:1046100008400B4908600846006820F480200860C4
:104620000846406820F4FE0048604FF41F00886090
:10463000FFF736FB4FF000600449086010BD000032
:10464000001002400000FFF8FFFFF6FE08ED00E05A
:104650000448006820B103480068401E0149086012
:10466000704700000800002070B505460C46224641
:104670002946812000F063F930210120FFF7DEFA9E
:1046800003200549087005488068001B03498860BD
:104690000020087370BD000068010020F084002035
:1046A00010B500F063F910BD01F40072B2F5007F9F
:1046B00000D100BFCA430280704721B1828942F411
:1046C0000052828104E082894DF6FF731A40828194
:1046D000704770B50246002400230025002040F6F4
:1046E0006A16B14200D100BFC1F3421501F01F03A9
:1046F000012606FA03F3012D02D19689334006E024
:10470000022D02D1168A334001E0968A33400C1202
:10471000012606FA04F41688344013B10CB10120C6
:1047200000E0002070BDF0B50346002400260025FF
:10473000002040F66A17B94200D100BF1846C1F305
:10474000421401F01F06012707FA06F5012C01D1DA
:104750000C3004E0022C01D1103000E014301AB10A
:1047600007682F43076002E00768AF430760F0BDAA
:104770002DE9F04786B005460E460024A24600BF4C
:10478000A1460027B08900B100BF2F462C8A4CF605
:10479000FF700440F08804432C82AC894EF6F3107D
:1047A0000440B08831890843718908430443AC81CF
:1047B000AC8A4FF6FF400440B0890443AC8201A8A4
:1047C000FEF762FA1F48874202D1DDF810A001E02F
:1047D000DDF80CA0A88900F4004040B10AEBCA0043
:1047E00000EB0A1031684900B0FBF1F807E00AEB72
:1047F000CA0000EB0A1031688900B0FBF1F86420B0
:10480000B8FBF0F004012009642101FB1089A8899C
:1048100000F4004040B1322000EBC900B0FBF1F0E1
:1048200000F00700044308E0322000EB0910642187
:10483000B0FBF1F000F00F0004432C8106B0BDE89E
:10484000F08700000038014001468888C0F3080066
:104850007047C1F3080282807047000010B504461B
:1048600024B101210448FDF72DF903E0012102489C
:10487000FDF726F910BD00000008014010B5FCF757
:1048800019F810BD10B50F4800680F490880084698
:10489000008800F400400D490988084008B1FCF781
:1048A0006DF80948008800F48060084909880840CC
:1048B00030B14FF6FF30034908600549486880472A
:1048C00010BD0000445C00409001002072020020F6
:1048D000D001002010B5FFF7D5FF10BD10B508219D
:1048E0000148FDF7EFF810BD000C0140002006491B
:1048F00008604FF4044005490880084600880249D2
:10490000091F086000207047445C004072020020CC
:104910002DE9F04104460E46002504F07F00FDF726
:10492000E3F8054604F07F00FDF7CEF807462A4677
:1049300039463046FDF7AAFE2846BDE8F0812DE94C
:10494000F04104460E46154604F07F00FDF7DEF800
:104950000746AAB23946304600F012F9A9B204F06F
:104960007F00FFF75DF90020BDE8F08110B54B49ED
:10497000086840F22551FFF7ACFE40B3474908688C
:10498000FFF762FFC4B2454880684449C98A44546D
:104990004248C08A401C80B24049C882C9898842C6
:1049A00002DB00203D49C8823C48408B3B49C98915
:1049B000884204DA3948408B401C384948833748DC
:1049C000806A18B13548816A2046884700BF33495C
:1049D000086840F22771FFF77CFE60B32F48808A99
:1049E00070B92E490022086840F22771FFF79BFE3C
:1049F0002A490122086840F22661FFF794FE4CE044
:104A0000264A5268254B5B8AD15C244A1068FFF71E
:104A100020FF2248408A401C80B220494882898970
:104A2000884202DB00201D4948821C48808A401EC3
:104A30001A49888231E01949086840F22661FFF777
:104A400048FE50B31548808A68B9144900220868A6
:104A500040F22661FFF767FE1048406AE8B10F494F
:104A6000486A804719E00D4A52680C4B5B8AD15C5A
:104A70000A4A1068FFF7EDFE0848408A401C80B2E1
:104A8000064948828989884202DB0020034948821E
:104A90000248808A401E0149888210BD3487002068
:104AA000F8B505460E462248006A10B12049086A4A
:104AB0008047002432E010E0012000F0CCFC1C48CC
:104AC000808A0090002000F0C6FC19488089BDF85B
:104AD0000010884200DD01E000BFEDE700BF285D67
:104AE00013494968124A128A8854012000F0B3FC25
:104AF0000F48008A401C80B20D490882898988428B
:104B000002DB00200A4908820948808A401C0849C3
:104B10008882002000F09FFC601C84B2B442CADB93
:104B200003490122086840F22771FFF7FCFDF8BD38
:104B30003487002001B501216846FFF7B1FF08BDA9
:104B40000A480B4908600B4848600B4888604FF4DE
:104B500080708881C881002008824882C8820883CA
:104B60004883888208624862886270470038014042
:104B700034870020348500203486002000BFFEE703
:104B8000F0B5144604F1010C4FEA6C07DFF824C0BD
:104B90000CEB41033D460AE00678401C90F800C04B
:104BA00046EA0C2223F8022B9B1C401C6D1E002D94
:104BB000F2D1F0BD0060004010B50024042012497D
:104BC00008601420FCF760FC802010490861402038
:104BD000086104200C49091F086004E0601CC4B28D
:104BE0000120FCF751FC0A48006800F4807008B905
:104BF000C82CF3DB1420FCF747FCC82C01DB012098
:104C000010BD0020FCE70000140C01400010014022
:104C1000080801401748007C18B900201549C873DE
:104C200024E01448406AB0F5487F13D3124A118833
:104C3000CA1701EBD26253110E4A127C323A1A445F
:104C400090B2FE2803DDFE210A4AD17301E0094A31
:104C5000D0730BE00748C07B40B90648007C502861
:104C600004DB0448007C50380249C8730020024924
:104C700008807047FC020020CC02002008B501210A
:104C80001920FDF7E7FF2020ADF8000003208DF884
:104C9000020010208DF8030069461248FCF73CFE24
:104CA0002020104948610120ADF8000003208DF854
:104CB000020004208DF8030069460B48FCF72CFE27
:104CC0001020ADF8000003208DF8020010208DF8B0
:104CD000030069460348FCF71FFE102001490861E4
:104CE00008BD000000100140000C014010B520205C
:104CF000054948613220FCF7C7FB202002490861C2
:104D0000C820FCF7C1FB10BD0010014010B5002405
:104D10008021002000F0D4FA0A20FCF7B5FB042221
:104D20001749012000F058FB04221549091D0520F0
:104D300000F052FB062212490831092000F04CFB1A
:104D400004220F49091F0F2000F046FB00BF0BE0B3
:104D500002221E21204600F0DFFA02221F212046F7
:104D600000F0DAFA601CC4B2082CF1DB4FF4FA61EF
:104D7000192000F0BBFA08211B2000F0A1FA10BD99
:104D80008097002010B5FFF7C1FF0020FCF788FBDB
:104D90000120FCF785FB0020FFF7E8F80120FFF772
:104DA000E5F810BD70B500BF1720FEF7ABFA064658
:104DB00006B970BD002469E00120A0403040012107
:104DC000A140884260D102212046FEF7B1FA054693
:104DD0002A460221204600F09FFA05F0010068B142
:104DE00004EBC4002E4901EB4000407840F0020083
:104DF00004EBC4012A4A02EB4101487005F00200AD
:104E000070B110220121204600F086FA2046FFF7FB
:104E1000ADF8002004EBC401214A02EB41014870C7
:104E200005F0100068B104EBC4001D4901EB40001F
:104E3000807840F0020004EBC401194A02EB410102
:104E4000887005F0040068B104EBC400144901EB5C
:104E50004000807840F0010004EBC401104A02EBEE
:104E60004101887005F0080070B110220121204630
:104E700000F052FA2046FFF779F8002004EBC40155
:104E8000074A02EB41014870601CC4B2082C93DB56
:104E90001720FEF737FA00B186E700BF89E7000068
:104EA0008E97002010B5044604EBC400284901EB9E
:104EB0004000407800284AD104EBC40011F81000EB
:104EC000B0B92046FFF752F82046FFF77FF80128D7
:104ED00006D104EBC4011E4A02EB4101487036E0E2
:104EE000002004EBC4011A4A02EB410148702EE095
:104EF00004EBC400164911F81000012813D1204614
:104F0000FFF710F8012806D104EBC401104A02EBA8
:104F1000410148701BE0002004EBC4010C4A02EB85
:104F20004101487013E02046FFF783F8012807D1BC
:104F3000032004EBC401064A02EB4101487006E07D
:104F4000002004EBC401024A02EB4101487010BD8D
:104F50008E970020F0B58DB005460F46164627A364
:104F60000FCB01AC0FC4002228A1294802F092F80F
:104F700004462CB1274850F8241027A000F04CFA22
:104F80002BA106A802F066F904463CB1214850F86E
:104F9000241028A000F040FA0DB0F0BD022201A9B3
:104FA0002A4802F0A5F8044624B101A928A000F07F
:104FB00033FAF1E73946254801F056FB05AB324696
:104FC0002946224802F0AEFA04463CB90598B042A0
:104FD00004D101A924A000F01FFA03E001A927A031
:104FE00000F01AFA194801F02FFB002207A1104621
:104FF00002F050F8044600BFCEE700002F7379732B
:105000002F436F6E6669672E696E6900303A000043
:105010002C03002014000020B9D2D4D8CEC4BCFE8A
:10502000CFB5CDB3CAA7B0DC282573290D0A00007F
:105030002F000000B4F2BFAAB8F9C4BFC2BCCAA70F
:10504000B0DC282573290D0A000000005C13002045
:10505000446F6E27742046696E642046696C652033
:105060003A2025730D0A0000257320CEC4BCFED063
:10507000B4C8EBB3C9B9A60D0A000000257320CE51
:10508000C4BCFED0B4C8EBCAA7B0DC0D0A00000057
:105090002DE9F04106460C4615463C48006800F1F3
:1050A00040073B48007860B93A48006860433A4995
:1050B000086038480068684338490860012034496E
:1050C00008703348007801284CD10020344908602A
:1050D00010E0334801680068401C314A10603148D4
:1050E000415C3148294A1268815428480068401CB4
:1050F0002649086025480068B842EAD32648006877
:105100002A49098808442449086024480068274936
:105110000988401A21490860084600681D49096845
:10512000B0FBF1F201FB120070B9002017490860D2
:105130001848008883B218480068164A1268811A15
:10514000194A3046FCF774FF1948806817490988E6
:10515000401A174988604FF440510220FEF716FDAF
:10516000FCF7C6FE0D48006818B112480078042804
:105170000AD10020054908600121FEF705FE002044
:1051800003490870FCF7ACFEBDE8F081F000002098
:10519000F8000020DC0000200401002008010020AD
:1051A000F400002090840020907400206A01002008
:1051B000F0840020680100202DE9F04705460E46E6
:1051C000904600212846FEF7B3F800F00F00222891
:1051D00014D005EBC500384901EB400000F10C028A
:1051E0000C21284600F0D0F805EBC500324901EB50
:1051F0004000028A1021284600F0AAF824212846FF
:10520000FEF7B2F80746B946C7F30A0710202B4944
:1052100048613846FDF76CF9102101EB4511C9B220
:1052200041F00400FEF724FF07EB0800B0F5006F23
:105230000ADA002405E016F8010BFEF719FF601CDE
:1052400084B24445F7DB24E0C7F5006087B2002450
:1052500005E016F8010BFEF70BFF601C84B2BC42A0
:10526000F7DB10201549086148610020FDF740F97F
:10527000102101EB4511C9B241F00400FEF7F8FE20
:1052800005E016F8010BFEF7F3FE601C84B24445FE
:10529000F7DB10200949086109EB08001FFA80F9C3
:1052A0004A462421284600F053F8202201212846AE
:1052B00000F032F8BDE8F0878E9700200010014022
:1052C00070B505460C461020074948612846FDF791
:1052D0000FF90520FEF7CCFE2046FEF7C9FE102090
:1052E0000149086170BD00000010014070B505461D
:1052F0000C461020074948612846FDF7F9F80620BA
:10530000FEF7B6FE2046FDF7F3F8102001490861CC
:1053100070BD00000010014070B504460D461646F1
:1053200010200A4948612846FDF7E2F8082101EB00
:105330004411C9B241F00500FEF79AFE3046FEF76F
:1053400097FE10200149086170BD00000010014067
:1053500070B504460D46164610200A494861284695
:10536000FDF7C6F8082101EB4411C9B241F006006F
:10537000FEF77EFE3046FDF7BBF8102001490861BC
:1053800070BD00000010014070B505460E46144681
:105390001020104948613046FDF7AAF8082101EBBA
:1053A0004511C9B241F00700FEF762FE14F8010B87
:1053B000FEF75EFE14F8010BFEF75AFE14F8010B1F
:1053C000FEF756FE14F8010BFEF752FE10200149BD
:1053D000086170BD001001402DE9F04107460C4600
:1053E000154610200B4948613846FDF781F8042026
:1053F000FEF73EFE002605E014F8010BFEF738FE2E
:10540000701C86B2AE42F7DB102002490861BDE88D
:10541000F0810000001001400FB4054B10B503A946
:10542000044A029800F01AF810BC5DF814FB000062
:10543000DD7D0008D802002002E008C8121F08C164
:10544000002AFAD170477047002001E001C1121F05
:10545000002AFBD1704780F3108870472DE9FF4F79
:105460008DB00F460546002606E025280BD0DDE965
:105470000F1290476D1C761C28780028F5D111B0CA
:105480003046BDE8F08F0024A246A1460122EC4937
:1054900000E0044315F8013F203B02FA03F0084204
:1054A000F7D128782A2810D06FF02F022878A0F1A1
:1054B0003001092914D80AEB8A0102EB410144F0BA
:1054C000020400EB010A6D1CF0E701CF5FEA000A5D
:1054D00003D544F40054CAF1000A44F002046D1CE0
:1054E00028782E2817D115F8010F44F004042A2833
:1054F0000ED06FF02F022878A0F1300109290AD8C8
:1055000009EB890102EB410100EB01096D1CF2E797
:1055100057F8049B6D1C28786C280FD006DC4C28AB
:1055200017D068280DD06A2814D104E0742810D050
:105530007A280FD10DE044F400140AE044F48014FA
:1055400001E044F440146978814202D104F58014EA
:105550006D1C6D1C2A786E2A1FD00CDC632A31D09A
:1055600004DC002A8BD0582A11D1A3E0642A68D029
:10557000692A0CD165E0732A2ED004DC6F2A73D01F
:10558000702A04D19BE0752A6FD0782A6ED010461D
:10559000DDE90F129047761C50E1C4F30250022857
:1055A00006D0032809D0042801CF09D0066045E1C0
:1055B00001CFF117C0E9006140E101CF06803DE174
:1055C00006703BE117F8040B8DF8000000208DF801
:1055D0000100EB46012003E057F804BB4FF0FF3019
:1055E00061074FF0000102D40DE008F10101884687
:1055F00049450FDA8045F8DB1BF808100029F4D183
:1056000008E008F1010188468142FADB1BF8081026
:105610000029F6D1DDE90F23AAEB080081462146D7
:1056200000F036F9304400EB080604E0DDE90F1223
:105630001BF8010B9047B8F10108F7D22146484604
:10564000F7E00A21C4F302534FF0000B0891022B3C
:1056500004D001CFC117032B09D00AE0FF1D27F0AA
:105660000707F7E8020108E032E01FE020E000B29F
:10567000C117042B01D140B2C117031E71F1000301
:1056800007DA4FF0000CD0EB0C006CEB01012D237E
:1056900002E0230504D52B238DF82430012303E0F9
:1056A000E30701D02023F7E7984658E00A2110E0ED
:1056B00010210EE010204FF0000B08900CE010219C
:1056C0004FF0000B44F004044FF00809089103E088
:1056D00008214FF0000B0891C4F30253022B04D0B1
:1056E00001CF0021032B06D006E0FF1D27F007079E
:1056F000F7E8020103E080B2042B00D1C0B24FF002
:10570000000823072BD5702A07D0DDF820C08CF0C5
:10571000100C5CEA0B0C05D00EE040238DF8243011
:10572000012308E050EA010306D030238DF824302D
:105730008DF8252002239846DDF820C08CF0080C57
:105740005CEA0B0C0BD150EA010301D1630706D5CB
:1057500030238DF824304FF00108A9F10109582AAF
:1057600004D038A20B9208AA0A920BE03AA2F9E7F9
:105770005B46089AFAF740FD0B9B9B5C0A9A521E07
:105780000A92137050EA0102F2D10A98ADEB0000C0
:1057900000F1200B600702D524F4803401E04FF0C3
:1057A0000109D94502DDA9EB0B0000E0002000EB68
:1057B0000B0141440890AAEB010AE00306D4DDE99D
:1057C0000F232146504600F063F806444FF00009CD
:1057D00008E009A911F80900DDE90F12904709F165
:1057E0000109761CC145F4DBE0030CD5DDE90F238C
:1057F0002146504600F04CF8064404E0DDE90F1263
:1058000030209047761C0899481E08900029F5DC46
:1058100008E00A980A990078491C0A91DDE90F12FC
:105820009047761CBBF10001ABF1010BF1DC214686
:105830005046DDE90F2300F019F806446D1C1BE605
:105840000928010030313233343536373839616256
:10585000636465660000000030313233343536371A
:105860003839414243444546000000002DE9F041EB
:10587000044600251E461746880404D405E0394630
:105880002020B0476D1C641EF9D52846BDE8F08184
:105890002DE9F041044600251E469046C80301D577
:1058A000302700E02027880404D505E0414638462B
:1058B000B0476D1C641EF9D52846BDE8F081000094
:1058C00017488068012121EAD0301649087008463F
:1058D0004078097888421ED01248007868B1114893
:1058E000C078401CC0B20F49C870062816DB0846B5
:1058F000007848700020C87010E00A48C078401C4A
:10590000C0B20849C870152808DB084600784870FE
:105910000020C87002E000200249C87070470000F3
:10592000001001402885002008B501213D20FDF729
:1059300091F901213348FCF77BF801213248FCF74B
:1059400077F804208DF8030001208DF802004EF254
:105950000F00ADF8000069462C48FBF7DDFF102072
:105960008DF8030001208DF802000820ADF800003A
:1059700069462748FBF7D0FF08212548FCF7A0F827
:1059800010208DF8030001208DF802000003ADF80F
:10599000000069461F48FBF7BFFF4FF480511D48C8
:1059A000FCF790F810208DF8030001208DF802001C
:1059B0004FF46060ADF8000069461548FBF7ACFF96
:1059C0004FF400711248FCF77BF804208DF80300B7
:1059D00001208DF802004FF48870ADF80000694690
:1059E0000B48FBF799FF04208DF8030001208DF888
:1059F00002000F20ADF8000069460648FBF78CFF57
:105A000008BD00000004300000023000001001401A
:105A1000000C01400008014000B585B001210820BC
:105A2000FDF718F901214805FDF704F92020ADF82C
:105A3000100003208DF8120004208DF8130004A933
:105A40001C48FBF769FFC020ADF8100003208DF85B
:105A500012001C208DF8130004A91648FBF75CFF08
:105A60000020ADF804004BF6FF70ADF80600A02052
:105A7000ADF808004FF48060ADF80A000001ADF801
:105A80000C004CF25030009069460B48FCF7DAF8F5
:105A900001210948FCF795F801210748FCF770F847
:105AA00006480749086000F0F5F8FDF77FFD05B0EE
:105AB00000BD0000000C014000540040BC0200206A
:105AC000C402002010B504467D20FDF747F908B157
:105AD000FDF7D0F845F25550FCF75AF90320FCF7D2
:105AE0004BF9A0B2FCF74EF9FCF73EF9FCF730F9A0
:105AF00010BD000000B585B000F036F800214FF46D
:105B00008050FDF7A7F801210803FDF7A3F8002056
:105B1000ADF800004FF48270ADF802000020ADF83F
:105B200004000220ADF806000120ADF80800400294
:105B3000ADF80A000820ADF80C000020ADF80E000A
:105B40000720ADF8100069460648FDF797FF0021D1
:105B50000448FDF779FF01210248FDF775FF05B004
:105B600000BD00000030014008B501210420FDF710
:105B700071F803208DF8020018208DF80300E02052
:105B8000ADF8000069460248FBF7C6FE08BD0000FC
:105B90000008014000B585B000F034F800214FF452
:105BA0008040FDF747F801218803FDF743F8002006
:105BB000ADF800004FF48270ADF802000020ADF89F
:105BC0000400ADF80600ADF808004FF40070ADF821
:105BD0000A002020ADF80C000020ADF80E000720D0
:105BE000ADF8100069460648FDF748FF002104485B
:105BF000FDF72AFF01210248FDF726FF05B000BD91
:105C00000038004008B501210820FDF723F80320E3
:105C10008DF8020018208DF803004FF46040ADF8B5
:105C2000000069460148FBF777FE08BD000C014003
:105C300008B501210420FDF70DF810201049086077
:105C40008DF8030003208DF802001020ADF800004D
:105C500069460B481038FBF75FFE02F0A9FE1020E2
:105C60000749091D08600420FEF702FA10200449C4
:105C7000086002F049FF002003F024F808BD00008E
:105C80001008014010B5FEF75BFFFCF7BFF8FBF70B
:105C9000A6F810BD0EB505210120FBF71DFE202042
:105CA000019000208DF808000C208DF809000120DB
:105CB0008DF80A0001A8FBF787FC17208DF800007B
:105CC00001208DF802008DF803006846FCF7CEFB3A
:105CD0000EBD000070B504460D4600202071401E28
:105CE000E0622946204602F095FB08B1032070BD12
:105CF00094F82E1294F82F0241EA00204AF655211A
:105D0000884201D00220F2E794F86900010694F875
:105D1000680041EA004194F8670041EA002094F8E5
:105D20006610084320F07F400D49884201D10020D1
:105D3000DDE794F88500010694F8840041EA00410B
:105D400094F8830041EA002094F88210084320F080
:105D50007F400349884201D10020C8E70120C6E7FF
:105D600046415400024600E0521C107810B11078F1
:105D70008842F9D110787047F0B5574C24686478A0
:105D800004F00F04544D2D686D782D1105EB850539
:105D900004EB4505504C2468A47804F00F044E4EE3
:105DA0003668B678361106EB860604EB4604C4EB7B
:105DB000041405EB8403484C2468A47924B1464CB0
:105DC0002468A479062C3BD1002136E001EB410583
:105DD000424C2C44647804F00F0501EB41063F4C23
:105DE00034446478241104EB840405EB440501EB8E
:105DF00041063A4CA45D04F00F0601EB4107374C15
:105E0000E45D241104EB840406EB4404C4EB0414A5
:105E100005EB8402934209DA09B9002005E04C1E23
:105E200004EB44052D4C2C44A07808E0052901D151
:105E3000002004E000BF4C1CE1B20629C6DB3EE0B6
:105E4000002139E001EB4104244D123D2C446478DB
:105E500004F00F0401EB4105204E123E35446D78ED
:105E60002D1105EB850504EB450401EB4105755D3E
:105E700005F00F0501EB4106184F123FBE5D3611CC
:105E800006EB860605EB4605C5EB051504EB85021A
:105E900093420ADA09B9002006E04C1E04EB4404E0
:105EA0000E4D123D2C44A07808E0052901D10020B8
:105EB00004E000BF4C1CE1B20629C3DB00BFE028B0
:105EC00008DDA0F1E00404EB8404B82505EB4404EC
:105ED000E0B200E00020F0BDC4020020FE3300204C
:105EE00070B503460D46586A021D280B1E68B67829
:105EF000B0FBF6F400BF02CA09B9002070BD8C42A5
:105F000000D202E0641A121DF5E700BF10682044B9
:105F1000F4E70246891E5069801E884201D800209D
:105F200070479378906A01FB0300F9E72DE9F04789
:105F300004468946B9F1000F06D1E76817B16069D8
:105F4000B84215D8012713E04946204601F078FFF2
:105F50000646022E02D20120BDE8F087701C08B967
:105F60003046F9E76069B04201D93046F4E74F4660
:105F70003D4600BF6D1C6069A84204D80225BD42A1
:105F800001D90020E8E72946204601F059FF0646DE
:105F900006B909E0701C08B1012E01D13046DBE7DB
:105FA000BD42E7D10020D7E700BF6FF0704229461D
:105FB000204602F089FA8046B8F1000F08D1B9F105
:105FC000000F05D02A464946204602F07DFA804659
:105FD000B8F1000F0BD1E5602069401C78B1206951
:105FE000401E2061607940F00100607107E0B8F167
:105FF000010F02D14FF0FF3000E001200546284696
:10600000AAE700002DE9F35F0198D0F8009001E0C5
:1060100009F1010999F800002F28F9D099F800003A
:106020005C28F5D0009886690B222021304602F0CA
:10603000E7F900252F46AB464FF0080A00BF584647
:106040000BF1010B19F80040202C03DD2F2C01D09F
:106050005C2C00D153E02E2C01D057450DD3BAF162
:10606000080F01D12E2C02D00620BDE8FC9F082786
:106070004FF00B0AA806050EE1E7802C01DB45F086
:106080000305812C20DBFE2C1EDC58460BF1010B96
:1060900019F80080B8F1400F02DBB8F17E0F05DD82
:1060A000B8F1800F06DBB8F1FE0F03DCAAF10100A6
:1060B000B84201D80620D8E738467F1C3454384609
:1060C0007F1C06F8008019E0214620A0FFF74AFE59
:1060D00008B10620C9E7412C04DB5A2C02DC45F04C
:1060E000020508E0612C06DB7A2C04DC45F0010592
:1060F000A4F12000C4B238467F1C34549FE700BF8F
:1061000009EB0B0101980160202C01DC042000E068
:10611000002004460FB90620A7E73078E52801D112
:1061200005203070BAF1080F01D1A806050E05F060
:106130000300012801D144F0100405F00C000428EC
:1061400001D144F00804F47200208EE7222A2B2C9F
:106150003A3B3C3D3E3F5B5D7C7F00002DE9F041DA
:1061600004460E460021204600F0F9F80546EDB938
:10617000002700BF2169206802F04CF9054605B1EF
:1061800013E060690078E52802D06069007820B9E2
:10619000781C0746B04201D107E0002701212046C4
:1061A00000F038F80546002DE4D000BF042D00D1E2
:1061B00007252846BDE8F0812DE9F041044600217D
:1061C000204600F0CCF8054615B12846BDE8F08120
:1061D00000BF2169206802F01DF9054605B116E0EF
:1061E000666937780FB9042511E0F07A00F00800ED
:1061F00030B90B223046A16902F0E2F800B906E09E
:106200000021204600F006F80546002DE1D000BF31
:106210002846DBE72DE9F04104468846E088461C25
:10622000B0B208B1206910B90420BDE8F08106F0D1
:106230007F0000286CD12069401C2061E06828B9EB
:1062400020680089B04263D80420EEE72068807897
:10625000401E00EAD61000285AD1E168206801F0FB
:10626000EFFD0546012D01D80220DEE7681C08B9C4
:106270000120DAE720684069A84243D8B8F1000F4E
:1062800001D10420D1E7E1682068FFF74FFE054601
:106290000DB90720C9E7012D01D10220C5E7681C0F
:1062A00008B90120C1E7206802F0DCFE08B1012036
:1062B000BBE7216801F130004FF48052002102F069
:1062C0009FF829462068FFF724FE2168C86200274E
:1062D0000EE0012021680871206802F0C3FE08B1B9
:1062E0000120A2E72068C06A401C2168C8627F1CA8
:1062F00020688078B842ECD82068C06AC01B21684A
:10630000C86200BFE56029462068FFF702FE2061F1
:10631000E6802068303006F07F0100EB41106061BC
:10632000002082E770B5044601212046FFF716FFE2
:10633000054695B92169206802F06CF8054665B9F3
:1063400020220021606902F05BF80B22D4E90501EC
:1063500002F049F8012021680871284670BD2DE936
:10636000F04104460E46E680A568012D03D0206862
:106370004069A84202D80220BDE8F0812DB920680A
:106380000078032801D12068456A45B92068008952
:10639000B04201D80220EFE72068476A1EE020687B
:1063A00080784FEAC01812E02946206801F048FDC5
:1063B0000546681C08B90120DEE7022D03D32068DA
:1063C0004069A84201D80220D6E7A6EB0806464558
:1063D000EAD229462068FFF79CFD0746E5600FB921
:1063E0000220C9E707EBD61020612068303006F0A4
:1063F0007F0100EB411060610020BDE710B504464D
:106400002CB9FFF777FBFFF713FC002010BD01202C
:10641000FCE70346BBB9052914D2DFE801F0030A03
:10642000050F1100002070474FF4805010800020AD
:10643000F9E74FF4806010600020F4E70020F2E7F5
:106440000020F0E700BF00BF0420ECE72DE9F04199
:1064500004460D4616461F463CB93A03310328460A
:1064600002F054FA0020BDE8F0810420FBE7014669
:1064700011B90022104670470120FCE72DE9F041D8
:1064800005460E4617461C4614B90420BDE8F081A7
:1064900085B94FF0000809E039034FF480523046C7
:1064A00002F048FB08F1010000F0FF08A045F3DB13
:1064B0000020EBE70420E9E710B55148008898B1C7
:1064C0005048007880B901204E49087000204E499C
:1064D00008704B4948804D4908804D49087048482C
:1064E00001884CA0FEF798FF45484088B0B1464867
:1064F000007898B90120444908700020414908708B
:106500003F490880084640884049088000204049AB
:1065100008703B48418841A0FEF77EFF394800786B
:10652000012825D13A480078401C394908700846AE
:10653000007864281CDB002008703148008801289E
:1065400005DC00202F4908702D4908800BE02C48FD
:106550000088401E2A49088008460088012802D188
:1065600002202B490870264801882EA0FEF754FF10
:1065700025480078012842D125480078401C24494C
:1065800008700846007864281EDB002008701C484C
:106590004088012807DC00201B4908701849488002
:1065A000224908700BE016484088401E1449488074
:1065B00008464088012802D1022015490870104879
:1065C00041881BA0FEF728FF0F480078012816D14C
:1065D0000E48008808280FDD1448007878B908486C
:1065E000408808280BDC01201049087012A0FEF733
:1065F00013FF02F03DFF02E001200C49087010BDBE
:10660000B2020020AF020020B0020020B60200203B
:10661000AE020020522D2D25640D0A00472D2D2598
:10662000640D0A00523A25640D0A00008A02002017
:10663000473A25640D0A0000475F73706565645F23
:1066400075700D0A0000000070B50546284600F080
:1066500011FF044634B9284602F02AFD04460CB95D
:1066600000202860204670BD2DE9FE4F04460D46EF
:10667000204602F01DFD0290029810B10298BDE87C
:10668000FE8FE07908B1E079F9E7606A002871D0FF
:10669000681C00283BD1D4F8248058F804AB4FF094
:1066A000020926693EB300BF00964FF0000B09F1C6
:1066B000020900BF01960BF1010B3146206801F081
:1066C000BFFB0646012E02D80220E071D7E7701CFE
:1066D00010B90120E071D2E70198401C8642E9D050
:1066E000D14504D848F804BB009848F8040B20684A
:1066F0004069B042D8D8606AC0F80090D14503D84C
:106700000020C8F8000047E01120029044E0E06853
:10671000A84200D2E568A560002D3DD0691E204644
:10672000FFF7DEFB606161692068FFF7F2FB074657
:1067300017B90220E071A2E720688078401E691E28
:1067400000EA113007442089C0F30B0020B3A06990
:10675000B84221D0A07900F0400080B1216848788B
:10676000012304F12801A269FFF788FE18B1012076
:10677000E07184E711E0A07920F04000A071216869
:10678000487801233A4604F12801FFF75FFE10B173
:106790000120E07173E7A761ABE0E068A84204D292
:1067A000A07900F0020000B9E568D4F808904FF035
:1067B0000008C4F80880002D67D02068807807039F
:1067C000B9F1000F11D0681EB0FBF7F1A9F101007B
:1067D000B0FBF7F0814208D3A9F10100791E88438C
:1067E000A060A0682D1A666912E026697EB90021B2
:1067F0002068FFF79BFB0646012E02D10220E071C4
:106800003DE7701C10B90120E07138E72661666130
:10681000C6B323E0A07900F0020038B13146206809
:10682000FFF784FB064636B93D4619E0314620683D
:1068300001F006FB0646701C10B90120E0711EE74E
:10684000012E03D920684069B04202D80220E071CD
:1068500015E76661A0683844A060ED1BBD42D9D839
:1068600000BFA0682844A060C5F30B0050B13146BA
:106870002068FFF74EFB8046B8F1000F03D10220DD
:10688000E071FCE601E008EB15382089C0F30B004D
:1068900020B3A069404521D0A07900F0400078B134
:1068A00021684878012304F12801A269FFF7E6FD79
:1068B00010B10120E071E2E6A07920F04000A07163
:1068C000216848780123424604F12801FFF7BEFD04
:1068D00010B10120E071D2E6C4F81880D4E90201B9
:1068E000884205D9A068E060A07940F02000A0713E
:1068F00000BF0298C3E62DE9F1478BB001F014FB0D
:10690000064601220BA904A801F05CF80546002DFB
:106910007DD101A80A9004A80B9901F017FA054649
:1069200005B9082500BF042DF2D100210498FFF716
:10693000FDFA0746002507B90725012F00D10225DA
:10694000781C00B901251DB9049802F08BFB05469F
:10695000002D5AD139460498FFF7DBFA8146049896
:1069600000F130044FF480520021204601F048FD30
:106970000B222021204601F043FD2E202070102004
:10698000E072A675310AE175310C2176310E61761F
:106990003946204602F0C8F92022214604F12000A1
:1069A00001F021FD2E2084F82100DDF818A00498C4
:1069B0000078032804D10498406A504500D1AA46C3
:1069C000514604F1200002F0AFF9049890F80280DB
:1069D00017E00498C0F82C9009F1010901200499EE
:1069E0000871049802F03EFB054605B10CE04FF437
:1069F00080520021204601F003FDA8F1010000F0C3
:106A0000FF08B8F1000FE4D100BF2DB900E01EE08F
:106A100004A8FFF787FC054625B13946049801F024
:106A2000EEFD14E0099C1020E072A675310AE175B4
:106A3000310C2176310E61763946204602F074F928
:106A4000012004990871049802F0A8FA0546284626
:106A50000CB0BDE8F08700002DE9F74F90B09146EB
:106A600010A801F00BFB0F900F98002803DA0B2001
:106A700013B0BDE8F08F1198012801DD1320F7E76E
:106A8000A9F1010000EA090008B11320F0E7FE496E
:106A90000F9851F820B0BBF1000F01D10C20E7E7AF
:106AA00000208BF800000F98C0B20C9000200B90D3
:106AB0000C98FFF7A3FC0190019800F0010008B1C9
:106AC0000320D5E7019800F0040008B10A20CFE7C1
:106AD00000BF04AA01210C98FFF79BFC10B9049891
:106AE000802801D20120C3E7119808B1002000E0FE
:106AF0003F2080460498A0EB08000490B9F1000FF5
:106B000012D1FA210498B0FBF1F00A904FF0000A7C
:106B100001E00AF1010ADD4830F81A100A988142B2
:106B2000F7D8DB4830F81A904FEA1939B9F1000F5D
:106B300001D14FF00109B9F1800F01D94FF080095F
:106B40000498B0FBF9F7012540F6F670874200D3B0
:106B500002254FF6F670874200D30325032D0AD194
:106B6000082000EB870000F6FF70060B2020039042
:106B70000020029011E0012D05D107EB4700401CD9
:106B80004008C01C01E07800001D064606F6FF70B4
:106B9000060B0120039004200290039840440790C4
:106BA0000798304406900299069808440590059885
:106BB0004844A0EB08000499884201D90E2057E709
:106BC00009AA03210C98FFF724FC28B9099818B1E9
:106BD0000998B0F5004F01D901200990099905984D
:106BE0000844401E491E8843099009990598081ACF
:106BF0000990032D08D10999039808440390099935
:106C000007980844079001E009980644DDE903016C
:106C1000081A811B0298081AB0FBF9F7022D03D15C
:106C200040F6F670874205D3032D05D14FF6F67076
:106C3000874201D20E201BE7032D02D10C200D90BC
:106C400010E0012D06D10498B0F5803F02D201205A
:106C50000D9007E00498B0F5803F01D2042000E0D9
:106C600006200D9000BF119810B1F0200E9044E066
:106C70004FF4805200210BF1300001F0C1FB0BF505
:106C8000F77401206070A0700020E0700D982071F2
:106C9000FE206071049840443F21B0FBF1F0FF21D9
:106CA000B0FBF1F009903F21099841EA9000A071F2
:106CB0000998E0713F20207200216172A172E17297
:106CC000049820730498010A61730498010CA1735D
:106CD0000498010EE17355218BF82E12AA218BF82E
:106CE0002F12012300220BF130010C98FFF7C6FB95
:106CF00008B10120BCE6F8200E900BF130044FF4EF
:106D000080520021204601F07BFB0B2261A120462E
:106D100001F069FB4FF4805A84F80BA04FEA1A2166
:106D2000217384F80D900398A0730398010AE1730E
:106D300001202074032D01D1002001E04FF40070E8
:106D4000824684F811A04FEA1A21A1740498B0F584
:106D5000803F05D20498E0740498010A217510E080
:106D6000049884F820000498C0F3072121200155DD
:106D70000498C0F30741222001550498010E2320F6
:106D800001550E9860753F20207600216176FF2026
:106D9000A076E17684F81C804FEA182161774FEAEB
:106DA0001841A1774FEA1861E17701F0BDF8099029
:106DB000032D3ED1099884F843000998C0F30721B8
:106DC000442001550998C0F3074145200155099811
:106DD000010E4620015584F82460C6F307212520C2
:106DE0000155C6F3074126200155310E27200155D4
:106DF000022084F82C0000212D2001552E20015561
:106E00002F200155012084F8300031200155062043
:106E100084F8320033200155802084F84000292076
:106E200084F8420013221EA104F1470001F0DBFAAE
:106E30001FE0099884F827000998C0F3072128204B
:106E400001550998C0F30741292001550998010E01
:106E50002A200155A675310AE175802084F82400A6
:106E6000292084F82600132212A104F12B0001F03E
:106E7000BAFA552084F8FE01AA2140F2FF1001550C
:106E80000123424621461FE0800200201E97000891
:106E900034970008EBFE904D53444F53352E30008D
:106EA0004E4F204E414D4520202020464154333244
:106EB000202020004E4F204E414D452020202046CE
:106EC00041542020202020000C98FFF7D7FA08B169
:106ED0000120CDE5032D06D1012308F1060221464C
:106EE0000C98FFF7CBFA079808904FF0000A61E082
:106EF0004FF480520021204601F082FA0E9809904A
:106F0000032D14D0012D01D1614801E06FF0FF0085
:106F1000099908430990099820700998000A60703F
:106F20000998000CA0700998000EE07019E009980B
:106F300060F0FF000990099820700998000A6070BD
:106F40000998000CA0700998000EE070FF202071D5
:106F5000FF216171A171E17120726172A1720F2133
:106F6000E1720898411C02460123089121460C98C1
:106F7000FFF784FA08B101207AE54FF4805200212E
:106F8000204601F03DFA012009900EE00898411CCE
:106F900002460123089121460C98FFF76FFA08B1C9
:106FA000012065E50998401C09900998B042EDD38D
:106FB0000AF1010ABAF1000F9AD0032D01D1484617
:106FC00000E00298824600BF0898411C0246012357
:106FD000089121460C98FFF751FA08B1012047E5C6
:106FE000AAF10100B0F1000AEED1032D46D15220E2
:106FF000207060706120A0704120E070722084F8E1
:10700000E401722140F2E51001554121401C015577
:107010006121401C0155781E84F8E801C0F3072166
:1070200040F2E9100155781EC0F307414FF4F570A6
:107030000155781E010E40F2EB100155022084F834
:10704000EC01002140F2ED100155401C0155401C9F
:107050000155552084F8FE01AA2140F2FF10015588
:10706000012308F1010221460C98FFF707FA0123DA
:1070700008F1070221460C98FFF700FA002211469A
:107080000C98FFF7C6F908B10120F1E40020EFE405
:1070900000FFFF00F7B582B016460398019001A8E3
:1070A00000F0ECFF0546002D02DA0B2005B0F0BD24
:1070B0000E4850F825400CB100202070029810B105
:1070C0000020029908700949029841F825000298A9
:1070D00008B1012E01D00020E8E7002203A902A890
:1070E00000F070FC07463846E0E700008002002010
:1070F0002DE9F7438AB0054616461DB909200DB0A3
:10710000BDE8F0830020286006F01F0626F001028B
:107110000BA903A800F056FC0746002F7ED1CDF83E
:1071200024D003A80B9900F011FE0746089C0FB964
:1071300004B9062706F01C00002851D04FB1042FD7
:1071400003D103A8FFF7EEF8074646F00806089CAF
:1071500009E0E07A00F0110008B1072703E006F02B
:10716000040000B10827002F39D106F008000028DC
:1071700035D000F0D9FE804684F80E804FEA182101
:10718000E1734FEA184121744FEA186161740020DD
:10719000E072207700216177A177E177214603989B
:1071A00000F091FF81460021204601F0BDFD012045
:1071B00003990871B9F1000F11D00398D0F82C8011
:1071C0004946039801F01BFA074647B9A9F10100A7
:1071D0000399C8604146039801F01CF907460EE088
:1071E0006FB9E07A00F0100008B1042707E006F05C
:1071F000020020B1E07A00F0010000B1072747B992
:1072000006F0080008B146F020060398C06AE8615D
:107210002C621FB9AE710020E87100E018E0214631
:10722000039800F050FF2861E07F0106A07F41EA4B
:107230000041607F41EA0020217F0843E860002090
:10724000A860A8616862039828602868C088A88040
:10725000384654E733B585B0044614B9092007B061
:1072600030BD002206A904A800F0ACFB05461DBBFA
:107270000498206001A8A0612046069900F066FDF0
:107280000546B5B9606958B16069C07A00F0100070
:1072900028B16169049800F016FFA06000E00525A0
:1072A0003DB90498C088A08000212046FFF757F818
:1072B0000546042D00D105250DB10020206028468B
:1072C000CDE72DE9FF4F83B0044615469A46DDF819
:1072D00010B00020CAF80000204601F0E9FE02903C
:1072E000029818B1029807B0BDE8F08FE07908B1B4
:1072F000E079F8E7A07900F0010008B90720F2E78B
:10730000D4E90210401A00900098854200D9009DEF
:10731000ABE02089C0F30B00002877D1206880788B
:10732000401EA16800EA113000F0FF09B9F1000F1A
:107330001FD1A06810B9206901900CE0606A28B1E3
:107340002046A168FEF7CCFD019004E06169206849
:1073500000F076FD01900198022802D20220E0712F
:10736000C1E70198401C10B90120E071BBE701980A
:10737000606161692068FEF7CCFD064616B90220FF
:10738000E071B0E74E444FEA1538B8F1000F2AD04B
:1073900009EB080021688978884203D92068807841
:1073A000A0EB090808F0FF032168487832465946E7
:1073B000FFF74CF810B10120E07194E7A07900F0DC
:1073C000400068B1A069801B404509D2A169891BB2
:1073D0000BEB01304FF4805204F1280101F003F867
:1073E0004FEA083737E0A069B04220D0A07900F01A
:1073F000400080B121684878012304F12801A26986
:10740000FFF73CF818B10120E0716CE710E0A079BB
:1074100020F04000A071216848780123324604F131
:107420002801FFF713F810B10120E0715BE7A661B6
:107430002089C0F30B00C0F58057AF4200D92F461A
:107440002089C0F30B0204F1280011183A4658466F
:1074500000F0C9FF00BFBB44A0683844A060DAF860
:1074600000003844CAF80000ED1B002D7FF451AF36
:10747000002038E72DE9F0410446204601F018FECF
:107480000746002F4CD1A07900F02000002847D0FB
:10749000A07900F0400078B121684878012304F118
:1074A0002801A269FEF7EAFF10B10120BDE8F081D2
:1074B000A07920F04000A071E169206800F0AAFFE7
:1074C0000746002F2CD1256AE87A40F02000E872A8
:1074D000207B2877A089010A6977E068010CA977E9
:1074E000E068010EE9772846216901F01DFC00F0F3
:1074F0001BFD0646AE75310AE975310C2976310E51
:1075000069760020A8740021E974A07920F0200099
:10751000A071012021680871206801F03FFD074635
:107520003846C3E72DE9FF4F83B0044615469B4616
:10753000049801900020CBF80000204601F0B8FD2F
:107540000290029818B1029807B0BDE8F08FE07978
:1075500008B1E079F8E7A07900F0020008B9072047
:10756000F2E7A0682844A168884200D20025BFE065
:107570002089C0F30B0000287ED120688078401E4F
:10758000A16800EA113000F0FF0ABAF1000F26D11D
:10759000A06838B9276997B900212068FEF7C6FCB2
:1075A00007460CE0606A28B12046A168FEF798FC07
:1075B000074604E061692068FEF7B8FC074607B992
:1075C00099E0012F02D10220E071BDE7781C10B9CB
:1075D0000120E071B8E76761206900B92761A079EF
:1075E00000F0400078B121684878012304F12801B7
:1075F000A269FEF743FF10B10120E071A4E7A07972
:1076000020F04000A07161692068FEF782FC064608
:1076100016B90220E07197E756444FEA1539B9F1DF
:10762000000F2DD00AEB090021688978884203D920
:1076300020688078A0EB0A0909F0FF0321684878E8
:1076400032460199FEF71AFF10B10120E0717BE785
:10765000A069801B48450ED2A069801B019A02EBED
:1076600000314FF4805204F1280000F0BCFEA079F4
:1076700020F04000A07100E016E04FEA09382AE04F
:10768000A069B0420FD0D4E9020188420BD2216830
:1076900048780123324604F12801FEF7D7FE10B1E5
:1076A0000120E07150E7A6612089C0F30B00C0F50E
:1076B0008058A84500D9A8462189C1F30B0204F1DE
:1076C000280150184246019900F08DFEA07940F043
:1076D0004000A07100BF019840440190A068404460
:1076E000A060DBF800004044CBF80000A5EB0805E3
:1076F000002D7FF43DAF00BFD4E90201884201D9DB
:10770000A068E060A07940F02000A07100201BE795
:1077100010B50E48807E012816D10C4890F82E0036
:1077200090B90020094988760846407E20B10020A3
:1077300048760748FEF788FFFAF7BEFF01200349A5
:10774000C877C8760020086210BD0000FC02002047
:107750008423002070B58C488068C0F341308B4989
:107760000870084600788A49097880EA0106002EE8
:1077700043D0012500243DE006EA0500A84231D1AE
:10778000834800782840A84216D1824830F8140077
:10779000401C80B27F4921F81400062826DB7C4873
:1077A000007868407A49087001207B49085500201C
:1077B000784921F8140019E0764830F81400401C8C
:1077C00080B2744921F8140015280FDB7048007846
:1077D00068406F49087000206F4908556D4921F8CD
:1077E000140003E000206B4921F814006806050E20
:1077F000601CC4B2022CBFDB03E000206549088096
:10780000488065480078012833D16348407878BBC8
:107810006248007801281DD061480078401CC0B241
:107820005F490870032815DD0020087001205D49BC
:1078300008805A4908705C48007818B100205A49FD
:10784000087002E00020594908700020584908706B
:1078500001F00EFE0020574908804FF400615648A1
:10786000FAF730F94FF480615348FAF729F989E0C3
:10787000FFE749480078002846D14748407801286A
:1078800042D146480078022818D045480078401C6C
:10789000C0B243490870032828DD00200870012089
:1078A0004049088002203D49087001204349087082
:1078B00000204349087001F0DBFD17E040480078E4
:1078C000012813D13D48007801280CD100203B4904
:1078D00008703B490870012033490870334908702B
:1078E00001F0C6FD02E00020354908700020314952
:1078F00008804FF480613048FAF7E4F84FF40061F3
:107900002D48FAF7DDF83DE023480078D0BB224847
:107910004078B8BB27480088401C80B225490880C1
:107920000A2825DD1D480078022802D101202449BB
:10793000087020480088B0F57A7F19D100201D49D1
:107940000880174908700120164908800020134953
:1079500008701548007818B100201349087002E03B
:1079600000201249087000201149087001F080FDC4
:107970004FF480611048FAF7A5F84FF400610E4803
:10798000FAF7A0F870BD000000100140930200203B
:107990009202002096020020900200208F02002018
:1079A0009E0200209A0200208B0200208C02002000
:1079B0008A0200209C020020000C01409F0200204F
:1079C000A00200202DE9F74F88B00021089801603F
:1079D000099800F053FB07900798002803DA0B2062
:1079E0000BB0BDE8F08FD549079851F820400CB98D
:1079F0000C20F5E708980460207878B16078FEF7ED
:107A000036FD804608F0010040B90A9820B108F020
:107A1000040008B10A20E3E70020E1E7002020701D
:107A2000079860706078FEF7E9FC804608F0010076
:107A300008B10320D4E70A9820B108F0040008B187
:107A40000A20CDE7002739462046FEF743F90546D0
:107A5000012D01D06DBB2CE0002614E004F5F77178
:107A600001EB0610017951B1C17A0A06817A42EA26
:107A70000142417A42EA0121027A114300E00021E9
:107A80004DF82610761C042EE8D3002606B1761E8B
:107A900000BF5DF8267027B139462046FEF71AF977
:107AA00000E0022005461DB1701C06460428F0D3F4
:107AB00000BF032D01D1012092E70DB10D208FE70A
:107AC0003B20015D94F83C0041EA0020B0F5805F66
:107AD00001D00D2084E74620015D94F8470041EA7B
:107AE0000029B9F1000F0ED194F85700010694F85F
:107AF000560041EA004194F8550041EA002094F80C
:107B0000541040EA0109C4F818904020005DE0706C
:107B1000E078012804D0E078022801D00D205FE74A
:107B2000E07809FB00F93D20005DA070A07818B155
:107B3000A078411E084008B10D2051E74120015DA9
:107B400094F8420041EA00202081207A00F07F0072
:107B500008B10D2044E74320015D94F8440041EA58
:107B6000002BBBF1000F0ED194F85300010694F8DE
:107B7000520041EA004194F8510041EA002094F893
:107B8000501040EA010B3E20015D94F83F0041EAAD
:107B900000200490049808B90D2021E70498484477
:107BA000218900EBD11006900698834501D20D2063
:107BB00016E70698ABEB0000A178B0FBF1FABAF13A
:107BC000000F01D10D200BE7012540F6F67082452C
:107BD00000D302254FF6F670824500D303250AF143
:107BE00002006061E76104983844206206983844D6
:107BF000A062032D16D1208908B10D20F0E694F87B
:107C00005F00010694F85E0041EA004194F85D00CF
:107C100041EA002094F85C100843606260698000CB
:107C2000059014E0208908B90D20D9E6206A48445F
:107C30006062022D02D16069400007E0207D00F003
:107C40000100616901EB410100EB51000590A16960
:107C5000059800F6FF70B1EB103F01D20D20BFE692
:107C60004FF0FF302061E06080206071032D5AD119
:107C700094F8601094F8610041EA0020012852D184
:107C8000791C204600F0C6FBE8BB0020607194F828
:107C90002E1294F82F0241EA00204AF6552188421C
:107CA00041D13320005D01063220005D41EA0041F0
:107CB0003120005D41EA002094F83010084320494B
:107CC000884230D194F81702010694F8160241EA6E
:107CD000004194F8150241EA002094F81412084378
:107CE000184988421FD194F81B02010694F81A0221
:107CF00041EA004194F8190241EA002094F8181270
:107D00000843206100E00EE094F81F02010694F899
:107D10001E0241EA004194F81D0241EA002094F855
:107D20001C120843E060257007480088401C80B2A0
:107D300005490880E080002052E600008002002013
:107D40005252614172724161880200202DE9F34173
:107D50000446019800782F2803D0019800785C2809
:107D600002D10198401C01900020A0600198007889
:107D7000202807D200212046FEF7F1FA0546002010
:107D8000606128E000BF01A92046FEF73BF90546E7
:107D900005B11FE02046FEF70FFA0546A069C67A36
:107DA0003DB1042D04D100BF06F0040000B9052543
:107DB00010E006F0040000B10CE06769F87A00F00A
:107DC000100008B9052505E03946206800F07BF968
:107DD000A060D8E700BF2846BDE8FC8170B5044626
:107DE0000D46E0B2FCF7A6FE204670BD3EB5044647
:107DF0000D48006800900C48001D006801900A487A
:107E0000083000680290029820700298000A6070A2
:107E10000298000CA0700298000EE07003A09DE88C
:107E20000E00FDF7F9FA3EBDE8F7FF1F2530387860
:107E300020253038782025303878200A0D000000C1
:107E40002DE9F04105460C46022C02D36869A04298
:107E500002D80120BDE8F0812878012804D002284A
:107E60002CD003285AD13DE0274607EB5707286A54
:107E700000EB1731284600F0CDFA00B150E0C7F30F
:107E80000B0105F1300010F801807F1C286A00EB1F
:107E90001731284600F0BEFA00B141E0C7F30B01EC
:107EA00005F13000405C48EA002804F0010010B100
:107EB0004FEA1810CEE7C8F30B00CBE7286A00EBB7
:107EC000D421284600F0A6FA00B129E040F6FF7060
:107ED00000EA440105F130000E183078717840EA6C
:107EE0000120B7E7286A00EB9421284600F092FAB7
:107EF00000B115E040F6FF7000EA840105F13000A2
:107F00000E18F0780006B17840EA0140717840EA36
:107F100001203178084320F070409BE7012099E769
:107F200000BF4FF0FF3095E72D480068407900F022
:107F30000F002B4909684979091101EB810100EB18
:107F400041001430400626490968097901F00F0103
:107F5000234A12681279121102EB820201EB4201EC
:107F600040EA41511E480068C07800F00F001C4AEA
:107F70001268D278121102EB820200EB420041EA51
:107F8000004017490968897801F00F01144A126806
:107F90009278121102EB820201EB420140EAC12108
:107FA0000F480068407800F00F000D4A12685278C0
:107FB000121102EB820200EB420041EA4011084834
:107FC0000068007800F00F00054A1268127812115C
:107FD00002EB820200EB420041EA500070470000D1
:107FE000C402002040B91A491AA213680B60938892
:107FF0008B8092798A712AE0012808D1144917A24E
:1080000013680B6093888B8092798A711FE0022835
:1080100008D10F4A13A10B6813608B88938089796C
:10802000917114E0032808D1094A10A10B6813606C
:108030008B8893808979917109E0042807D10449DC
:108040000CA213680B6093888B8092798A717047B9
:10805000FC0200203030312E4D5033003030322EB3
:108060004D5033003030332E4D5033003030342EED
:108070004D5033003030352E4D50330070B5024630
:108080004FF0FF301568E5B1116800E0491C0D782C
:10809000212D02D30D783A2DF8D10D783A2D0FD13C
:1080A000146814F8015BA5F130030A2B07D28C4247
:1080B00005D1022B03D218464D1C2946156070BD10
:1080C000002000BFFBE710B502468C7ECB7E44EA61
:1080D00003201378032B05D10C7D4B7D44EA032349
:1080E00040EA034010BD0000F9F7D2FA012806D09B
:1080F000F9F73AFB0120F9F7E1FAF9F7D5FAFCF7BD
:1081000043FAFDF711FC00F0F5FFFDF7BBFDF8F7B2
:10811000ADF9FDF781FCFDF7EDFCFDF789FDFCF7FE
:10812000ADFDFDF737FD00F08FF900F0DCFFF8F74B
:108130004BFEF8F767FDFCF7D9FDFCF723FE40F690
:10814000B830FDF7BFFC21E19148007800286ED0DF
:1081500000208F490870FDF7B3FB01F00BFAFFF721
:10816000F9FA8C480078401CC0B28A4908700A2885
:1081700020DB0020087000F0DFFD00F063FEFEF75A
:108180009BF9854890F82C00A0B1834890F82C000A
:10819000401EC0B2804981F82C00002805DD4FF454
:1081A00000717E48F9F78EFC04E04FF400717B48C3
:1081B000F9F786FC7848407FA8B1002076494877D7
:1081C0007748FBF725FA24220C217548C01DFCF7DF
:1081D000C1FEFAF71DFF10B17248F9F7EBFE01205E
:1081E0006D4988778876704800880A2190FBF1F203
:1081F00001FB120018B9F8F705FDF9F7B1FD6B485E
:10820000008850B300206949088069480078012837
:1082100004D10020604981F8280010E0644800780B
:10822000022805D101205C4981F8280007E0ABE075
:108230005F48007818B90320574981F828000D21BC
:108240005548F7F7AAFF544991F82800FFF7CAFEEE
:1082500001205149887681F82D00FFF759FA5248DC
:108260000088401C80B250490880B0F57A7F57DB07
:1082700000200880484890F82A004E4949788842F2
:1082800006D04C484078444981F82A0001F0F0F8C3
:108290004948006800F0020058B93F4890F82900AA
:1082A000042822D004203C4981F8290001F0E0F89C
:1082B0001BE04148006800F0040058B9364890F8C7
:1082C0002900022811D00220334981F8290001F049
:1082D000CFF80AE0304890F82900012805D00120A5
:1082E0002D4981F8290001F0C3F83448C06968B10C
:1082F0003248C069401C3149C861052806D30020B6
:10830000C861254981F82E0001208876F9F728FDFB
:1083100022480C30006880F0080020490C310860C9
:108320001D48006A58B3F8F719F91B48006AB0F500
:10833000167F05D14FF480511F480838F9F7C0FB6C
:108340001548006A401C14490862496A884219D3DA
:108350001148406A98B100200F490862FCF75AFCA6
:108360000D48C07E58B14FF4805113480838F9F7D2
:10837000A9FB0948407E18B101200749C87701E0F0
:10838000FAF79AF9FBF780FDFAF7ECF9DCE6000062
:108390000000002001000020FC020020000C014031
:1083A000AC3300201C340020040000209A0200207E
:1083B0008F0200201C85002008080140DC020020FC
:1083C000F0B503461C460D46002000BF161EA2F164
:1083D000010207D014F8017B15F801CBA7EB0C06BE
:1083E000301EF3D0F0BD70B503460C4603E014F820
:1083F000015B03F8015B151EA2F10102F7D170BD0C
:1084000030B5034601E003F8011B141EA2F101027E
:10841000F9D130BD70B504460D46E06AA84210D0CF
:10842000204600F01FFE08B1012070BD60780123D6
:108430002A4604F13001FEF709F808B10120F4E7FB
:10844000E5620020F1E7000010B500201C49C87764
:1084500008624874487688760120C876002008773C
:1084600081F82800012088774FF448704862002086
:108470004877487381F82D001248006800F0020028
:1084800018B9042081F829000DE00E48006800F0BA
:10849000040020B902200A4981F8290003E00120E4
:1084A000074981F829000020054981F82A0081F850
:1084B0002B0081F82C0081F82E0000F0D9FF10BDB0
:1084C000FC020020080801402DE9F04705460E4651
:1084D0001746022E02D36869B04202D84FF0020854
:1084E0008AE02878012804D0022841D003287DD1D1
:1084F00054E0B14609EB5909286A00EB19312846C6
:10850000FFF788FF8046B8F1000F00D071E0C9F393
:108510000B0105F130000C1806F0010020B1F9B292
:10852000207861F31F1000E03846207009F101093E
:1085300001202871286A00EB19312846FFF76AFFED
:108540008046B8F1000F00D053E0C9F30B0105F1EC
:1085500030000C1806F0010010B1C7F3071005E059
:10856000207800F0F000C7F303210843207040E0BA
:10857000286A00EBD6212846FFF74CFF8046B8F169
:10858000000F00D035E040F6FF7000EA460105F12B
:1085900030000C182770380A60702AE0286A00EB57
:1085A00096212846FFF736FF8046B8F1000F00D02D
:1085B0001FE040F6FF7000EA860105F130000C185C
:1085C000E0780006A17840EA0140617840EA0120A5
:1085D0002178084300F0704007432770380A607024
:1085E000380CA070380EE07003E0FFE74FF002088F
:1085F00000BF00BF012028714046BDE8F0872DE98B
:10860000F04104460E46022E02D36069B04201D802
:10861000022727E0002721E031462046FFF710FC23
:10862000054605B91DE0012D01D1022719E0681C9E
:1086300008B9012715E0002231462046FFF744FF24
:10864000074607B10DE02069401C30B12069401C8D
:108650002061607940F0010060712E466069B0428F
:10866000DAD800BF3846BDE8F08100002DE9F05FA0
:1086700007460D46164616B90120BDE8F09F3E4854
:108680004069A84201D80020F7E73B48008BB04280
:1086900001DA0020F1E732462946384800F036F981
:1086A000324639463548F7F791FD08B90120E4E72D
:1086B0004FF0000A32463946304800F0CFF808B192
:1086C0004FF0010A2C48008B401E25EA00082A487A
:1086D000008BB0420BD1002404E0385D27490855D7
:1086E000601C84B22448008BA042F6DC10E02248D3
:1086F000028B4146214800F009F91F48008B401EBB
:10870000284084B21D49081932463946F7F72CFD36
:108710004FF0000B00242AE0BAF1010F02D14046CD
:1087200000F07EF81448028B4146144800F0AAF885
:1087300032463946284600F023F810B94FF0010BB5
:1087400017E032463946284600F01AF810B94FF0C3
:10875000010B0EE04FF0000903E009F101001FFAE0
:1087600080F942F210708145F7DB601C84B2032C63
:10877000D2DB00BF584680E7608700207C8700205E
:108780002DE9F04104460E4615466019194949691C
:10879000884202D90120BDE8F0810DB90020FAE736
:1087A0001020154908600320FBF762FCC4F3074062
:1087B000FBF75EFCC4F30720FBF75AFCE0B2FBF7C3
:1087C00057FC0DE0A520FBF753FC074616F8011BEC
:1087D000B94205D010200849091F08600120DAE7D6
:1087E000281EA5F10105EDD110200349091F0860DD
:1087F0000020D0E7608700201408014010B500F089
:1088000053FA102005490860C720FBF731FC1020FF
:108810000249091F086000F077F910BD14080140F3
:1088200010B5044600F040FA10200B4908602020E3
:10883000FBF71EFCC4F30740FBF71AFCC4F3072048
:10884000FBF716FCE0B2FBF713FC10200249091FEE
:10885000086000F059F910BD1408014070B50346D6
:1088600000240BE013F8015BE843C5B211F8010BDB
:10887000284008B1012070BD601C84B29442F1DB35
:108880000020F8E72DE9F04106460C4615464FF06A
:10889000000825E000F008FA10201B4908600220BB
:1088A000FBF7E6FBC4F30740FBF7E2FBC4F307204A
:1088B000FBF7DEFBE0B2FBF7DBFB002704E016F87A
:1088C000010BFBF7D5FB7F1CFF2FF8D910200E49B9
:1088D000091F086000F018F904F5807408F1010818
:1088E000E91705EB1161B8EB212FD3D3102006490E
:1088F00008600420FBF7BCFB10200349091F086037
:1089000000F002F9BDE8F0811408014070B5064698
:108910000C46154625B1601912494969884200D9AB
:1089200070BD1020104908600320FBF7A1FBC4F3C1
:108930000740FBF79DFBC4F30720FBF799FBE0B270
:10894000FBF796FB04E0A520FBF792FB06F8010B72
:10895000281EA5F10105F6D110200349091F086062
:1089600000BFDDE760870020140801402DE9F041D9
:1089700010200E4908609F20FBF77AFBA520FBF72B
:1089800077FB0546A520FBF773FB0646A520FBF702
:108990006FFB074610200549091F0860280440EABC
:1089A000062040EA07042046BDE8F0811408014093
:1089B00010B5FFF7DBFF3949086008460068384A00
:1089C000811A904238D00ADC3649084478B13649D9
:1089D0000844C0B135490844002851D11FE001299D
:1089E00036D0022940D0B1F5405F49D123E030A113
:1089F0002A48001DF7F7F7FB4FF40010274948619C
:108A00004012088348E02DA12448001DF7F7EBFB36
:108A10004FF4001021494861401208833CE02AA12C
:108A20001E48001DF7F7DFFB4FF400101B4948619B
:108A30004012088330E000BF26A11848001DF7F758
:108A4000D2FB4FF48000154948618012088323E06F
:108A500023A11248001DF7F7C6FB4FF400000F4991
:108A60004861C012088317E020A10C48001DF7F7E9
:108A7000BAFB4FF0807009494861001308830BE08E
:108A80001DA10648001DF7F7AEFB4FF40010034987
:108A900048614012088300BF00BF10BD60870020FE
:108AA0001640EF00BFDA40FF2C05FDFF00E0D2FFCB
:108AB0005353543235564630313642004D583235D4
:108AC0004C31363036450000573235513136445638
:108AD000000000005732355133324A560000000082
:108AE0005732355136344A5600000000573235515E
:108AF0003132384456000000556E6B6E6F77204659
:108B00006C6173680000000010B51020084908600F
:108B10000520FBF7ADFA00BFA520FBF7A9FA00F08E
:108B200001000028F8D110200149091F086010BD7C
:108B3000140801402DE9F05F07460D4616464FF038
:108B40000008C146C2460024A3465648008BB5FB28
:108B5000F0F100FB11501FFA80FA5248008BA0EB95
:108B60000A0084B24F48008B96FBF0F01FFA80F8A1
:108B70004C48008B96FBF0F100FB11601FFA80F966
:108B8000BAF1000F2AD1B8F1000F08D132462946B8
:108B90003846FFF76BFD00287ED1BDE8F09F0EE060
:108BA0004048028B29463846FFF760FD08B900208F
:108BB000F3E73C48008B05443A48008B0744B8F182
:108BC0000000A8F101011FFA81F8E9D14A462946BF
:108BD0003846FFF74BFD002861D1DEE7B8F1000F02
:108BE0001FD1A14515DDA9EB04001FFA80FB224629
:108BF00029463846FFF73AFD08B90020CDE725445D
:108C000027445A4629463846FFF730FD002846D10A
:108C1000C3E7324629463846FFF728FDE0BB00206F
:108C2000BBE7301B86B21F48008B96FBF0F01FFAA3
:108C300080F81C48008B96FBF0F100FB11601FFAD6
:108C400080F9224629463846FFF710FD08B9002072
:108C5000A3E7254427440EE01248028B29463846F4
:108C6000FFF704FD08B9002097E70E48008B054484
:108C70000C48008B0744B8F10000A8F101011FFA6D
:108C800081F8E9D1B9F1000F09D04A4629463846A2
:108C9000FFF7ECFC00B900E001E000207DE70120D7
:108CA0007BE700006087002010B5102004490860B1
:108CB0000620FBF7DDF910200149091F086010BDEF
:108CC0001408014010B5044614480068144988424D
:108CD00016D11020134908605020FBF7C9F9102065
:108CE0001049091F0860091D08600120FBF7C0F941
:108CF0002046FBF7BDF910200A49091F08600CE067
:108D00001020084908600120FBF7B2F92046FBF764
:108D1000AFF910200349091F086010BD60870020CB
:108D20004125BF001408014081760B0AC3760A0C66
:108D300002750B0E4375704730B501233B48007830
:108D400000F003003949087008460078384909786E
:108D500080EA0105002D43D000223EE005EA030031
:108D6000984233D13348805C401C324988543048A3
:108D70000078184098420BD10846805C0A2828DB0E
:108D8000002088542A48007858402949087020E07B
:108D9000032020EA0304264800782040A0420CD19A
:108DA0002448805C4B2814DB00202249885420484A
:108DB000007858401E4908700BE000201D49885477
:108DC0001B48007858401A49087002E000201949F1
:108DD00088545806030E501CC2B2022ABEDB03E0C0
:108DE0000020144908704870134890F82A00D8B140
:108DF0001248006800F4807098B111480078401C57
:108E0000C0B20F4908700A280EDD0020087001204A
:108E1000094981F82B00642081F82C0000F028FB20
:108E200002E000200649087030BD000092020020D8
:108E300094020020A4020020FC020020080C014043
:108E4000B802002010B54C4B1B7803F003034A4CCA
:108E50002370012100208BE003238B43464C2478B0
:108E6000A34242D1454B1B780B406BBB434B1B7855
:108E70000B43424C23700023414C24F81030414BEB
:108E80001B780B408B4261D13F4B33F810304EF6CC
:108E90006024A34204DB00233C4C24F8103055E04E
:108EA000394B33F810301233642493FBF4F3374C0E
:108EB00024F8103010B90023354C2370012845D117
:108EC0000023344C237041E02D4B33F810305B1CF1
:108ED0009BB22B4C24F810304EF66024A34235DBB5
:108EE0002346274C24F8103030E0244B1B780B40ED
:108EF0008B422BD1214B1B788B43204C2370224B70
:108F000033F810301E4C34F81040A34207DB1E4BE0
:108F100033F810301A4C34F810401A1B06E0184B86
:108F200033F81030184C34F810401A1B1A4B1B78C9
:108F30000B408B420AD1124B33F81030124C24F8FC
:108F40001030104B1B780B430E4C23700A4B1B78D0
:108F50000B408B4208D1084B1B78032B04D00E4BDF
:108F60001B780B430C4C23704B06190E431CD8B2D4
:108F70000228FFF671AF10BD94020020A10200206C
:108F8000A6020020A2020020AA020020B2020020B5
:108F9000AF020020B0020020A302002070B50446FA
:108FA000204600F05FF80546002D59D120780328AF
:108FB0004FD1607901284CD10203002104F1300027
:108FC000FFF71EFA552184F82E12AA2184F82F12D9
:108FD000522084F830005221312001556121322085
:108FE0000155412133200155722184F8141284F86F
:108FF0001512412184F81612612184F81712217C80
:1090000084F81812208A010A84F819122069010CC8
:1090100084F81A122069010E84F81B12217B84F84F
:109020001C12A089010A84F81D12E068010C84F862
:109030001E12E068010E84F81F12E069401CE06215
:109040006078012304F13001E26AFDF717FA00208D
:109050006071607800221146FDF7DBF900B101254F
:10906000284670BD70B504462079F8B1E56A60788D
:1090700001232A4604F13001FDF700FA08B101206E
:1090800070BD00202071206A281AA16988420DD283
:10909000E67809E0A0690544607801232A4604F1D6
:1090A0003001FDF7EBF9761E022EF3D20020E7E740
:1090B00070B505462C464CB1206838B12068007860
:1090C00020B12068C088A188884201D0092070BDE5
:1090D00021684878FDF7CBF900F0010008B10320C2
:1090E000F5E70020F3E710B5FBF766FD00F054F854
:1090F00010BD000008B501211D20F9F7ABFD4FF4AC
:109100008070ADF8000003208DF8020004208DF877
:10911000030069461948F8F7FFFB8020ADF800000E
:1091200003208DF8020010208DF8030069461448D2
:10913000F8F7F2FB4020ADF8000003208DF80200A4
:1091400010208DF8030069460D48F8F7E5FB042070
:10915000ADF8000003208DF8020010208DF8030008
:1091600069460848F8F7D8FB042006491031086022
:109170004020034908618020086108BD00080140C3
:1091800000100140000C014040200249086180208D
:10919000486170470010014070B5012000F04CF8A4
:1091A0000546C5F30315082D13D2DFE805F00406C4
:1091B000080A0C0E12100BA40DE00CA40BE00DA479
:1091C00009E00EA407E00FA405E010A403E011A439
:1091D00001E012A400BF00BF214612A0FCF71CF959
:1091E000E8B270BD56533130303100005653313043
:1091F0003131000056533130303200005653313097
:10920000303300005653313035330000565331307F
:10921000333300005653313130330000756E6B6EBE
:109220006F770000BDE2C2EBD0BEC6ACD0CDBAC5F0
:10923000203A2025730D0A0070B5054600F0D0F8DD
:1092400008B1002070BD002000F020F80320FAF7DC
:109250002BFF2846FAF728FFFF20FAF725FF040224
:10926000FF20FAF721FF204484B2012000F00EF81D
:109270002046E7E70448006800F4807008B9002041
:1092800070470120FCE700000808014018B94021A0
:10929000034A516102E04021014A11617047000018
:1092A0000010014018B98021034A516102E0802179
:1092B000014A1161704700000010014010B50446DA
:1092C0000CB9FE2406E0FF2C01D1002402E0C4F119
:1092D000FE00C4B244EA04210B2000F099F810BD4E
:1092E00070B5002500BF09E0681CC0B2054605281E
:1092F00003DA0120F8F7C8F800E006E02C4800681F
:10930000012121EA10200028EED000BF4AF6AD313D
:10931000082000F07DF845F2AA51092000F078F805
:109320000820FFF789FF06460920FFF785FF04465E
:109330004AF6AD30864203D145F2AA50844208D0A5
:109340001CA0FCF769F8FBF737FC01202349887360
:10935000C9E70020FAF7A8FE002512E040F6040154
:10936000002000F055F800BF11480068012121EAF3
:1093700010200028F8D02846691CCDB2052800DD51
:1093800006E00020FFF758FF40F604018842E5D1CF
:1093900000BF4FF44041032000F03AF800BF0448FA
:1093A0000068012121EA10200028F8D070BD0000DB
:1093B00008080140546865726520697320736F6DF9
:1093C000657468696E672077726F6E67207769745D
:1093D00068205653313078780A000000FC020020E3
:1093E000002106E00848006800F4807000B103E046
:1093F000491C06488142F5D300BF0448814201D38D
:10940000012070470020FCE70808014000093D00EA
:1094100070B505460C46FFF7E3FF00B170BD0020B4
:10942000FFF734FF0220FAF73FFE2846FAF73CFE2A
:109430002012FAF739FEE0B2FAF736FE0120FFF704
:1094400025FF00BFEAE770B504460D460020FFF790
:1094500029FF03E014F8010BFAF726FE281EA5F1F8
:109460000101CDB2F6D10120FFF71CFF70BD000055
:109470003B4890F82A0000284CD1394890F8290040
:10948000022804D0364890F82900042825D1354810
:109490000078012804D14FF44870314948625DE0FA
:1094A00030480078022859D12F48007850B12F4811
:1094B000007818B103202A4948624FE00320284968
:1094C00048624BE02A48007818B1032024494862DA
:1094D00044E003202249486240E0214890F82900F6
:1094E00001283BD11F480078012804D14FF448706F
:1094F0001B49486232E01B48007802282ED11B48E5
:10950000007818B103201649486227E00320144967
:10951000486223E013480078012804D16FF00F005F
:109520000F4948621AE00F480078022816D10C480B
:1095300090F82B0070B10D48007820B16FF00F004B
:10954000074948620AE0032005494862002081F883
:109550002B0003E06FF00F000149486270470000E4
:10956000FC0200208F0200208C0200208B020020D1
:109570008A02002017480068012121EA10101649CC
:10958000087008464078097888421ED01248007852
:1095900068B11148C078401CC0B20F49C870062895
:1095A00016DB0846007848700020C87010E00A48B2
:1095B000C078401CC0B20849C870152808DB0846AE
:1095C000007848700020C87002E000200249C8708E
:1095D00070470000080C01401C8500203030302E00
:1095E0003030312E3030322E3030332E3030342E79
:1095F0003030352E3030362E3030372E3030382E59
:109600003030392E3031302E3031312E3031322E53
:109610003031332E3031362E3031352E3031362E3A
:109620003031372E3031382E3031392E3032302E25
:109630003032312E3032322E3032332E00000000E4
:10964000000000000000000000000000000000001A
:10965000000000000000000000000000C0A801ACF5
:10966000C0A80101FFFFFF000000E70900E71300A9
:10967000E71600E72100E72359E70000E70900E7C4
:109680001300E71600E72100E72359E71201000263
:109690000000004083042057000201020301090278
:1096A0002000010100C03209040000020806500435
:1096B0000705810240000007050202400000040384
:1096C00009042603530054004D0069006300720032
:1096D0006F0065006C0065006300740072006F002D
:1096E0006E006900630073002603530054004D00B0
:1096F0003300320020004D00610073007300200031
:10970000530074006F007200610067006500100371
:109710005300540020004D006100730073000004EA
:10972000000200018000400020001000080004003A
:1097300002000000008000400020001000080040EF
:1097400000200010000800040002000046525F5490
:109750004F4F5F4D414E595F4F50454E5F46494C0C
:109760004553A3BAB5B1C7B0B4F2BFAAB5C4CEC40D
:10977000BCFECAFDB4F3D3DA5F46535F534841528F
:109780004500000046525F57524954455F50524FC2
:10979000544543544544A3BACEEFC0EDC7FDB6AF20
:1097A000B1BBD0B4B1A3BBA40000000046525F4FD0
:1097B0004BA3BAB3C9B9A60046525F494E56414CB5
:1097C00049445F4452495645A3BAC2DFBCADC7FD08
:1097D000B6AFBAC5CEDED0A70000000046525F4942
:1097E0004E56414C49445F4F424A454354A3BACE7A
:1097F000C4BCFEBBF2D5DFC4BFC2BCB6D4CFF3CE6F
:10980000DED0A70046525F494E56414C49445F5056
:109810004152414D45544552A3BAB2CECAFDCEDEA7
:10982000D0A7000046525F4D4B46535F41424F5216
:10983000544544A3BAD3C9D3DAB2CECAFDB4EDCEEF
:10984000F3665F6D6B66732829B1BBD6D5D6B900B8
:1098500046525F54494D454F5554A3BAD4DAB9E640
:10986000B6A8B5C4CAB1BCE4C4DACEDEB7A8BBF1B1
:10987000B5C3B7C3CECABEEDB5C4D0EDBFC90000F5
:1098800046525F4558495354A3BACEC4BCFED2D108
:10989000BEADB4E6D4DA000046525F4E4F5F504191
:1098A0005448A3BAC2B7BEB6B2BBB4E6D4DA00001D
:1098B00046525F4E4F5F46494C45A3BACEC4BCFEEC
:1098C000B2BBB4E6D4DA000046525F494E545F455D
:1098D0005252A3BAB6CFD1D4CAA7B0DC0000000060
:1098E00046525F4E4F5F46494C4553595354454D80
:1098F000A3BAC3BBD3D0D3D0D0A7B5C4464154BEBE
:10990000ED00000046525F4449534B5F455252A35D
:10991000BAB5D7B2E3D3B2BCFEB4EDCEF3000000CB
:1099200046525F4E4F545F5245414459A3BACEEF61
:10993000C0EDC7FDB6AFC3BBD3D0B9A4D7F7000005
:1099400046525F44454E494544A3BAD3C9D3DABD14
:10995000FBD6B9B7C3CECABBF2D5DFC4BFC2BCD237
:10996000D1C2FAB7C3CECAB1BBBEDCBEF80000009C
:1099700046525F4C4F434B4544A3BAD3C9D3DACECA
:10998000C4BCFEB9B2CFEDB2DFC2D4B2D9D7F7B101
:10999000BBBEDCBEF800000046525F4E4F545F4530
:1099A0004E41424C4544A3BABEEDD6D0CEDEB9A45A
:1099B000D7F7C7F80000000046525F4E4F545F458E
:1099C0004E4F5547485F434F5245A3BACEDEB7A826
:1099D000B7D6C5E4B3A4CEC4BCFEC3FBB9A4D7F7C5
:1099E000C7F8000046525F494E56414C49445F4E0D
:1099F000414D45A3BACEDED0A7CEC4BCFEC3FB000A
:109A0000209A000800000020DC020000BE020008CE
:109A1000509B0008DC02002064A9000048540008A4
:109A200041D4E8030113AC97140804991408C898AA
:109A30001B0820081AB0081A98041AE40C1A4004EB
:109A40001A800C1ADC241A84041AB8041A98141AFE
:109A5000E0141A24041A50041A70101AB8042A4C7C
:109A6000481910100B2F7379732F302E6D70333906
:109A70000B1E312E7761760B1D6F756E640D4918C4
:109A8000390DAA320DAA330D3A340D3184A24A049D
:109A9000680901020304060708090C6910053A0267
:109AA00004060835800202202D574C482001180E6C
:109AB00053504920466C6173684469736B1046319A
:109AC0002E3020036206627002150A3987021002E6
:109AD000141A03531254124D12331232123102115E
:109AE000301369150C18086B24040A157120230320
:109AF00001136D22140879211B0869081A6B0413DD
:109B000055201B081D101A05041AC90C1AB5041A91
:109B1000DD044132402938CBB523482A953C590C05
:109B20001AE51C138C963308121A9E0832201ABEAE
:109B30000832041AC20832265AE808137401332086
:109B40001A130E977308101993012F044703030388
:0400000508000131BD
:00000001FF
