:020000040800F2
:1000000040AC0020450100082D240008411B0008D9
:10001000B5230008E1050008154B000800000000AA
:10002000000000000000000000000000513A00083D
:100030004914000800000000792600080D4500085A
:100040005F0100085F0100085F0100085F01000810
:100050005F0100085F0100085F0100085F01000800
:100060005F0100085F0100085F0100085F010008F0
:100070005F0100085F0100085F0100085F010008E0
:100080005F0100085F0100085F01000815480008D3
:100090006D4800085F0100085F0100083D15000879
:1000A0005F0100085F0100085F0100085F010008B0
:1000B0005F0100085F0100085F0100085F010008A0
:1000C0005F0100085F0100085F0100085F01000890
:1000D0005F010008394600085F0100085F01000861
:1000E0005F0100085F0100085F0100085F01000870
:1000F0005F0100085F0100085F0100085F01000860
:100100005F0100085F0100085F0100085F0100084F
:100110005F0100085F0100085F0100085F0100083F
:100120005F0100085F0100085F0100085F0100082F
:10013000DFF80CD000F092F800480047718000080A
:1001400040AC00200648804706480047FEE7FEE72F
:10015000FEE7FEE7FEE7FEE7FEE7FEE7FEE7FEE777
:10016000894500083101000840EA01039B0703D0DC
:1001700009E008C9121F08C0042AFAD203E011F8E6
:10018000013B00F8013B521EF9D27047D2B201E0A8
:1001900000F8012B491EFBD270470022F6E710B58C
:1001A00013460A4604461946FFF7F0FF204610BDE5
:1001B00010B5002200E0521C835C8C5CA34201D18C
:1001C000002BF8D1D8B2E1B2401A10BD30B50446C8
:1001D0000020034600E05B1C934203D2E05CCD5C50
:1001E000401BF8D030BD034611F8012B00F8012B5D
:1001F000002AF9D1184670472DE9F05F0546002026
:1002000092469B4688460646814640241BE0284687
:1002100041464746224600F042F853465A46C01A25
:10022000914110D311461846224600F029F82D1AA4
:1002300067EB01084F4622460120002100F020F81C
:1002400017EB00094E41201EA4F10104DFDC4846F3
:1002500031462A464346BDE8F09F0000064C074D54
:1002600006E0E06840F0010394E807009847103486
:10027000AC42F6D3FFF760FF1499000834990008E8
:10028000202A04DB203A00FA02F100207047914056
:10029000C2F1200320FA03F3194390407047202A4B
:1002A00004DB203A21FA02F00021704721FA02F320
:1002B000D040C2F12002914008431946704770B502
:1002C0008C1810F8015B15F0070301D110F8013B01
:1002D0002A1106D110F8012B03E010F8016B01F888
:1002E000016B5B1EF9D12B0705D40023521E0DD4E0
:1002F00001F8013BFAE710F8013BCB1A921C03E02E
:1003000013F8015B01F8015B521EF9D5A142D8D365
:10031000002070BD21B1826842F00102826003E0DA
:10032000826822F0010282607047000000B585B04B
:100330000121480202F05AFC0020009001208DF8B3
:1003400004008DF805004FF4602002900020039017
:1003500001208DF810006946144800F05FF805236D
:1003600001220921114800F087F801210F4800F00F
:100370001FF801210D48FFF7CDFF0C4800F0D8F819
:1003800000BF0A4800F040F80028FAD1074800F002
:10039000DFF800BF054800F029F80028FAD1012154
:1003A000024800F0CAF805B000BD0000002401407A
:1003B00021B1826842F48072826003E0826822F494
:1003C000807282607047000008B50121082002F0A9
:1003D0000DFC0220ADF8000000208DF803006946F6
:1003E000014801F07BFA08BD000C014001460020E5
:1003F0008A6802F004020AB1012000E00020704780
:100400000146C86C80B27047014600208A6802F03D
:1004100008020AB1012000E00020704730B5024612
:100420000020002350680F4C20400D790C6844EAEE
:1004300005242043506090680B4C2040D1E90254C1
:100440002C434D7944EA450420439060D06A20F45F
:1004500070000C7C641EE4B2234340EA0350D06277
:1004600030BD0000FFFEF0FFFDF7F1FF10B5FFF714
:10047000ABFFFFF75BFF10BDF0B504460D46002053
:100480000021092D11DDE068A5F10A0606EB4607FB
:10049000072606FA07F18843A5F10A0606EB460689
:1004A00003FA06F10843E0600CE0206905EB45071C
:1004B000072606FA07F1884305EB450603FA06F11D
:1004C00008432061072A0FDA606B561E06EB860789
:1004D0001F2606FA07F18843561E06EB860605FA24
:1004E00006F10843606322E00D2A0FDA206BD61F65
:1004F00006EB86071F2606FA07F18843D61F06EB90
:10050000860605FA06F10843206310E0E06AA2F1CE
:100510000D0606EB86071F2606FA07F18843A2F1AF
:100520000D0606EB860605FA06F10843E062F0BD0B
:10053000816841F008018160704721B1826842F40E
:10054000A002826003E0826822F4A0028260704709
:10055000816841F0040181607047000010B50748D0
:10056000FFF74EFF044606480088844201DD044838
:10057000048001210148FFF7E0FF10BD0024014085
:10058000CC020020F8B507460C4615466B462A46B5
:100590002146024806F08EFF0646F8BD5C13002097
:1005A00010B5044624B1012C07D0022C15D10AE065
:1005B0001021012003F00EFB10E04FF480510220C7
:1005C00003F0B0FA0AE01021012003F003FB4FF41E
:1005D0008051022003F0A6FA00E000BF00BF10BD6A
:1005E00000BFFEE70146CAB20B1243EA0220704781
:1005F00010B5002404E0A748005DA7490855641C15
:10060000A64800888442F6D3A3484068A4494860BD
:10061000A14880688860A14800881F280FD0022068
:10062000FFF7BEFF00209C490860487B1A22052185
:1006300003F094FB0021012003F072FB10BD9648EB
:10064000C07B282803D09448C07B2A2816D1924822
:10065000407C01069048807C41EA00418E48C07C85
:1006600041EA00208C49097D08438E4908608A4888
:10067000C17D807D41EA00208B4908608648006882
:100680008A4988426FD18448407B894909688842F9
:1006900007D88148807B012803DB7F48807B1028B6
:1006A0000DDD0220FFF77CFF7B49487B24220521DA
:1006B00003F054FB0021012003F032FBE8E0764810
:1006C000C07B25285FD01BDC15286FD00EDC0828E6
:1006D0006DD006DC00285BD0032830D0042867D119
:1006E00076E00A2873D01228F9D12DE01A380A28AA
:1006F0005ED2DFE800F0392EB17D33B1B1B1B14344
:100700008A286FD00EDC552867D006DC282844D014
:100710002A284ED02F28E2D154E05A2829D0882800
:10072000DDD176E0A8286DD004DC8F286FD09E281C
:10073000D5D173E0AA287BD0AF28D0D182E056492A
:10074000487B03F0B9F895E05349487B02F0A0FFDD
:1007500090E05149487B03F0C3F88BE04E49487B59
:1007600003F0BEF886E086E04B49487B02F0DAFFF2
:1007700080E04949487B02F0CBFF7BE04649487B5B
:1007800003F05CF876E04449487B03F011F871E02F
:100790004149487B03F0ACF86CE03F49487B424953
:1007A0000A684049096802F0C7FF63E01BE024E0E3
:1007B00052E03949487B3C490A683A49096803F0E4
:1007C000D3F857E03449487B03F0AEF852E02AE012
:1007D0003149487B02F03EFF4CE02F49487B02F054
:1007E00075FF47E029E02C49487B02F06FFF41E0AC
:1007F0002949487B02F06AFF3CE02749487B02F028
:1008000065FF37E02449487B02F060FF32E01EE0DC
:100810000EE02149487B02F059FF2BE01E49487B3E
:1008200002F054FF26E01C49487B02F04FFF21E014
:100830001949487B02F04AFF1CE01749487B02F047
:1008400045FF17E01449487B02F040FF12E01249CF
:10085000487B02F03BFF0DE00220FFF7A1FE0E49AE
:10086000487B2022052103F079FA0021012003F0C2
:1008700057FA00BF0CE00220FFF792FE0649487BC2
:100880002022052103F06AFA0021012003F048FA32
:1008900000BFD3E690840020D08400206A010020AD
:1008A000F08400206C010020700100205553424369
:1008B000E400002010B5002449E047F6FF70294904
:1008C00008602948008800F00F0028490870084691
:1008D0000078274901EB8000D0F8000C84B204F4C2
:1008E0000040C8B12148007801EB8000D0F8000C2E
:1008F000C0F30E0048F68F7108401C4909781C4A65
:1009000002EB8101C1F8000C18490978491E194A07
:1009100052F8210080471AE004F08000B8B1134873
:100920000078134901EB8000D0F8000C48F60F71F5
:1009300008400E4909780E4A02EB8101C1F8000C0B
:100940000A490978491E0C4A52F821008047054897
:10095000006880B20449088000F400400028ACD14F
:1009600010BD0000445C00409001002064020020A3
:1009700000500040B00100209401002008B5002084
:10098000009022E19748008800F00F009649087017
:100990000846007800287CD1944800689449088073
:1009A0000846008800F0300092490880904800888E
:1009B00000F440508E4908808C4909684BF6BF729C
:1009C00001EA020080F4005080F0200040F4004171
:1009D00041F08001854A11608248008800F01000D3
:1009E00090BB1046006848F60F7108401146086039
:1009F00001F0B6F97D4909684BF6BF7201EA0200C1
:100A00007B49098801F4805109B180F4805078490C
:100A1000098801F4005109B180F400507549098832
:100A200001F0100109B180F010007249098801F04D
:100A3000200109B180F0200081B241F4004141F071
:100A400080016A4A116008BDFFE76848006880B20B
:100A50000090BDF8000000F40060B0B36348006887
:100A6000C0F30E0048F68F7108406049086003F03B
:100A70007BF95E4909684BF6BF7201EA02005C49E6
:100A8000098801F4805109B180F4805058490988DF
:100A900000E056E001F4005109B180F400505549DE
:100AA000098801F0100109B180F01000514909884E
:100AB00001F0200109B180F0200081B241F4004131
:100AC00041F08001494A1160BDE7FFE7BDF8000031
:100AD00000F40040002878D044480068C0F30E00BD
:100AE00048F68F7108404149086001F089FD3F498F
:100AF00009684BF6BF7201EA02003D49098801F41A
:100B0000805109B180F480503949098801F40051BD
:100B100009B180F400503749098801F0100109B18A
:100B200080F010003349098801F0200109B180F0FC
:100B3000200081B241F4004141F080012B4A116054
:100B400081E7294800782C4901EB8000D0F8000C9F
:100B500080B20090BDF8000000F40040C0B122480F
:100B6000007801EB8000D0F8000CC0F30E0048F6CE
:100B70008F7108401C4909781F4A02EB8101C1F8B6
:100B8000000C19490978491E1C4A52F82100804777
:100B9000BDF8000000F08000B8B113480078164995
:100BA00001EB8000D0F8000C48F60F7108400E49A8
:100BB0000978114A02EB8101C1F8000C0A49097851
:100BC000491E0F4A52F82100804708484430006807
:100BD00080B20449088000F4004000287FF4D2AEBF
:100BE00000BF30E79001002064020020005C00405C
:100BF000780200207A02002000500040B00100205E
:100C00009401002010B53748807F90B1002035490D
:100C100088773548006802F0BAFC05F075F804469C
:100C20003048007CA04204D02E48047401202D4995
:100C300048742E48407858B101202A494873084624
:100C4000807BA8B100208873887B08F0D1FA0FE080
:100C50002448407B60B10020224948730846407E0A
:100C600030B10846C07F18B10021214805F0C4FC0E
:100C70001C48407B48B11B48807B20B300201949A9
:100C80008873887B08F0B4FA2BE01A48007840B1EA
:100C900000201849087013498873887B08F0A8FA67
:100CA0001FE01548006800F0080068B10D48807B1F
:100CB0000C49097C884214D00A48007C0949887391
:100CC000887B08F095FA0CE00648807B0549C97BD3
:100CD000884206D00348C07B02498873887B08F0AD
:100CE00087FA10BDFC020020C402002028850020E5
:100CF0008423002006000020080801400B4A02EB74
:100D00008001D1F8001C01F4804171B102EB800137
:100D1000D1F8001C48F68F7211404CF2800211434A
:100D2000024B03EB8002C2F8001C704700500040E9
:100D30000B4A02EB8001D1F8001C01F0400171B1B7
:100D400002EB8001D1F8001C48F68F72114048F286
:100D5000C0021143024B03EB8002C2F8001C704733
:100D600000500040084A02EB8001D1F8001C48F610
:100D70008F62114048F280021143034B03EB800263
:100D8000C2F8001C704700000050004010B503E09E
:100D90004FF47A7000F05AFB02F0E6F80128F7D120
:100DA00010BD08B54FF4407001F07AFB25208DF896
:100DB000000003208DF8010000208DF802000120C2
:100DC0008DF80300684601F033FB08BD10B586B00E
:100DD0002BA30FCB01AC0FC400222DA12D4806F090
:100DE00021F904462CB12C4850F824102BA004F013
:100DF000DBFA30A005F047FD04461CB92FA004F033
:100E0000D3FA10E0082C06D1234850F8241030A063
:100E100004F0CAFA07E0204850F8241032A004F089
:100E2000C3FA06B010BD0A2201A9364806F028F917
:100E300004462CB1184850F8241033A004F0B4FA3A
:100E400001A936A004F0B0FA05AB302237492D488D
:100E500006F030FB04462CB10F4850F8241034A0A3
:100E600004F0A2FA37A004F09FFA264805F0B4FB7C
:100E7000002207A1104606F0D5F8044600BFD0E7CF
:100E80002F7379732F436F6E6669672E696E6900E1
:100E9000303A00002C03002014000020B9D2D4D82E
:100EA000CEC4BCFECFB5CDB3CAA7B0DC2028257315
:100EB000290D0A002F73797300000000665F6D6BC7
:100EC000646972202F737973204F6B0D0A00000044
:100ED0002F73797320C4BFC2BCD2D1BEADB4E6D4E7
:100EE000DA282573290D0A00665F6D6B646972202C
:100EF0002F73797320CAA7B0DC20282573290D0A27
:100F0000000000005C130020CEC4BCFEB4F2BFAAF7
:100F1000CAA7B0DC20282573290D0A00BFAACABCC5
:100F2000D0B4CEC4BCFE2025730D0A007095000815
:100F3000CEC4BCFED0B4CAA7B0DC20282573290DCE
:100F40000A000000CEC4BCFED0B4B3C9B9A60D0AD5
:100F500000000000F0B589B005460E461746002295
:100F600019A11A4806F05EF804462CB1184850F84A
:100F7000241018A004F018FA1CA102A806F032F9F7
:100F800004463CB1124850F8241019A004F00CFAA1
:100F900009B0F0BD0A2229461B4806F071F8044644
:100FA00001AB3A463146184806F084FA044624B9A3
:100FB000294616A004F0F8F903E0294618A004F029
:100FC000F3F900BFE4E70000303A00002C030020F2
:100FD00014000020B9D2D4D8CEC4BCFECFB5CDB356
:100FE000CAA7B0DC20282573290D0A00303A2F004B
:100FF000B4F2BFAAB8F9C4BFC2BCCAA7B0DC2028EB
:101000002573290D0A0000005C130020257320CEF3
:10101000C4BCFED0B4C8EBB3C9B9A60D0A00000029
:10102000257320CEC4BCFED0B4C8EBCAA7B0DC0D7B
:101030000A0000002DE9F0472848006800F110057B
:101040002E8826480068077AD6B9042F18D124487C
:10105000007801280FD100212248006880B2801C4E
:10106000214A42F8101030202049088000BF00209B
:101070001B49087003E0072710201C49088027E05F
:10108000AC88A64201D8042000E002200746B44202
:1010900000D93446A0B2A96888478046002000F0F5
:1010A00017FD8146A2B24946404603F035FDA1B284
:1010B000002002F081FD2888001B288068882044D9
:1010C000688030200949088000020949088000BF73
:1010D000024909680F72BDE8F0870000680200202D
:1010E0007E020020505C0040006000407A02002038
:1010F000780200202DE9F0412848006800F1100432
:101100002688A068C0B1BEB1A588B54200D93546D1
:10111000A8B2A168884707462088401B20806088C5
:1011200028446080002000F0B1FC8046AAB241460D
:10113000384601F08DFA00BF208850B14FF440507E
:10114000174908800021084602F036FD3020154975
:1011500008802088A188884204DB03200F490968A1
:10116000087218E02088002804DD05200B49096872
:10117000087210E0208870B90620084909680872D2
:1011800000210948006880B2801C084A42F810100B
:10119000302004490880BDE8F0810000680200208A
:1011A000780200207A020020505C0040006000407D
:1011B0002DE9F84F9B48006845780027BA46062D70
:1011C0001BD198480068007800F07F00002813D1F8
:1011D000944909688878012803D193490968CF693F
:1011E0000AE0022803D1904909680F6A04E0032845
:1011F00002D18D4909684F6A94E0002D64D1894875
:101200000068408800285FD186480068C0880228AE
:101210005AD1844800680079002855D18148006877
:10122000007800F07F0028B97E480068808808B9FF
:101230007E4F77E07B480068007800F07F0001284F
:1012400010D1784909684879774909688A69002185
:101250009047002866D173480068807A002861D0E2
:10126000724F5FE06F480068007800F07F0002284E
:1012700058D16C480068407900F00F066948006852
:10128000407900F0700967480068407900F08000FC
:1012900038B1674901EB8600D0F8000C00F0300847
:1012A00006E0634901EB8600D0F8000C00F44058DA
:1012B00060480078B04235D9B9F1000F32D1B8F1A9
:1012C000000F2FD0594F2DE0082D07D15548006849
:1012D000007800F07F0028BB574F23E00A2D21D172
:1012E00050480068007800F07F0001281AD14D486E
:1012F0000068807AB0B14B480068408890B949488E
:101300000068007970B947480068C088012809D191
:10131000444909684879444909688A690021904725
:1013200000B9464F57B13F480068A0F812A03D48A9
:10133000006887610020B84700240FE0394A12682E
:101340005078394A1268116988470446032C05D140
:101350000920344909680872BDE8F88F31480068EF
:10136000008A4FF6FF71884204D109202D4909688F
:101370000872F1E7022C03D02A480068008A20B9DD
:101380000820284909680872E6E7264800680078BE
:1013900000F08000E0B323480068C0880090214836
:1013A0000068008A0099884204D91E49009809689B
:1013B000088223E01B480068008A1A490968C98826
:1013C00088421BDA17480068008A1749096891F8B3
:1013D0002C10884203DA0020194908700EE01148E9
:1013E0000068008A1049096891F82C1090FBF1F20E
:1013F00001FB120010B90120114908700A48006869
:1014000090F82C10074800688182FFF713FE07E070
:10141000FFE70320034909680872000309490880AF
:1014200000BF99E7680200206C02002061420008BA
:1014300000500040CC010020E54100083542000882
:101440007E020020780200207047000001B50449A8
:101450000098086000BF024800680028FBD108BD62
:101460000800002038B505462F480078401CC0B25F
:101470008DF800002C484078401CC0B28DF8010067
:1014800029488078401CC0B28DF802002648C078F8
:10149000401CC0B28DF803006A460C21284603F0B8
:1014A0003BFF01220021284603F0FEFE01221146E7
:1014B000284603F0F9FE0520FFF7C8FF0321284660
:1014C00001F002FF132806D010220121284603F064
:1014D000EBFE002038BD04220121284603F0E4FE83
:1014E00000BF00240221284601F0EEFE044624B18C
:1014F00022460221284603F0D7FE0520FFF7A6FF6B
:1015000004F00800082801D10020E3E7062128465E
:1015100001F0DAFEFF2806D010220121284603F050
:10152000C3FE0120D6E7DCE77C97002010B500F071
:10153000A1FE10BD10B500F0D7FE10BD10B52020E3
:1015400000F010F828B1012002498877202000F02F
:1015500003F810BDFC02002001490860704700003C
:1015600014040140014600200022074B1B6803EAD7
:101570000102054B14331B680B4013B10AB1012063
:1015800000E00020704700000004014000212349D2
:101590008279002A3AD00A46126803689A430B46B9
:1015A0001A600A1D126803689A430B1D1A600279BB
:1015B00011440A6803681A430A60184A083212681C
:1015C00003689A43154B08331A601A1D12680368A2
:1015D0009A43124B0C331A604279102A0ED11A1F0B
:1015E000126803681A430D4B08331A601A1D1268FB
:1015F00003681A43094B0C331A600DE0074942791E
:1016000011440A6803681A430A6005E0027911442C
:101610000A6803689A430A607047000000040140AA
:1016200004200B49C96801F0010109B101200EE055
:101630000749C96801F0040109B1022007E0044923
:10164000C96801F0100109B1032000E004207047CF
:101650000020024000200449C96901F0020109B1DB
:10166000012000E00020704700200240034800698C
:1016700040F08000014908617047000000200240EE
:1016800030B5054604244FF4302000F05BF80446E2
:10169000042C41D1214822498860224888600846AC
:1016A000006940F0200008610846006940F04000F1
:1016B00008614FF4302000F045F80446042C22D194
:1016C0001748006941F6DF7108401549086108466E
:1016D000006940F0100008611DB100201249088027
:1016E00002E0A520104908804FF4302000F02AF8CD
:1016F0000446052C10D00A48006941F6EF710840F5
:101700000749086108E0052C06D00548006941F644
:10171000DF71084002490861204630BD230167455A
:1017200000200240AB89EFCD00F8FF1F02480349BB
:101730004860034848607047230167450020024025
:10174000AB89EFCD00B502460423FFF769FF0346DE
:1017500003E0FFF765FF0346521E012B01D1002A6B
:10176000F7D102B90523184600BD000010B50448A2
:1017700004F032FF002203A1104605F053FC10BD17
:101780005C130020303A000010B500221EA11F4853
:1017900005F048FC044634B11D4850F824101DA043
:1017A00003F002FE05E01A4850F824101FA003F0D1
:1017B000FBFD4FF48052002113A005F015F90446FB
:1017C00034B1134850F824101EA003F0EDFD05E0DD
:1017D0000F4850F8241020A003F0E6FD00220AA1D3
:1017E000104605F01FFC044634B1094850F8241097
:1017F0001EA003F0D9FD05E0054850F8241021A0F3
:1018000003F0D2FD10BD0000303A00002C03002090
:1018100014000020B9D2D4D8CEC4BCFECFB5CDB30D
:10182000CAA7B0DC20282573290D0A00B9D2D4D864
:10183000CEC4BCFECFB5CDB3B3C9B9A6202825739D
:10184000290D0A00B8F1CABDBBAFCAA7B0DC202879
:101850002573290D0A000000B8F1CABDBBAFB3C99A
:10186000B9A620282573290D0A000000D0B6D4D8C7
:10187000CEC4BCFECFB5CDB3CAA7B0DC202825733B
:10188000290D0A00D0B6D4D8CEC4BCFECFB5CDB396
:10189000B3C9B9A620282573290D0A0030B5002246
:1018A0008B071C0F0F2303FA04F20B4B8C1053F819
:1018B00024309343084C8D1044F8253023468C1077
:1018C00053F824308C07240F00FA04F42343024C0D
:1018D0008D1044F8253030BD080001402DE9F0415D
:1018E000024600250026002000230024002791F84E
:1018F00003C00CF00F0591F803C00CF0100CBCF104
:10190000000F03D091F802C04CEA050591F800C021
:10191000BCF1000F31D0146800202BE04FF0010C17
:101920000CFA00F3B1F800C00CEA03069E4220D185
:1019300083004FF00F0C0CFA03F7BC4305FA03FCCD
:101940004CEA040491F803C0BCF1280F06D14FF013
:10195000010C0CFA00FCC2F814C00AE091F803C0B4
:10196000BCF1480F05D14FF0010C0CFA00FCC2F895
:1019700010C0401C0828D1D31460B1F800C0BCF1DD
:10198000FF0F34DD546800202EE000F1080C4FF00A
:10199000010808FA0CF3B1F800C00CEA03069E42F5
:1019A00021D183004FF00F0C0CFA03F7BC4305FA6A
:1019B00003FC4CEA040491F803C0BCF1280F05D1E4
:1019C00000F1080C08FA0CF8C2F8148091F803C072
:1019D000BCF1480F07D100F1080C4FF0010808FADC
:1019E0000CF8C2F81080401C0828CED35460BDE823
:1019F000F0810000F0B50A460023002400210025F4
:101A000000F00046B6F1004F02D11D4EF16901E031
:101A10001B4E7168C0F3034583B200F44016B6F55F
:101A2000401F08D121F07061154E766826F070666F
:101A3000134F7E6012E000F48016B6F5801F06D1C9
:101A4000032606FA05F4A14341F0706106E0460D55
:101A5000360103FA06F6B14341F0706122B1460D3A
:101A6000360103FA06F6314300F00046B6F1004FA6
:101A700002D1034EF16101E0014E7160F0BD000042
:101A8000000001404161704701617047014605480F
:101A9000006880B200EBC100001D034A32F810005C
:101AA00080B27047505C004000600040014606482C
:101AB000006880B200EBC100801D044A32F81000BB
:101AC000C0F3090070470000505C00400060004017
:101AD00001460548006880B200EBC100034A32F8B5
:101AE000100080B270470000505C00400060004071
:101AF000014629B90120034A12681082002070476C
:101B00000148FCE768020020E400002070B50A48A4
:101B10000468001D0568001D0668344454B108229D
:101B20000649204600F09EF9042204491031284657
:101B300000F098F970BD0000E8F7FF1F7601002063
:101B400000BFFEE721B1028842F48062028004E017
:101B500002884FF6FF331A400280704770B5024684
:101B60000024002500230020958A138B1B0445EADE
:101B7000030626F07F4404EA01068E4201D10120CB
:101B800000E0002070BD21B1028842F00102028015
:101B900004E002884FF6FE731A400280704721B1BC
:101BA000028842F48072028004E002884FF6FF63EC
:101BB0001A400280704721B1028842F4007202800C
:101BC00004E002884FF6FF531A40028070470CB5BC
:101BD0000246002000230193009300920B0F019313
:101BE00021F07F41019B1BB1009B1433009303E064
:101BF000090C009B18330093009B1B680B400BB132
:101C0000012000E000200CBD2DE9F04385B0044622
:101C10000D460026B1460427DFF8CC80A6884FF693
:101C2000C0700640684600F0FBFFDDF808802F48D2
:101C3000B8FBF0F01FFA80F946EA0906A680208872
:101C40004FF6FE7108402080002629492868884206
:101C50000CD828684000B8FBF0F087B2042F00DAF7
:101C600004273E4309F10100208427E0E8884BF671
:101C7000FF71884206D1286800EB4000B8FBF0F005
:101C800087B209E0286800EBC00101EB0010B8FB47
:101C9000F0F087B247F48047C7F30B0008B947F06C
:101CA000010747F4004006434FF4967009FB00F02B
:101CB0004FF47A7190FBF1F0401C2084A6832088B9
:101CC00040F00100208026884FF6F5300640A888B5
:101CD0006989084306432680A88929890843208109
:101CE00005B0BDE8F083000000127A0040420F000A
:101CF000A08601000146088AC0B2704712B141F0C7
:101D0000010102E04FF6FE73194001827047018223
:101D1000704700004CF6CC40014908607047000055
:101D20000030004010B500F001F810BD4AF6AA20BE
:101D300001490860704700000030004001494860D8
:101D40007047000000300040014988607047000083
:101D5000003000400149086070470000003000403A
:101D600010B518480068047A022C01D0042C05D163
:101D7000FFF760F913480068047A1CE0062C19D1BB
:101D800010480068407805280ED10E480068007899
:101D900000F07F0040B90B490968C87801F062FE85
:101DA00009490968086A80470849096888688047BE
:101DB000082400E00824034909680C7200F048FD7B
:101DC00010BD000068020020740200206C02002098
:101DD00000B585B00121052000F008FF012188032E
:101DE00000F004FF4FF40070ADF8100018208DF8DB
:101DF000130003208DF8120004A91848FFF76EFDA8
:101E00004FF48060ADF8100004208DF8130004A991
:101E10001248FFF763FD4FF4E13000900020ADF869
:101E20000400ADF80600ADF80800ADF80C000C2079
:101E3000ADF80A0069460A4802F066FC012240F249
:101E40002551074802F03BFC0121054802F001FC46
:101E50004021034802F0F4FB05B000BD000801403A
:101E60000038014030B50B46002100BF16E00A24BF
:101E7000B4EB107F05D9302404EB107403F8114043
:101E800005E0412404EB10740A3C03F81140000102
:101E900000254C00641C1D554C1CE1B29142E6DB50
:101EA00030BD000010B508210148FFF7EDFD10BD61
:101EB000000C014010B508210148FFF7E3FD10BDFB
:101EC000000C014001782A4A1170417851708178E4
:101ED0009170C178D17001791171427924494A71A8
:101EE00082798A71C279CA71017A214A1172427A61
:101EF0001F494A72827A8A72C27ACA7202211D4AC4
:101F0000117000219174032182F8241082F8361098
:101F100082F8481082F85A1082F86C1082F87E100D
:101F200041F2883191804A1C1249CA82521C0A85AA
:101F30000C210F4A117329220D494A73AB228A736F
:101F40007C22CA7300220A7401224A740021094AC1
:101F5000517000220749CA7481F825200021054AE2
:101F60009170002203490A7581F82620704700000D
:101F70007C9700208E97002010B50446242221462D
:101F80000148FEF7F1F810BDEC33002070B50446AF
:101F900000259CB906F09CFC094988420DD14FF4FC
:101FA00080600849086080000749086005480068AB
:101FB000096848430549086000E00125284670BDCE
:101FC0001840EF00E0000020DC000020D8000020D6
:101FD0002DE9F04105460F4616461C4614B900206F
:101FE000BDE8F08125B922463946304606F040FC6E
:101FF0000020F5E72DE9F04105460F4616461C4640
:1020000014B90120BDE8F08125B922463946304691
:1020100006F02AFD0020F5E770B5054600241448B7
:102020000068007800F07F00212810D1FE2D0ED12D
:102030000F480068408850B90D480068808830B962
:102040000B480068C088012801D10A4C01E0022039
:1020500070BD0CB90220FBE70548006884610021CF
:102060000348006841820020A0470020F0E70000FC
:1020700068020020F11A000810B504460249204603
:1020800002F0C6F810BD00002C02002010B5044676
:102090000249204602F0BCF810BD000024020020D6
:1020A00070B5054606480068C478052C01DD00209F
:1020B00070BD044800EBC401284602F0A9F8F7E718
:1020C00068020020340200200246002901DD0220BF
:1020D0007047002A01DD0220FAE70020F8E700003F
:1020E00010B5044611480068007800F07F002128F0
:1020F0001AD1FF2C18D10D4800684088A0B90B48B0
:102100000068808880B909480068C08860B90120EB
:10211000FEF70EFE0220FEF7F1FD054805490860B6
:1021200000200549087010BD0220FCE7680200206D
:1021300055534243D08400206801002010B5002090
:10214000324988723248C0793249096848720020A1
:1021500001F080FC4FF40071002001F05BFD2021B4
:10216000002001F037FD1821002001F0A3FC2A48CF
:1021700090F82C10002001F0AFFC5821002001F055
:102180000BFD0020FEF7EEFD002001F0EBFC00212E
:10219000012001F03FFD9821012001F0FDFC2021EC
:1021A000012001F017FD0021012001F0BBFC0021FE
:1021B000022001F02FFDD821022001F07BFC1648FF
:1021C00090F82C10022001F087FC4FF440510220BF
:1021D00001F0A8FC0021022001F0FCFC0E4890F860
:1021E0002C10002001F078FC002001F0BBFC002046
:1021F00001F038FC012009490860094809490860D4
:1022000000200949087002F035FB10BD0085002050
:10221000B295000868020020D00100205C02002076
:1022200055534243D0840020680100207047704716
:1022300010B5FFF76BFC002005490968887200F0B3
:102240002BFB02F01FFB00200249086010BD0000BC
:10225000680200205C02002010B5044800680449B0
:10226000884202D00220FEF79BF910BDD0840020E6
:102270005553424310B518480078022810D003285F
:102280001DD0042802D0052823D100E000BF002083
:10229000114908704FF44051022001F043FC19E04D
:1022A0000E48C07B282808D10C49487B0C490A6895
:1022B0000C49096801F040FA00BF00BF0AE00121A3
:1022C000002001F02DFD4FF44051022001F02AFCC6
:1022D00000E000BF00BF10BD68010020D0840020D6
:1022E000700100206C01002010B51D48C47B1D4901
:1022F000022002F0D9FA1C4908801C48007810B16D
:1023000001281CD102E0FEF773F926E02A2C08D13F
:102310001349487B16490A681649096801F024FBED
:102320001BE00120FEF73CF90D49487B24220521E2
:1023300001F014FD0021022001F0F2FC0DE002206A
:10234000FEF72EF90649487B2422052101F006FDFF
:102350000021022001F0E4FC00BF00BF10BD00001E
:10236000D0840020908400206A01002068010020B1
:10237000700100206C01002010B508480068807AC8
:1023800058B10520064908600120FEF7D1FC022063
:10239000FEF7B4FC00200349087010BD680200205D
:1023A0005C02002068010020042001490860704799
:1023B0005C02002000BFFEE738B506F0F5FEF8B17C
:1023C0006B4620220F49104804F043FF04466CB1CD
:1023D0000E490FA002F0E8FF0B4804F0FDF80020C2
:1023E0000A49487600F04AF9012038BD009808B93A
:1023F0000120FAE706F062FE2021024806F0B7FF4E
:102400000020F2E71074002084230020FC0200204A
:102410006661696C656420746F2072656164204632
:10242000696C65203A2025730D0A000070477047DB
:1024300070B5002100230F22C47804B3154C246822
:1024400004F4E064C4F5E064210AC1F10403CA4065
:10245000447804FA03F184781440214309010E4CB6
:102460000678A155047804F01F050124AC400578D6
:102470006D11AD0005F1E025C5F8004109E00478D3
:1024800004F01F050124AC40044D0678761145F890
:10249000264070BD0CED00E000E400E080E100E0CB
:1024A00002490143024A1160704700000000FA052A
:1024B0000CED00E010B50446201201F0A5FDE0B2DD
:1024C00001F0A2FD10BD000070B50226474800686B
:1024D000447846480068007800F07F00002844D126
:1024E000092C03D101F03CFF06465FE0052C14D116
:1024F0003E480068C0787F280BDC3C480068807844
:1025000038B93A480068808818B938480068807A35
:1025100008B1082565E0002648E0032C0ED13348B9
:102520000068C078012807D130480068808818B951
:1025300001F03AFF064639E0022637E0012C35D19A
:102540002A480068C07801280DD128480068808892
:1025500048B926480068407A00F0200018B101F020
:102560008BFD064622E0022620E020480068007825
:1025700000F07F00012805D10B2C17D101F090FF4E
:10258000064613E019480068007800F07F00022832
:102590000BD1012C03D101F06FFD064606E0032CA0
:1025A00004D101F015FF064600E002264EB1E0B26C
:1025B0000F4A1268516988470646032E01D1092542
:1025C0000FE00EB108250CE006250021094800683F
:1025D00080B2801C084A42F8101030200749088059
:1025E00000BF024909680D7270BD0000680200203A
:1025F0006C020020505C0040006000407A02002025
:1026000010B511480068047A022C01D0042C01D1C5
:10261000082412E0032C01D0052C05D1FEF76AFD39
:1026200009480068047A08E0072C05D107490968C1
:10263000C8688047082400E00824034909680C7230
:1026400000F006F910BD0000680200206C020020B6
:10265000F0B5561C7510074E06EB41042B4605E0FD
:1026600034F8047B20F8017B401C5B1E002BF7D163
:10267000F0BD0000006000407047000010B5154834
:10268000006880F008001349086006F0C3FD0022CE
:1026900011A1124804F0C6FC04462CB1104850F8B1
:1026A000241010A002F080FE01221449144804F006
:1026B000E7FC044624B1114912A002F075FE10BDDA
:1026C0000E4915A002F070FE01200C49487600BFAB
:1026D000F5E700000C0C0140303A00002C0300200C
:1026E00014000020B9D2D4D8CEC4BCFECFB5CDB32F
:1026F000CAA7B0DC282573290D0A0000FC020020BF
:1027000084230020B4F2BFAA2573CEC4BCFECAA79E
:10271000B0DC0D0A000000004E6F7720506C61792C
:102720003A2573210D0A000010B54148407E00286B
:102730007DD03F48C07F002879D0FFF73DFE0028BC
:1027400059D03B48C07E002845D0394890F82D002C
:10275000012836D10020364981F82D00354800780F
:10276000012819D1084690F8290001280FD100202E
:1027700081F828000D212E48FDF70FFD2C4991F816
:10278000280005F0F3FB0120294988764FE000205E
:10279000274981F828004AE026480078022846D1D7
:1027A0000120234981F828000D212148FDF7F5FC7F
:1027B0001F4991F8280005F0D9FB01201C498876B3
:1027C00035E000211C4803F017FF00201849C877A6
:1027D000012008622BE0184803F0FEFE0020144997
:1027E0004876C877012008621448006880F0080025
:1027F000124908601BE001200D49C8770846007F98
:10280000A8B100200877C876C8770B4803F0E4FE2B
:102810000020074948760948006880F00800074909
:10282000086001200249086205A002F0BDFD10BD4C
:10283000FC0200208F020020842300200C0C0140A9
:1028400053746F7020506C61793A2573210D0A0022
:1028500010B50D4890F82C10002001F03DF90B4800
:102860000068007A082805D1400209490880102034
:102870000849088005480068007A092801D101202C
:1028800010BD0020FCE70000D001002068020020FD
:10289000780200207A02002010B5012001F0AAFF82
:1028A00001240B48046000200A490880084600887B
:1028B000074908600020091D08604FF4E0500549F1
:1028C00008800846008802490860002010BD00000A
:1028D000405C0040720200202DE9F0410446B349FB
:1028E000204600F06BFC8046002C7DD1AF48007A7A
:1028F00055287AD1AD48407ABB28FAD1AB48007848
:10290000AB490978884230D1A8484078A84949782D
:1029100088422AD1A5488078A5498978884224D15F
:10292000A248007804EBC401A24A02EB41010873FB
:102930009E48417804EBC40002EB400041739B4881
:10294000817804EBC40002EB400081739748C178A2
:1029500004EBC40002EB4000C17341F66C6004EB71
:10296000C40102EB410108821DE0FF2004EBC40119
:10297000904A02EB41010873FF2104EBC40002EB13
:102980004000417304EBC40002EB4000817304EB90
:10299000C40002EB4000C17341F66C6004EBC4015B
:1029A00002EB41010882552083490870CC20487011
:1029B0007F48007888707E484078C8707C4880786E
:1029C00008717B48C07848717948007988717848E7
:1029D0004079C8717648807908727548C079487224
:1029E0007348007A887201E057E022E07048407A2C
:1029F000C8726F48807A08736D48C07A487301F1D5
:102A00000E0005F0B7F900206B498874022508E034
:102A10006948807C6849495D084467498874681C36
:102A200085B2122DF4DB13226349204602F08CFBA1
:102A3000BAE05E48007A5528FAD15C48407ADD2831
:102A4000F6D100270A2505E05848405D3844C7B252
:102A5000681C85B2162DF7DB5448807DB842E7D15B
:102A60000C22002151480A3002F03CFAFEF78EF9A0
:102A7000552051490870EE20487041F66C6004EB17
:102A8000C4014C4A02EB4101088202224A49204615
:102A900002F05AFB02F03EF986E0012CC8D147480B
:102AA000006880F008004549086008F0FF013F48D1
:102AB00000F04AFC0646012E0FD14F203E49087017
:102AC0004B2048700222204602F03EFB3B48006843
:102AD00080F008003949086066E0022E25D13220D6
:102AE00035490870602048700D213348801CFDF77F
:102AF00054FB04203049C873012008740020487436
:102B0000012088740020C87408754875AA2088754B
:102B1000CC20C8751822204602F016FB2748006812
:102B200080F00800254908603EE0032E3CD13220A9
:102B300021490870602048700D211F48801CFDF756
:102B40002CFB03201C49C873012008740020487422
:102B5000012088740020C8742B2008750020487557
:102B60001748006800F013FD134916480268C1F8C1
:102B7000162082884A8380790877242212490E48D9
:102B80001D30FDF7F1FAAA200B4981F84100CC2055
:102B900081F842004322204602F0D6FA0748006836
:102BA00080F0080005490860BDE8F0811E9800200B
:102BB0007C9700208E9700201EA000200C0C014066
:102BC000C4020020BC020020EC33002029B1064AD8
:102BD000D2690243044BDA6104E0034AD2698243BA
:102BE000014BDA61704700000010024029B1064A2B
:102BF00092690243044B9A6104E0034A926982435A
:102C0000014B9A6170470000001002400348406A7F
:102C100040F0807001494862704700000010024097
:102C200030B500210022002400232D4D6D6805F0F1
:102C30000C0121B1042905D0082923D105E0294D33
:102C4000056022E0274D05601FE0254D6D6805F405
:102C50007012234D6D6805F48034022505EB924215
:102C60001CB9214D554305600BE01D4D6D6805F401
:102C700000351DB11C4D5543056002E0194D55430B
:102C8000056002E0174D056000BF00BF144D6D6880
:102C900005F0F0010909154D6B5C0568DD404560E4
:102CA0000F4D6D6805F4E061090A104D6B5C4568D5
:102CB000DD4085600A4D6D6805F46051C90A0B4D11
:102CC0006B5C4568DD40C560054D6D6805F44041AD
:102CD000890B074D6B5CC568B5FBF3F5056130BD2D
:102CE0000010024000127A0000093D00C4000020DC
:102CF000D400002010B501460022002300204A1114
:102D0000012A02D1094C236806E0022A02D1074CAD
:102D1000236A01E0054C636A01F01F02012494401C
:102D20001C400CB1012000E0002010BD001002404A
:102D30002DE9F04106460F4615461C4600BF4FF4EC
:102D400000313348FEF743FF0028F8D10121304815
:102D5000FEF7F8FE01212E48FEF721FF00BF2D49A6
:102D60002B48FEF7FBFE0028F9D000223146284808
:102D7000FEF7C4FF00BF28492548FEF7EFFE0028F4
:102D8000F9D039462248FEF7C2FF00BF2249891C0C
:102D90001F48FEF7E3FE0028F8D001211C48FEF78B
:102DA000FEFE00BF1B491A48FEF7D8FE0028F9D0E6
:102DB000012231461648FEF7A1FF00BF1549491C04
:102DC0001348FEF7CBFE0028F8D018E0012C07D1FD
:102DD00000210F48FEF7B6FE01210D48FEF7EBFE7D
:102DE00000BF0C493F310A48FEF7B8FE0028F8D072
:102DF0000748FEF77FFF05F8010B601EC4B2002CE8
:102E0000E4D101210248FEF79DFE0120BDE8F081DA
:102E10000054004001000300820007002DE9F0414A
:102E200005460F4614461E4601212248FEF7B7FE0E
:102E300000BF21491F48FEF791FE0028F9D000226B
:102E400029461C48FEF75AFF00BF1C491948FEF7E7
:102E500085FE0028F9D039461648FEF758FF00BF16
:102E60001649891C1348FEF779FE0028F8D00CE0BB
:102E700021781048FEF74BFF00BF1049891C0D4810
:102E8000FEF76CFE0028F8D0641C301EA6F101018C
:102E9000CEB2EDD101210748FEF78DFE00BF0548F7
:102EA000008800F40070B0F5007FF8D00020BDE885
:102EB000F081000000540040010003008200070080
:102EC00010B500220721DE2000F008F810BD10B573
:102ED00010220721DE2000F001F810BD70B5044675
:102EE0000E46154601211D48FEF759FE00BF1C493C
:102EF0001A48FEF733FE0028F9D000222146174871
:102F0000FEF7FCFE00BF17491448FEF727FE002815
:102F1000F9D031461148FEF7FAFE00BF1149891C6D
:102F20000E48FEF71BFE0028F8D029460B48FEF796
:102F3000EEFE00BF0B49891C0848FEF70FFE002873
:102F4000F8D001210548FEF736FE00BF034800888F
:102F500000F40070B0F5007FF8D070BD0054004060
:102F6000010003008200070010B500F01DF858B101
:102F700008A002F019FA0B48FEF7A4FF09480C302C
:102F8000FEF7FAFF012010BDFEF7FEFBFDF71EFF66
:102F90000020F8E7BCD3D4D8C5E4D6C3B2CECAFD6E
:102FA0000D0A00001034002038B5002221A122486B
:102FB00004F038F805462DB1204850F8251020A01F
:102FC00002F0F2F9012224A1274804F059F805463D
:102FD00055B126A002F0E8F9002216A1104604F02F
:102FE00021F80546002038BD6B46302227491E488F
:102FF00004F02FF905460098302810D124A002F0E3
:10300000D3F9002405E02148015D29A002F0CCF9A4
:10301000641C00988442F6D30EA002F0C5F9124851
:1030200003F0DAFA002203A1104603F0FBFF054685
:103030000120D8E7303A00002C03002014000020C3
:10304000B9D2D4D8CEC4BCFECFB5CDB3CAA7B0DCFC
:10305000282573290D0A00002F7379732F436F6E93
:103060006669672E696E69005C130020446F6E27E5
:10307000742046696E642046696C65203A20436F6F
:103080006E6669672E696E690D0A000010340020B3
:103090000D0A2F7379732F436F6E6669672E696E01
:1030A0006920CEC4BCFEC4DAC8DD203A200D0A0077
:1030B000253032782000000070B506460C461546D3
:1030C0003548007860B93548006860433449086085
:1030D0003248006868433349086001202E4908706F
:1030E0002D480078012844D12F480068B0B92B48FA
:1030F000008883B22D4A2A4801683046FEF768FFEF
:1031000040222A49812001F0E6FB2448006840382B
:103110002549086040202649086011E02348244AD8
:10312000126881184022812001F0D5FB1E480068FA
:1031300040381D4908601E48006840301C4908603E
:103140004021012000F038FD3021012000F042FD37
:10315000134800684030124908601248006840383F
:103160001049086013488068403812498860FEF7AB
:10317000A1FE0C48006870B900200B4908600C499A
:1031800008600749086003200B49087000200249C5
:103190000870FEF787FE70BDF8000020DC000020FC
:1031A000FC00002000010020E800002090740020B6
:1031B000EC000020F0840020680100202DE9F04799
:1031C00080460D462621404600F09AF8064616B97C
:1031D0000020BDE8F08740F2B450864200DD06468C
:1031E0002821404600F08CF80746B946C7F30A0785
:1031F0001020294948613846FFF75CF9182101EB96
:103200004811C8B200F000FFB819B0F5006F0BDA32
:10321000002406E0002000F0F7FE28706D1C601C02
:1032200084B2B442F6DB24E0C7F5006087B2002424
:1032300006E0002000F0E8FE28706D1C601C84B2DF
:10324000BC42F6DB10201449086148610020FFF7FA
:1032500031F9182101EB4811C8B200F0D5FE06E0A3
:10326000002000F0D1FE28706D1C601C84B2B442B6
:10327000F6DB10200849086109EB06001FFA80F907
:103280004A462821404602F02BF8402201214046C0
:1032900002F00AF830469CE70010014070B5044681
:1032A0001020084948612046FFF704F9012000F08A
:1032B000ABFE002000F0A8FE054610200149086181
:1032C000284670BD0010014070B504460D46102020
:1032D0000A4948612846FFF7EDF8082101EB44113F
:1032E000C9B241F0010000F08FFE002000F08CFE1A
:1032F0000646102001490861304670BD00100140AB
:1033000070B504460E4610200E4948613046FFF75E
:10331000D1F8082101EB4411C9B241F0020000F0DC
:1033200073FE002000F070FE05464FF6FF7000EAC5
:103330000525002000F068FE0543102001490861C2
:10334000284670BD0010014070B504460D46704817
:1033500004600068007832287ED16D4800684078AB
:1033600068287AD16A480068C07B0228F4D168488E
:103370000068408A012833D165480168891C654886
:10338000FCF731FF62480068008A6249C8816048E2
:103390000068408A08825E480068808A48615C480C
:1033A0000068018A5CA001F0FFFF5F48594988610D
:1033B000574909688A8A5749886955490968163101
:1033C000FCF7D2FE52480068808A524948820120A8
:1033D000C861564981F82E0000204876086275E0E1
:1033E0004B480068418A4B48008A401C81426DD19D
:1033F00047480168891C4748FCF7DAFE002865D178
:1034000043480068408A4349088208464069404969
:103410000968898A08443F49486189693D4B5B8A4C
:10342000C8183B4909688A8A394909681631FCF786
:103430009BFE3848408A36490968898A08443549DC
:1034400048820846408AB0F5804F18DB0846008A5B
:10345000102809DC084601E057E039E04FF48042CB
:103460008169FDF777FD05E02A484FF480428169C4
:10347000FDF788F8002027494882FEF753FC012019
:103480002449C861294981F82E002248008A21492F
:10349000C98988421AD11F48408A70B11D48008AE4
:1034A000102805DC1B48428A8169FDF753FD04E0C2
:1034B0001848428A8169FDF765F8FEF757F90D2132
:1034C0001448FCF76AFE1AA001F06EFF012070BDDF
:1034D0000F4800684078602817D10D480068C07B0D
:1034E000012801D10320F2E709480068C07B0228C7
:1034F0000BD12B220648016816311148FCF734FE27
:1035000001200A4948770220E1E70020DFE70000B8
:103510000C000020DC020020B7D6B0FCD7DCCAFDCE
:1035200020282564290D0A0010340020FC02002008
:10353000CEC4BCFEB4ABCAE4CDEAB3C90D0A0000E8
:10354000AC33002010B580220C21DE20FFF7C6FC32
:1035500000220D21DE20FFF7C1FC00220E21DE201B
:10356000FFF7BCFC00220F21DE20FFF7B7FC002292
:103570001021DE20FFF7B2FC00221121DE20FFF730
:10358000ADFCC0220821DE20FFF7A8FC10BD10B55D
:103590000446072322460021DE20FFF7C9FBA0785E
:1035A00000F07F00A07010BD10B50446A07840F078
:1035B0008000A070FFF78BFC072322460021DE204D
:1035C000FFF72CFCFFF77CFC10BD00002DE9F0415B
:1035D00007460C4616461D4670191B490968884265
:1035E00013D92A2C02D10220FCF7DAFF0020FCF7C5
:1035F000D7FF21220521384600F0B0FB0021012031
:1036000000F08EFB0020BDE8F08110488168104872
:1036100000686843814214D02A2C03D10220FCF7B1
:10362000BFFF02E00020FCF7BBFF0849487B2422D3
:10363000052100F093FB0021012000F071FB002028
:10364000E1E70120DFE70000E0000020D084002057
:10365000DC00002010B504462046FEF797FC68B158
:103660000A49487B3A22022100F078FB01210846F2
:1036700000F056FB0020FCF793FF10BD05F070F83A
:103680000121002000F04CFB00BFF6E7D0840020B1
:1036900070B506460A48007C00F0010010B1094DE3
:1036A000052408E0084D0648C07C242802DC0448B4
:1036B000C47C00E024242146284600F0A1FF70BD10
:1036C000D08400200C0100201101002010B5044618
:1036D0000E48806818B90020FCF762FF0BE00B4829
:1036E000007B00F0800018B10020FCF759FF02E0D9
:1036F0000220FCF755FF0549487B2022052100F0F8
:103700002DFB0021012000F00BFB10BDD084002018
:1037100010B504460821024800F072FF10BD0000F9
:103720003901002010B504460421024800F068FF6A
:1037300010BD00003501002070B506460C46154648
:103740001948007820BB1949487B2B46224628217E
:10375000FFF73CFF00B970BD1448007B00F080000B
:1037600040B10220104908702A4621463046FFF732
:10377000A3FC0CE00220FCF713FF0C49487B242239
:10378000052100F0EBFA0121084600F0C9FAE2E752
:1037900005480078022804D12A4621463046FFF722
:1037A0008BFC00BFD7E7000068010020D084002018
:1037B00010B504462046FEF7E9FB68B11B49487B7B
:1037C0003A22022100F0CAFA0121084600F0A8FAC4
:1037D0000020FCF7E5FE10BD15480068401E000EF5
:1037E0001449087012480068401E000C48701048C8
:1037F0000088401E000A88700D480078401EC8707E
:103800000D480068000E08710B480068000C4871F4
:1038100009480088000A887107480078C8710821A3
:10382000044800F0EDFE00BFD5E70000D084002082
:10383000E000002053010020DC00002010B5044609
:103840002046FEF7A3FB68B11749487B3A220221C4
:1038500000F084FA0121084600F062FA0020FCF72B
:103860009FFE10BD11480068000E114908710F48F5
:103870000068000C48710D480088000A88710B48E8
:103880000078C8710B480068000C4872094800882D
:10389000000A887207480078C8720C21044800F0BA
:1038A000AFFE00BFDDE70000D0840020E000002074
:1038B0005B010020DC00002070B505460648C07C96
:1038C000122802DC0448C47C00E01224214603488C
:1038D00000F096FE70BD0000D08400204101002061
:1038E00010B504460121002000F01AFA10BD0000B6
:1038F00010B504462046FEF749FB68B10949487BEC
:103900003A22022100F02AFA0121084600F008FAC2
:103910000020FCF745FE10BD0121002000F000FA58
:1039200000BFF8E7D084002010B504460D48806839
:1039300048B90C48007C00F0040020B901210020A7
:1039400000F0EEF90CE00220FCF72AFE0549487B66
:103950002422052100F002FA0021012000F0E0F904
:1039600010BD0000D084002070B506460C461546F8
:103970001948007820BB1949487B2B4622462A214A
:10398000FFF724FE00B970BD1448007B00F08000F2
:1039900040B90120104908704FF44051022000F056
:1039A000C1F80CE00020FCF7FBFD0C49487B242209
:1039B000052100F0D3F90021012000F0B1F9E2E780
:1039C00005480078012804D12A462146304601F0F6
:1039D00027FB00BFD7E7000068010020D08400204B
:1039E00021B1028842F04002028004E002884FF6D2
:1039F000BF731A40028070470246002013890B40B3
:103A00000BB1012000E00020704701468889704713
:103A10008181704710B50022028802F441520B8860
:103A20004C8823438C882343CC8823430C8923432D
:103A30004C8923438C892343CC8923431A43028036
:103A4000838B4FF2FF74234083830B8A038210BD64
:103A5000704700004FF6F8710140014A116070474D
:103A6000505C004030B501460F4B1A78002014E03E
:103A700003060E4C04EB9353D3F8003C48F68F74C6
:103A8000234048F280042343C4B223430406074D75
:103A900005EB9454C4F8003C401C9042E8D341F03C
:103AA0008003034C236030BDCC0100200050004057
:103AB0004C5C004010B54A105300054A126892B29F
:103AC00002EBC002121D034C44F8123010BD00007E
:103AD000505C00400060004010B502460F4800688E
:103AE00080B200EBC200801D0D4C04EB40033E2968
:103AF0000BDD481101F01F040CB9441EA0B24FF4B5
:103B0000004444EA80241C6007E0481001F00104EE
:103B10000CB1441CA0B284021C6010BD505C00407B
:103B20000060004030B50E4C04EB8003D3F8003C3D
:103B30004BF68F7403EA040201F480530BB182F454
:103B4000805201F400530BB182F4005242F400435E
:103B500043F08003024D05EB8004C4F8003C30BD07
:103B60000050004010B50B4B03EB8002D2F8002C44
:103B70004BF68F7302EA030181F4805181F4005106
:103B800041F4004242F08002024C04EB8003C3F88F
:103B9000002C10BD0050004010B54A105200044BDC
:103BA0001B689BB203EBC003024C44F8132010BD0A
:103BB000505C004000600040044A126892B202EB80
:103BC000C002921C024B43F812107047505C004038
:103BD0000060004030B50E4C04EB8003D3F8003C8D
:103BE00048F6BF7403EA040201F010030BB182F03F
:103BF000100201F020030BB182F0200242F40043D6
:103C000043F08003024D05EB8004C4F8003C30BD56
:103C10000050004010B5074B03EB8002D2F8002C97
:103C200048F68F131A400A43024C04EB8003C3F892
:103C3000002C10BD0050004010B500F001F810BD80
:103C40000CB50020019000903348006840F48030AB
:103C50003149086000BF3048006800F4003000902F
:103C60000198401C0190009818B90198B0F5A06F18
:103C7000F1D12948006800F4003010B10120009013
:103C800001E0002000900098012843D123480068FB
:103C900040F01000214908600846006820F0030049
:103CA00008600846006840F0020008601A48406852
:103CB000194948600846406848600846406840F432
:103CC000806048600846406820F47C1048600846E0
:103CD000406840F4E81048600846006840F0807092
:103CE000086000BF0C48006800F000700028F9D0A0
:103CF0000948406820F003000749486008464068CA
:103D000040F00200486000BF0348406800F00C002B
:103D10000828F9D10CBD000000100240002002402C
:103D200070B505460C460A480A49086008460573FE
:103D30000D22812000F0CFFD0520074908702CB12D
:103D40000420087030210120FFF744FF70BD0000FF
:103D500055534253F084002068010020014B9970B4
:103D60001A7370474101002038B5012429480068C2
:103D700080B2001D284931F8100080B201EB4000EC
:103D8000009026480068007A092832D00098007810
:103D90002249096808700098401C0090009800783B
:103DA0001E49096848700098401C0090009800EB7C
:103DB00044000090009931F8020B0091FCF712FCCE
:103DC000164909684880009800EB4400009000996B
:103DD00031F8020B0091FCF705FC10490968888056
:103DE000009800EB44000090009800880B49096897
:103DF000C880012009490968087208480068C0881D
:103E000010B9FEF761FB01E0FDF7D2F9FEF720FDE6
:103E100038BD0000505C0040006000406802002097
:103E200010B5002001F006F8012001F003F800F0C1
:103E300081FF00243BE004EBC4001E4901EB40007D
:103E4000807800F0010080B104EBC40001EB400079
:103E5000807820F0010004EBC401164A02EB410116
:103E600088702046FEF738FD1FE0134850F8240004
:103E700041F28831884218D304EBC4000D4901EBAC
:103E80004000407803280CD104EBC40001EB400053
:103E9000807820F0020004EBC401064A02EB4101E5
:103EA00088700020044941F82400601CC4B2082C2A
:103EB000C1DB10BD8E97002020A8002010B504465D
:103EC00001220021204601F0EFF90122114620468F
:103ED00001F0EAF90520FDF7B9FA03212046FFF7C2
:103EE000F3F9132806D010220121204601F0DCF955
:103EF000002010BD04220121204601F0D5F9012047
:103F0000F7E7000010B5044640F2B45212212046F3
:103F100001F0E6F904EBC400114901EB400082888E
:103F20000421204601F0DCF904EBC4000C4911F82F
:103F30001000012812D104EBC40001EB40004289BB
:103F40001021204601F0CCF904EBC400044901EB38
:103F50004000821D0C21204601F0DEF910BD00005A
:103F60008E97002010B5044601220021204601F062
:103F70009BF901221146204601F096F90520FDF734
:103F800065FA03212046FFF79FF9132806D0102277
:103F90000121204601F088F9002010BD02220121F4
:103FA000204601F081F90520FDF750FA0321204653
:103FB000FFF78AF9142806D010220121204601F0CB
:103FC00073F90020E9E70120E7E710B50446022273
:103FD0000021204601F068F901221146204601F037
:103FE00063F90520FDF732FA03212046FFF76CF94B
:103FF000222806D010220121204601F055F9002088
:1040000010BD0120FCE7000010B5044600BF0221EE
:104010000A48FFF7F1FC0028F9D021460748FFF7CE
:10402000F7FC00BF01210548FFF7E6FC0028F9D0A6
:104030000248FFF7EAFCC0B210BD000000300140AA
:1040400010B5044600BF02210A48FFF7D5FC00283E
:10405000F9D021460748FFF7DBFC00BF01210548E6
:10406000FFF7CAFC0028F9D00248FFF7CEFCC0B227
:1040700010BD0000003800402DE9F04754480068AA
:10408000007800F07F08B8F1000F0AD150480068AE
:10409000407A00F0DF004E49096848720020BDE810
:1040A000F087B8F1020F7CD149480068408818B900
:1040B00047480068007908B10220F0E7DFF8149162
:1040C00043480068477927F080052C46404800683F
:1040D000407900F0800038B13F4901EB8400D0F80E
:1040E000000C00F0300606E03B4901EB8400D0F8FC
:1040F000000C00F4405699F80000A84204D91EB103
:1041000033480068807A08B90220C8E707F08000C9
:1041100080B1314901EB8400D0F8000C00F0300090
:1041200010284BD1E0B2FCF703FEE0B23021FFF7DC
:1041300051FD43E0284901EB8400D0F8000C00F465
:104140004050B0F5805F39D1E4B9244A92F82C1080
:10415000E0B2FFF7C1FC204A02EB8401D1F8001C59
:104160004BF68F7201EA020080F4805080F4005018
:1041700040F4004141F08001174B03EB8402C2F888
:10418000001C1BE0E0B2FCF7B9FD134A02EB84010E
:10419000D1F8001C4BF68F7201EA020080F48050C7
:1041A00000E011E080F4005040F4004141F0800153
:1041B000094B03EB8402C2F8001C00BF08490968E0
:1041C0004869804700206AE700BF022067E70000D7
:1041D00068020020CC01002000500040D0010020E7
:1041E0007402002010B504462CB901200649096864
:1041F0000882002010BD0549096808688047024808
:1042000000680A30F6E7000068020020740200200F
:1042100010B5024606480068438A32B98888C01A39
:10422000034C24682082002010BD08681844FBE776
:104230006802002010B504462CB90120064909681F
:104240000882002010BD0549096888688047024837
:1042500000680C30F6E700006802002074020020BD
:1042600010B504462CB9022039490968088200209B
:1042700010BD00203749088035480068007800F0FC
:104280007F0018BB32490968487A00F0200131B13B
:104290003049097841F002012E4A117005E02D499C
:1042A000097801F0FD012B4A117000F0400131B195
:1042B0002849097841F00101264A117005E0254995
:1042C000097801F0FE01234A11703AE020480068A5
:1042D000007800F07F00012801D11E48C8E71C4883
:1042E0000068007800F07F00022828D1184A126880
:1042F000517901F00F0001F080027AB1164B03EB07
:104300008002D2F8002C02F03002102A16D1114A95
:10431000127842F001020F4B1A700FE00E4B03EBC4
:104320008002D2F8002C02F44052B2F5805F05D131
:10433000084A127842F00102064B1A7001E0002090
:1043400096E70649096808698047024890E7000037
:10435000680200207C02002000500040740200200F
:1043600010B50E480068C0780D494978884213DCC2
:104370000A480068807878B908480068808858B989
:1043800006480068C07805490968887205490968C7
:1043900048688047002010BD0220FCE7680200202A
:1043A000CC0100207402002010B507480068407A54
:1043B00040F0200004490968487204490968C86946
:1043C0008047002010BD0000680200207402002019
:1043D0002DE9F0412E480068467926F080073C46DA
:1043E0002B480068407900F0800038B1294901EB82
:1043F0008400D0F8000C00F0300506E0254901EB00
:104400008400D0F8000C00F4405523480078A04206
:1044100008D91F480068408820B91DB11C480068B1
:10442000807A10B90220BDE8F08106F08000A0B1CA
:10443000184A02EB8401D1F8001C48F6BF7201EA69
:10444000020080F0100040F4004141F08001114B67
:1044500003EB8402C2F8001C14E00E4A02EB840154
:10446000D1F8001C4BF68F7201EA020080F48050F4
:1044700040F4004141F08001064B03EB8402C2F896
:10448000001C00BF05490968886980470020CAE709
:104490006802002000500040CC010020740200207F
:1044A00010B5174B1B68D978154B1B685879154BFD
:1044B0001B689A699047044611480068807AE8B101
:1044C0003CB90F480068007918B90D480068807839
:1044D00008B1022010BD8CB90B490968C868804733
:1044E00007480068407906490968C87204480068AE
:1044F000C0780349096808730020EBE70220E9E768
:10450000680200206C0200207402002000B5012027
:104510000249087000F068F800BD000000000020AB
:1045200030B500BF154800684FF47A72B0FBF2F165
:10453000B1F1807F01D301201DE021F07F40401EBA
:104540004FF0E022506150170F22002807DA1307BE
:104550001D0E0B4B00F00F04241F1D5503E0130725
:104560001C0E084B1C5400BF00204FF0E02290614D
:104570000720106100200028D4D130BDB0000020F9
:1045800018ED00E000E400E010B51348006840F0CA
:1045900001001149086008464068104908400E496A
:1045A0004860084600680E4908400B490860084604
:1045B000006820F4802008600846406820F4FE006F
:1045C00048604FF41F008860FFF736FB4FF0006033
:1045D0000449086010BD0000001002400000FFF810
:1045E000FFFFF6FE08ED00E00448006820B1034834
:1045F0000068401E01490860704700000800002064
:1046000070B505460C4622462946812000F063F924
:1046100030210120FFF7DEFA032005490870054824
:104620008068001B034988600020087370BD00008B
:1046300068010020F084002010B500F063F910BD7F
:1046400001F40072B2F5007F00D100BFCA430280BE
:10465000704721B1828942F40052828104E082894C
:104660004DF6FF731A408281704770B502460024F0
:1046700000230025002040F66A16B14200D100BF99
:10468000C1F3421501F01F03012606FA03F3012DC1
:1046900002D19689334006E0022D02D1168A3340BA
:1046A00001E0968A33400C12012606FA04F41688BB
:1046B000344013B10CB1012000E0002070BDF0B512
:1046C0000346002400260025002040F66A17B94260
:1046D00000D100BF1846C1F3421401F01F060127A4
:1046E00007FA06F5012C01D10C3004E0022C01D1AF
:1046F000103000E014301AB107682F43076002E061
:104700000768AF430760F0BD2DE9F04786B0054666
:104710000E460024A24600BFA1460027B08900B182
:1047200000BF2F462C8A4CF6FF700440F0880443EB
:104730002C82AC894EF6F3100440B08831890843CE
:10474000718908430443AC81AC8A4FF6FF400440B2
:10475000B0890443AC8201A8FEF762FA1F48874281
:1047600002D1DDF810A001E0DDF80CA0A88900F46A
:10477000004040B10AEBCA0000EB0A103168490062
:10478000B0FBF1F807E00AEBCA0000EB0A10316851
:104790008900B0FBF1F86420B8FBF0F004012009B7
:1047A000642101FB1089A88900F4004040B1322047
:1047B00000EBC900B0FBF1F000F00700044308E093
:1047C000322000EB09106421B0FBF1F000F00F0083
:1047D00004432C8106B0BDE8F0870000003801409A
:1047E00001468888C0F308007047C1F30802828040
:1047F0007047000010B5044624B101210448FDF7BC
:1048000043F903E001210248FDF73CF910BD000027
:104810000008014010B5FCF74DF810BD10B50F4869
:1048200000680F4908800846008800F400400D49E0
:104830000988084008B1FCF7A1F80948008800F48D
:10484000806008490988084030B14FF6FF300349BD
:10485000086005494868804710BD0000445C00407E
:104860009001002072020020D001002010B5FFF757
:10487000D5FF10BD10B508210148FDF705F910BDA1
:10488000000C01400020064908604FF4044005492F
:104890000880084600880249091F08600020704708
:1048A000445C0040720200202DE9F04104460E46AF
:1048B000002504F07F00FDF7F9F8054604F07F00BD
:1048C000FDF7E4F807462A4639463046FDF7C0FEB4
:1048D0002846BDE8F0812DE9F04104460E46154614
:1048E00004F07F00FDF7F4F80746AAB239463046D7
:1048F00000F012F9A9B204F07F00FFF75DF9002083
:10490000BDE8F08110B54B49086840F22551FFF72A
:10491000ACFE40B347490868FFF762FFC4B24548A0
:1049200080684449C98A44544248C08A401C80B2C5
:104930004049C882C989884202DB00203D49C882BB
:104940003C48408B3B49C989884204DA3948408B4E
:10495000401C384948833748806A18B13548816A15
:104960002046884700BF3349086840F22771FFF7A7
:104970007CFE60B32F48808A70B92E4900220868F7
:1049800040F22771FFF79BFE2A490122086840F296
:104990002661FFF794FE4CE0264A5268254B5B8A5D
:1049A000D15C244A1068FFF720FF2248408A401C4F
:1049B00080B2204948828989884202DB00201D4953
:1049C00048821C48808A401E1A49888231E0194971
:1049D000086840F22661FFF748FE50B31548808A08
:1049E00068B914490022086840F22661FFF767FEA3
:1049F0001048406AE8B10F49486A804719E00D4AFB
:104A000052680C4B5B8AD15C0A4A1068FFF7EDFED6
:104A10000848408A401C80B20649488289898842F9
:104A200002DB0020034948820248808A401E014977
:104A3000888210BD34870020F8B505460E4622480E
:104A4000006A10B12049086A8047002432E010E073
:104A5000012000F0C8FC1C48808A0090002000F073
:104A6000C2FC19488089BDF80010884200DD01E0D1
:104A700000BFEDE700BF285D13494968124A128A5A
:104A80008854012000F0AFFC0F48008A401C80B21F
:104A90000D4908828989884202DB00200A49088280
:104AA0000948808A401C08498882002000F09BFC4D
:104AB000601C84B2B442CADB03490122086840F298
:104AC0002771FFF7FCFDF8BD3487002001B50121F7
:104AD0006846FFF7B1FF08BD0A480B4908600B485C
:104AE00048600B4888604FF480708881C88100203E
:104AF00008824882C88208834883888208624862A4
:104B000088627047003801403487002034850020D7
:104B10003486002000BFFEE7F0B5144604F1010C16
:104B20004FEA6C07DFF824C00CEB41033D460AE076
:104B30000678401C90F800C046EA0C2223F8022BAD
:104B40009B1C401C6D1E002DF2D1F0BD006000408A
:104B500010B500240420124908601420FCF776FCEC
:104B60008020104908614020086104200C49091F79
:104B7000086004E0601CC4B20120FCF767FC0A482E
:104B8000006800F4807008B9C82CF3DB1420FCF72F
:104B90005DFCC82C01DB012010BD0020FCE70000FB
:104BA000140C01400010014008080140154A11880A
:104BB000CA1701EBD2625311134A127C323A1A44DB
:104BC00090B21149097C19B900210F4AD17315E03F
:104BD0000D49496AB1F5487F08D3FE2803DDFE215F
:104BE000094AD1730AE0084AD07307E00649C97B35
:104BF00021B90549097C5039034AD1730021014A82
:104C000011807047CC020020FC02002008B5012171
:104C10001920FDF7EBFF2020ADF8000003208DF8F0
:104C2000020010208DF8030069461248FCF756FE7A
:104C30002020104948610120ADF8000003208DF8C4
:104C4000020004208DF8030069460B48FCF746FE7D
:104C50001020ADF8000003208DF8020010208DF820
:104C6000030069460348FCF739FE1020014908613A
:104C700008BD000000100140000C014010B52020CC
:104C8000054948613220FCF7E1FB20200249086118
:104C9000C820FCF7DBFB10BD0010014010B500245C
:104CA0008021002000F0D4FA0A20FCF7CFFB042278
:104CB0001749012000F058FB04221549091D052061
:104CC00000F052FB062212490831092000F04CFB8B
:104CD00004220F49091F0F2000F046FB00BF0BE024
:104CE00002221E21204600F0DFFA02221F21204668
:104CF00000F0DAFA601CC4B2082CF1DB4FF4FA6160
:104D0000192000F0BBFA08211B2000F0A1FA10BD09
:104D10008097002010B5FFF7C1FF0020FCF7A2FB31
:104D20000120FCF79FFB0020FFF7ECF80120FFF7C4
:104D3000E9F810BD70B500BF1720FEF7AFFA0646C0
:104D400006B970BD002469E00120A0403040012177
:104D5000A140884260D102212046FEF7B5FA0546FF
:104D60002A460221204600F09FFA05F0010068B1B2
:104D700004EBC4002E4901EB4000407840F00200F3
:104D800004EBC4012A4A02EB4101487005F002001D
:104D900070B110220121204600F086FA2046FFF76C
:104DA000B1F8002004EBC401214A02EB4101487034
:104DB00005F0100068B104EBC4001D4901EB400090
:104DC000807840F0020004EBC401194A02EB410173
:104DD000887005F0040068B104EBC400144901EBCD
:104DE0004000807840F0010004EBC401104A02EB5F
:104DF0004101887005F0080070B1102201212046A1
:104E000000F052FA2046FFF77DF8002004EBC401C1
:104E1000074A02EB41014870601CC4B2082C93DBC6
:104E20001720FEF73BFA00B186E700BF89E70000D4
:104E30008E97002010B5044604EBC400284901EB0E
:104E40004000407800284AD104EBC40011F810005B
:104E5000B0B92046FFF756F82046FFF783F801283F
:104E600006D104EBC4011E4A02EB4101487036E052
:104E7000002004EBC4011A4A02EB410148702EE005
:104E800004EBC400164911F81000012813D1204684
:104E9000FFF714F8012806D104EBC401104A02EB15
:104EA000410148701BE0002004EBC4010C4A02EBF6
:104EB0004101487013E02046FFF787F8012807D129
:104EC000032004EBC401064A02EB4101487006E0EE
:104ED000002004EBC401024A02EB4101487010BDFE
:104EE0008E970020F0B58DB005460F46164627A3D5
:104EF0000FCB01AC0FC4002228A1294802F092F880
:104F000004462CB1274850F8241027A000F04CFA92
:104F10002BA106A802F066F904463CB1214850F8DE
:104F2000241028A000F040FA0DB0F0BD022201A923
:104F30002A4802F0A5F8044624B101A928A000F0EF
:104F400033FAF1E73946254801F056FB05AB324606
:104F50002946224802F0AEFA04463CB90598B04210
:104F600004D101A924A000F01FFA03E001A927A0A1
:104F700000F01AFA194801F02FFB002207A1104691
:104F800002F050F8044600BFCEE700002F7379739B
:104F90002F436F6E6669672E696E6900303A0000B4
:104FA0002C03002014000020B9D2D4D8CEC4BCFEFB
:104FB000CFB5CDB3CAA7B0DC282573290D0A0000F0
:104FC0002F000000B4F2BFAAB8F9C4BFC2BCCAA780
:104FD000B0DC282573290D0A000000005C130020B6
:104FE000446F6E27742046696E642046696C6520A4
:104FF0003A2025730D0A0000257320CEC4BCFED0D4
:10500000B4C8EBB3C9B9A60D0A000000257320CEC1
:10501000C4BCFED0B4C8EBCAA7B0DC0D0A000000C7
:105020002DE9F04106460C4615463C48006800F163
:1050300040073B48007860B93A48006860433A4905
:1050400008603848006868433849086001203449DE
:1050500008703348007801284CD10020344908609A
:1050600010E0334801680068401C314A1060314844
:10507000415C3148294A1268815428480068401C24
:105080002649086025480068B842EAD326480068E7
:105090002A490988084424490860244800682749A7
:1050A0000988401A21490860084600681D490968B6
:1050B000B0FBF1F201FB120070B900201749086043
:1050C0001848008883B218480068164A1268811A86
:1050D000194A3046FCF78EFF19488068174909883D
:1050E000401A174988604FF440510220FEF71AFD1C
:1050F000FCF7E0FE0D48006818B11248007804285B
:105100000AD10020054908600121FEF709FE0020B0
:1051100003490870FCF7C6FEBDE8F081F0000020EE
:10512000F8000020DC00002004010020080100201D
:10513000F400002090840020907400206A01002078
:10514000F0840020680100202DE9F04705460E4656
:10515000904600212846FEF7B7F800F00F002228FD
:1051600014D005EBC500384901EB400000F10C02FA
:105170000C21284600F0D0F805EBC500324901EBC0
:105180004000028A1021284600F0AAF8242128466F
:10519000FEF7B6F80746B946C7F30A0710202B49B1
:1051A00048613846FDF786F9102101EB4511C9B277
:1051B00041F00400FEF728FF07EB0800B0F5006F90
:1051C0000ADA002405E016F8010BFEF71DFF601C4B
:1051D00084B24445F7DB24E0C7F5006087B20024C1
:1051E00005E016F8010BFEF70FFF601C84B2BC420D
:1051F000F7DB10201549086148610020FDF75AF9D6
:10520000102101EB4511C9B241F00400FEF7FCFE8C
:1052100005E016F8010BFEF7F7FE601C84B244456A
:10522000F7DB10200949086109EB08001FFA80F933
:105230004A462421284600F053F82022012128461E
:1052400000F032F8BDE8F0878E9700200010014092
:1052500070B505460C461020074948612846FDF701
:1052600029F90520FEF7D0FE2046FEF7CDFE1020DE
:105270000149086170BD00000010014070B505468D
:105280000C461020074948612846FDF713F906200F
:10529000FEF7BAFE2046FDF70DF91020014908611E
:1052A00070BD00000010014070B504460D46164662
:1052B00010200A4948612846FDF7FCF8082101EB57
:1052C0004411C9B241F00500FEF79EFE3046FEF7DC
:1052D0009BFE10200149086170BD000000100140D4
:1052E00070B504460D46164610200A494861284606
:1052F000FDF7E0F8082101EB4411C9B241F00600C6
:10530000FEF782FE3046FDF7D5F81020014908610E
:1053100070BD00000010014070B505460E461446F1
:105320001020104948613046FDF7C4F8082101EB10
:105330004511C9B241F00700FEF766FE14F8010BF3
:10534000FEF762FE14F8010BFEF75EFE14F8010B87
:10535000FEF75AFE14F8010BFEF756FE1020014925
:10536000086170BD001001402DE9F04107460C4670
:10537000154610200B4948613846FDF79BF804207C
:10538000FEF742FE002605E014F8010BFEF73CFE96
:10539000701C86B2AE42F7DB102002490861BDE8FE
:1053A000F0810000001001400FB4054B10B503A9B7
:1053B000044A029800F01AF810BC5DF814FB0000D3
:1053C000657D0008D802002002E008C8121F08C14D
:1053D000002AFAD170477047002001E001C1121F76
:1053E000002AFBD1704780F3108870472DE9FF4FEA
:1053F0008DB00F460546002606E025280BD0DDE9D6
:105400000F1290476D1C761C28780028F5D111B03A
:105410003046BDE8F08F0024A246A1460122EC49A7
:1054200000E0044315F8013F203B02FA03F0084274
:10543000F7D128782A2810D06FF02F022878A0F111
:105440003001092914D80AEB8A0102EB410144F02A
:10545000020400EB010A6D1CF0E701CF5FEA000ACD
:1054600003D544F40054CAF1000A44F002046D1C50
:1054700028782E2817D115F8010F44F004042A28A3
:105480000ED06FF02F022878A0F1300109290AD838
:1054900009EB890102EB410100EB01096D1CF2E708
:1054A00057F8049B6D1C28786C280FD006DC4C281C
:1054B00017D068280DD06A2814D104E0742810D0C1
:1054C0007A280FD10DE044F400140AE044F480146B
:1054D00001E044F440146978814202D104F580145B
:1054E0006D1C6D1C2A786E2A1FD00CDC632A31D00B
:1054F00004DC002A8BD0582A11D1A3E0642A68D09A
:10550000692A0CD165E0732A2ED004DC6F2A73D08F
:10551000702A04D19BE0752A6FD0782A6ED010468D
:10552000DDE90F129047761C50E1C4F302500228C7
:1055300006D0032809D0042801CF09D0066045E130
:1055400001CFF117C0E9006140E101CF06803DE1E4
:1055500006703BE117F8040B8DF8000000208DF871
:105560000100EB46012003E057F804BB4FF0FF3089
:1055700061074FF0000102D40DE008F101018846F7
:1055800049450FDA8045F8DB1BF808100029F4D1F3
:1055900008E008F1010188468142FADB1BF8081097
:1055A0000029F6D1DDE90F23AAEB08008146214648
:1055B00000F036F9304400EB080604E0DDE90F1294
:1055C0001BF8010B9047B8F10108F7D22146484675
:1055D000F7E00A21C4F302534FF0000B0891022BAD
:1055E00004D001CFC117032B09D00AE0FF1D27F01B
:1055F0000707F7E8020108E032E01FE020E000B210
:10560000C117042B01D140B2C117031E71F1000371
:1056100007DA4FF0000CD0EB0C006CEB01012D23EE
:1056200002E0230504D52B238DF82430012303E069
:10563000E30701D02023F7E7984658E00A2110E05D
:1056400010210EE010204FF0000B08900CE010210C
:105650004FF0000B44F004044FF00809089103E0F8
:1056600008214FF0000B0891C4F30253022B04D021
:1056700001CF0021032B06D006E0FF1D27F007070E
:10568000F7E8020103E080B2042B00D1C0B24FF072
:10569000000823072BD5702A07D0DDF820C08CF036
:1056A000100C5CEA0B0C05D00EE040238DF8243082
:1056B000012308E050EA010306D030238DF824309E
:1056C0008DF8252002239846DDF820C08CF0080CC8
:1056D0005CEA0B0C0BD150EA010301D1630706D53C
:1056E00030238DF824304FF00108A9F10109582A20
:1056F00004D038A20B9208AA0A920BE03AA2F9E76A
:105700005B46089AFAF778FD0B9B9B5C0A9A521E3F
:105710000A92137050EA0102F2D10A98ADEB000030
:1057200000F1200B600702D524F4803401E04FF033
:105730000109D94502DDA9EB0B0000E0002000EBD8
:105740000B0141440890AAEB010AE00306D4DDE90D
:105750000F232146504600F063F806444FF000093D
:1057600008E009A911F80900DDE90F12904709F1D5
:105770000109761CC145F4DBE0030CD5DDE90F23FC
:105780002146504600F04CF8064404E0DDE90F12D3
:1057900030209047761C0899481E08900029F5DCB7
:1057A00008E00A980A990078491C0A91DDE90F126D
:1057B0009047761CBBF10001ABF1010BF1DC2146F7
:1057C0005046DDE90F2300F019F806446D1C1BE676
:1057D00009280100303132333435363738396162C7
:1057E000636465660000000030313233343536378B
:1057F0003839414243444546000000002DE9F0415C
:10580000044600251E461746880404D405E03946A0
:105810002020B0476D1C641EF9D52846BDE8F081F4
:105820002DE9F041044600251E469046C80301D5E7
:10583000302700E02027880404D505E0414638469B
:10584000B0476D1C641EF9D52846BDE8F081000004
:1058500017488068012121EAD030164908700846AF
:105860004078097888421ED01248007868B1114803
:10587000C078401CC0B20F49C870022816DB084629
:10588000007848700020C87010E00A48C078401CBA
:10589000C0B20849C870152808DB0846007848706F
:1058A0000020C87002E000200249C8707047000064
:1058B000001001402885002008B501213D20FDF79A
:1058C00095F901213348FCF795F801213248FCF79E
:1058D00091F804208DF8030001208DF802004EF2AB
:1058E0000F00ADF8000069462C48FBF7F7FF1020C9
:1058F0008DF8030001208DF802000820ADF80000AB
:1059000069462748FBF7EAFF08212548FCF7BAF863
:1059100010208DF8030001208DF802000003ADF87F
:10592000000069461F48FBF7D9FF4FF480511D481E
:10593000FCF7AAF810208DF8030001208DF8020072
:105940004FF46060ADF8000069461548FBF7C6FFEC
:105950004FF400711248FCF795F804208DF803000D
:1059600001208DF802004FF48870ADF80000694600
:105970000B48FBF7B3FF04208DF8030001208DF8DE
:1059800002000F20ADF8000069460648FBF7A6FFAD
:1059900008BD00000004300000023000001001408B
:1059A000000C01400008014000B585B0012108202D
:1059B000FDF71CF901214805FDF708F92020ADF895
:1059C000100003208DF8120004208DF8130004A9A4
:1059D0001C48FBF783FFC020ADF8100003208DF8B2
:1059E00012001C208DF8130004A91648FBF776FF5F
:1059F0000020ADF804004BF6FF70ADF80600A020C3
:105A0000ADF808004FF48060ADF80A000001ADF871
:105A10000C004CF25030009069460B48FCF7F4F84B
:105A200001210948FCF7AFF801210748FCF78AF883
:105A300006480749086000F0F5F8FDF783FD05B05A
:105A400000BD0000000C014000540040BC020020DA
:105A5000C402002010B504467D20FDF74BF908B1C3
:105A6000FDF7D4F845F25550FCF774F90320FCF724
:105A700065F9A0B2FCF768F9FCF758F9FCF74AF9A8
:105A800010BD000000B585B000F036F800214FF4DD
:105A90008050FDF7ABF801210803FDF7A7F80020BF
:105AA000ADF800004FF48270ADF802000020ADF8B0
:105AB00004000220ADF806000120ADF80800400205
:105AC000ADF80A000820ADF80C000020ADF80E007B
:105AD0000720ADF8100069460648FDF79BFF00213E
:105AE0000448FDF77DFF01210248FDF779FF05B06D
:105AF00000BD00000030014008B501210420FDF781
:105B000075F803208DF8020018208DF80300E020BE
:105B1000ADF8000069460248FBF7E0FE08BD000052
:105B20000008014000B585B000F034F800214FF4C2
:105B30008040FDF74BF801218803FDF747F800206E
:105B4000ADF800004FF48270ADF802000020ADF80F
:105B50000400ADF80600ADF808004FF40070ADF891
:105B60000A002020ADF80C000020ADF80E00072040
:105B7000ADF8100069460648FDF74CFF00210448C7
:105B8000FDF72EFF01210248FDF72AFF05B000BDF9
:105B90000038004008B501210820FDF727F8032050
:105BA0008DF8020018208DF803004FF46040ADF826
:105BB000000069460148FBF791FE08BD000C01405A
:105BC00008B501210420FDF711F8102010490860E4
:105BD0008DF8030003208DF802001020ADF80000BE
:105BE00069460B481038FBF779FE02F093FE10204F
:105BF0000749091D08600420FEF706FA1020044931
:105C0000086002F01BFF002002F0F6FF08BD000054
:105C10001008014010B5FEF75FFFFCF7D9F8FBF75D
:105C2000C0F810BD0EB505210120FBF737FE20207E
:105C3000019000208DF808000C208DF8090001204B
:105C40008DF80A0001A8FBF7A1FC17208DF80000D1
:105C500001208DF802008DF803006846FCF7E8FB90
:105C60000EBD000070B504460D4600202071401E98
:105C7000E0622946204602F07FFB08B1032070BD98
:105C800094F82E1294F82F0241EA00204AF655218A
:105C9000884201D00220F2E794F86900010694F8E6
:105CA000680041EA004194F8670041EA002094F856
:105CB0006610084320F07F400D49884201D1002042
:105CC000DDE794F88500010694F8840041EA00417C
:105CD00094F8830041EA002094F88210084320F0F1
:105CE0007F400349884201D10020C8E70120C6E770
:105CF00046415400024600E0521C107810B1107862
:105D00008842F9D110787047F0B5574C2468647810
:105D100004F00F04544D2D686D782D1105EB8505A9
:105D200004EB4505504C2468A47804F00F044E4E53
:105D30003668B678361106EB860604EB4604C4EBEB
:105D4000041405EB8403484C2468A47924B1464C20
:105D50002468A479062C3BD1002136E001EB4105F3
:105D6000424C2C44647804F00F0501EB41063F4C93
:105D700034446478241104EB840405EB440501EBFE
:105D800041063A4CA45D04F00F0601EB4107374C85
:105D9000E45D241104EB840406EB4404C4EB041416
:105DA00005EB8402934209DA09B9002005E04C1E94
:105DB00004EB44052D4C2C44A07808E0052901D1C2
:105DC000002004E000BF4C1CE1B20629C6DB3EE027
:105DD000002139E001EB4104244D123D2C4464784C
:105DE00004F00F0401EB4105204E123E35446D785E
:105DF0002D1105EB850504EB450401EB4105755DAF
:105E000005F00F0501EB4106184F123FBE5D36113C
:105E100006EB860605EB4605C5EB051504EB85028A
:105E200093420ADA09B9002006E04C1E04EB440450
:105E30000E4D123D2C44A07808E0052901D1002028
:105E400004E000BF4C1CE1B20629C3DB00BFE02820
:105E500008DDA0F1E00404EB8404B82505EB44045C
:105E6000E0B200E00020F0BDC4020020FE330020BC
:105E700070B503460D46586A021D280B1E68B67899
:105E8000B0FBF6F400BF02CA09B9002070BD8C4215
:105E900000D202E0641A121DF5E700BF106820442A
:105EA000F4E70246891E5069801E884201D800200E
:105EB00070479378906A01FB0300F9E72DE9F047FA
:105EC00004468946B9F1000F06D1E76817B1606949
:105ED000B84215D8012713E04946204601F074FF67
:105EE0000646022E02D20120BDE8F087701C08B9D8
:105EF0003046F9E76069B04201D93046F4E74F46D1
:105F00003D4600BF6D1C6069A84204D80225BD4211
:105F100001D90020E8E72946204601F055FF064652
:105F200006B909E0701C08B1012E01D13046DBE74B
:105F3000BD42E7D10020D7E700BF6FF0704229468D
:105F4000204602F073FA8046B8F1000F08D1B9F18B
:105F5000000F05D02A464946204602F067FA8046DF
:105F6000B8F1000F0BD1E5602069401C78B12069C1
:105F7000401E2061607940F00100607107E0B8F1D7
:105F8000010F02D14FF0FF3000E001200546284606
:105F9000AAE700002DE9F35F0198D0F8009001E036
:105FA00009F1010999F800002F28F9D099F80000AB
:105FB0005C28F5D0009886690B222021304602F03B
:105FC000D1F900252F46AB464FF0080A00BF5846CE
:105FD0000BF1010B19F80040202C03DD2F2C01D010
:105FE0005C2C00D153E02E2C01D057450DD3BAF1D3
:105FF000080F01D12E2C02D00620BDE8FC9F0827F7
:106000004FF00B0AA806050EE1E7802C01DB45F0F6
:106010000305812C20DBFE2C1EDC58460BF1010B06
:1060200019F80080B8F1400F02DBB8F17E0F05DDF2
:10603000B8F1800F06DBB8F1FE0F03DCAAF1010016
:10604000B84201D80620D8E738467F1C3454384679
:106050007F1C06F8008019E0214620A0FFF74AFEC9
:1060600008B10620C9E7412C04DB5A2C02DC45F0BC
:10607000020508E0612C06DB7A2C04DC45F0010502
:10608000A4F12000C4B238467F1C34549FE700BFFF
:1060900009EB0B0101980160202C01DC042000E0D9
:1060A000002004460FB90620A7E73078E52801D183
:1060B00005203070BAF1080F01D1A806050E05F0D1
:1060C0000300012801D144F0100405F00C0004285D
:1060D00001D144F00804F47200208EE7222A2B2C10
:1060E0003A3B3C3D3E3F5B5D7C7F00002DE9F0414B
:1060F00004460E460021204600F0F9F80546EDB9A9
:10610000002700BF2169206802F036F9054605B175
:1061100013E060690078E52802D06069007820B952
:10612000781C0746B04201D107E000270121204634
:1061300000F038F80546002DE4D000BF042D00D152
:1061400007252846BDE8F0812DE9F04104460021ED
:10615000204600F0CCF8054615B12846BDE8F08190
:1061600000BF2169206802F007F9054605B116E075
:10617000666937780FB9042511E0F07A00F008005D
:1061800030B90B223046A16902F0CCF800B906E024
:106190000021204600F006F80546002DE1D000BFA2
:1061A0002846DBE72DE9F04104468846E088461C96
:1061B000B0B208B1206910B90420BDE8F08106F042
:1061C0007F0000286CD12069401C2061E06828B95C
:1061D00020680089B04263D80420EEE72068807808
:1061E000401E00EAD61000285AD1E168206801F06C
:1061F000EBFD0546012D01D80220DEE7681C08B939
:106200000120DAE720684069A84243D8B8F1000FBE
:1062100001D10420D1E7E1682068FFF74FFE054671
:106220000DB90720C9E7012D01D10220C5E7681C7F
:1062300008B90120C1E7206802F0AEFE08B10120D4
:10624000BBE7216801F130004FF48052002102F0D9
:1062500089F829462068FFF724FE2168C8620027D4
:106260000EE0012021680871206802F095FE08B157
:106270000120A2E72068C06A401C2168C8627F1C18
:1062800020688078B842ECD82068C06AC01B2168BA
:10629000C86200BFE56029462068FFF702FE206162
:1062A000E6802068303006F07F0100EB411060612D
:1062B000002082E770B5044601212046FFF716FF53
:1062C000054695B92169206802F056F8054665B97A
:1062D00020220021606902F045F80B22D4E9050173
:1062E00002F033F8012021680871284670BD2DE9BD
:1062F000F04104460E46E680A568012D03D02068D3
:106300004069A84202D80220BDE8F0812DB920687A
:106310000078032801D12068456A45B920680089C2
:10632000B04201D80220EFE72068476A1EE02068EB
:1063300080784FEAC01812E02946206801F044FD39
:106340000546681C08B90120DEE7022D03D320684A
:106350004069A84201D80220D6E7A6EB08064645C8
:10636000EAD229462068FFF79CFD0746E5600FB991
:106370000220C9E707EBD61020612068303006F014
:106380007F0100EB411060610020BDE710B50446BD
:106390002CB9FFF777FBFFF713FC002010BD01209D
:1063A000FCE70346BBB9052914D2DFE801F0030A74
:1063B000050F1100002070474FF48050108000201E
:1063C000F9E74FF4806010600020F4E70020F2E766
:1063D0000020F0E700BF00BF0420ECE72DE9F0410A
:1063E00004460D4616461F463CB93A03310328467B
:1063F00002F03EFA0020BDE8F0810420FBE70146F0
:1064000011B90022104670470120FCE72DE9F04148
:1064100005460E4617461C4614B90420BDE8F08117
:1064200085B94FF0000809E039034FF48052304637
:1064300002F01AFB08F1010000F0FF08A045F3DBB1
:106440000020EBE70420E9E710B55148008898B137
:106450005048007880B901204E49087000204E490C
:1064600008704B4948804D4908804D49087048489C
:1064700001884CA0FEF798FF45484088B0B14648D7
:10648000007898B9012044490870002041490870FB
:106490003F4908800846408840490880002040491C
:1064A00008703B48418841A0FEF77EFF39480078DC
:1064B000012825D13A480078401C3949087008461F
:1064C000007864281CDB002008703148008801280F
:1064D00005DC00202F4908702D4908800BE02C486E
:1064E0000088401E2A49088008460088012802D1F9
:1064F00002202B490870264801882EA0FEF754FF81
:1065000025480078012842D125480078401C2449BC
:1065100008700846007864281EDB002008701C48BC
:106520004088012807DC00201B4908701849488072
:10653000224908700BE016484088401E14494880E4
:1065400008464088012802D10220154908701048E9
:1065500041881BA0FEF728FF0F480078012816D1BC
:106560000E48008808280FDD1448007878B90848DC
:10657000408808280BDC01201049087012A0FEF7A3
:1065800013FF02F009FF02E001200C49087010BD62
:10659000B2020020AF020020B0020020B6020020AC
:1065A000AE020020522D2D25640D0A00472D2D2509
:1065B000640D0A00523A25640D0A00008A02002088
:1065C000473A25640D0A0000475F73706565645F94
:1065D00075700D0A0000000070B50546284600F0F1
:1065E00011FF044634B9284602F0FCFC04460CB9FD
:1065F00000202860204670BD2DE9FE4F04460D4660
:10660000204602F0EFFC0290029810B10298BDE81B
:10661000FE8FE07908B1E079F9E7606A002871D06F
:10662000681C00283BD1D4F8248058F804AB4FF004
:10663000020926693EB300BF00964FF0000B09F136
:10664000020900BF01960BF1010B3146206801F0F1
:10665000BBFB0646012E02D80220E071D7E7701C72
:1066600010B90120E071D2E70198401C8642E9D0C0
:10667000D14504D848F804BB009848F8040B2068BA
:106680004069B042D8D8606AC0F80090D14503D8BC
:106690000020C8F8000047E01120029044E0E068C4
:1066A000A84200D2E568A560002D3DD0691E2046B5
:1066B000FFF7DEFB606161692068FFF7F2FB0746C8
:1066C00017B90220E071A2E720688078401E691E99
:1066D00000EA113007442089C0F30B0020B3A06901
:1066E000B84221D0A07900F0400080B121684878FC
:1066F000012304F12801A269FFF788FE18B10120E7
:10670000E07184E711E0A07920F04000A0712168D9
:10671000487801233A4604F12801FFF75FFE10B1E3
:106720000120E07173E7A761ABE0E068A84204D202
:10673000A07900F0020000B9E568D4F808904FF0A5
:106740000008C4F80880002D67D02068807807030F
:10675000B9F1000F11D0681EB0FBF7F1A9F10100EB
:10676000B0FBF7F0814208D3A9F10100791E8843FC
:10677000A060A0682D1A666912E026697EB9002122
:106780002068FFF79BFB0646012E02D10220E07134
:106790003DE7701C10B90120E07138E726616661A1
:1067A000C6B323E0A07900F0020038B1314620687A
:1067B000FFF784FB064636B93D4619E031462068AE
:1067C00001F002FB0646701C10B90120E0711EE7C3
:1067D000012E03D920684069B04202D80220E0713E
:1067E00015E76661A0683844A060ED1BBD42D9D8AA
:1067F00000BFA0682844A060C5F30B0050B131462B
:106800002068FFF74EFB8046B8F1000F03D102204D
:10681000E071FCE601E008EB15382089C0F30B00BD
:1068200020B3A069404521D0A07900F0400078B1A4
:1068300021684878012304F12801A269FFF7E6FDE9
:1068400010B10120E071E2E6A07920F04000A071D3
:10685000216848780123424604F12801FFF7BEFD74
:1068600010B10120E071D2E6C4F81880D4E9020129
:10687000884205D9A068E060A07940F02000A071AE
:1068800000BF0298C3E62DE9F1478BB001F010FB81
:10689000064601220BA904A801F058F80546002D70
:1068A0007DD101A80A9004A80B9901F013FA0546BE
:1068B00005B9082500BF042DF2D100210498FFF787
:1068C000FDFA0746002507B90725012F00D102254B
:1068D000781C00B901251DB9049802F05DFB05463E
:1068E000002D5AD139460498FFF7DBFA8146049807
:1068F00000F130044FF480520021204601F032FDB7
:106900000B222021204601F02DFD2E20207010208A
:10691000E072A675310AE175310C2176310E61768F
:106920003946204602F09AF92022214604F120003F
:1069300001F00BFD2E2084F82100DDF818A004984A
:106940000078032804D10498406A504500D1AA4633
:10695000514604F1200002F081F9049890F8028079
:1069600017E00498C0F82C9009F10109012004995E
:106970000871049802F010FB054605B10CE04FF4D5
:1069800080520021204601F0EDFCA8F1010000F04A
:10699000FF08B8F1000FE4D100BF2DB900E01EE000
:1069A00004A8FFF787FC054625B13946049801F095
:1069B000D8FD14E0099C1020E072A675310AE1753B
:1069C000310C2176310E61763946204602F046F9C7
:1069D000012004990871049802F07AFA05462846C5
:1069E0000CB0BDE8F08700002DE9F74F90B091465C
:1069F00010A801F007FB0F900F98002803DA0B2076
:106A000013B0BDE8F08F1198012801DD1320F7E7DE
:106A1000A9F1010000EA090008B11320F0E7FE49DE
:106A20000F9851F820B0BBF1000F01D10C20E7E71F
:106A300000208BF800000F98C0B20C9000200B9043
:106A40000C98FFF7A3FC0190019800F0010008B139
:106A50000320D5E7019800F0040008B10A20CFE731
:106A600000BF04AA01210C98FFF79BFC10B9049801
:106A7000802801D20120C3E7119808B1002000E06E
:106A80003F2080460498A0EB08000490B9F1000F65
:106A900012D1FA210498B0FBF1F00A904FF0000AED
:106AA00001E00AF1010ADD4830F81A100A98814223
:106AB000F7D8DB4830F81A904FEA1939B9F1000FCE
:106AC00001D14FF00109B9F1800F01D94FF08009D0
:106AD0000498B0FBF9F7012540F6F670874200D321
:106AE00002254FF6F670874200D30325032D0AD105
:106AF000082000EB870000F6FF70060B20200390B3
:106B00000020029011E0012D05D107EB4700401C49
:106B10004008C01C01E07800001D064606F6FF7024
:106B2000060B012003900420029003984044079034
:106B300007983044069002990698084405900598F5
:106B40004844A0EB08000499884201D90E2057E779
:106B500009AA03210C98FFF724FC28B9099818B159
:106B60000998B0F5004F01D90120099009990598BD
:106B70000844401E491E8843099009990598081A3F
:106B80000990032D08D109990398084403900999A5
:106B900007980844079001E009980644DDE90301DD
:106BA000081A811B0298081AB0FBF9F7022D03D1CD
:106BB00040F6F670874205D3032D05D14FF6F670E7
:106BC000874201D20E201BE7032D02D10C200D902D
:106BD00010E0012D06D10498B0F5803F02D20120CB
:106BE0000D9007E00498B0F5803F01D2042000E04A
:106BF00006200D9000BF119810B1F0200E9044E0D7
:106C00004FF4805200210BF1300001F0ABFB0BF58B
:106C1000F77401206070A0700020E0700D98207162
:106C2000FE206071049840443F21B0FBF1F0FF2149
:106C3000B0FBF1F009903F21099841EA9000A07162
:106C40000998E0713F20207200216172A172E17207
:106C5000049820730498010A61730498010CA173CD
:106C60000498010EE17355218BF82E12AA218BF89E
:106C70002F12012300220BF130010C98FFF7C6FB05
:106C800008B10120BCE6F8200E900BF130044FF45F
:106C900080520021204601F065FB0B2261A12046B5
:106CA00001F053FB4FF4805A84F80BA04FEA1A21ED
:106CB000217384F80D900398A0730398010AE1737F
:106CC00001202074032D01D1002001E04FF4007059
:106CD000824684F811A04FEA1A21A1740498B0F5F5
:106CE000803F05D20498E0740498010A217510E0F1
:106CF000049884F820000498C0F30721212001554E
:106D00000498C0F30741222001550498010E232066
:106D100001550E9860753F20207600216176FF2096
:106D2000A076E17684F81C804FEA182161774FEA5B
:106D30001841A1774FEA1861E17701F0B9F809909D
:106D4000032D3ED1099884F843000998C0F3072128
:106D5000442001550998C0F3074145200155099881
:106D6000010E4620015584F82460C6F30721252032
:106D70000155C6F3074126200155310E2720015544
:106D8000022084F82C0000212D2001552E200155D1
:106D90002F200155012084F83000312001550620B4
:106DA00084F8320033200155802084F840002920E7
:106DB00084F8420013221EA104F1470001F0C5FA35
:106DC0001FE0099884F827000998C0F307212820BC
:106DD00001550998C0F30741292001550998010E72
:106DE0002A200155A675310AE175802084F8240017
:106DF000292084F82600132212A104F12B0001F0AF
:106E0000A4FA552084F8FE01AA2140F2FF10015592
:106E10000123424621461FE08002002032960008EE
:106E200048960008EBFE904D53444F53352E3000EA
:106E30004E4F204E414D45202020204641543332B4
:106E4000202020004E4F204E414D4520202020463E
:106E500041542020202020000C98FFF7D7FA08B1D9
:106E60000120CDE5032D06D1012308F106022146BC
:106E70000C98FFF7CBFA079808904FF0000A61E0F2
:106E80004FF480520021204601F06CFA0E980990D0
:106E9000032D14D0012D01D1614801E06FF0FF00F6
:106EA000099908430990099820700998000A6070B0
:106EB0000998000CA0700998000EE07019E009987C
:106EC00060F0FF000990099820700998000A60702E
:106ED0000998000CA0700998000EE070FF20207146
:106EE000FF216171A171E17120726172A1720F21A4
:106EF000E1720898411C02460123089121460C9832
:106F0000FFF784FA08B101207AE54FF4805200219E
:106F1000204601F027FA012009900EE00898411C54
:106F200002460123089121460C98FFF76FFA08B139
:106F3000012065E50998401C09900998B042EDD3FD
:106F40000AF1010ABAF1000F9AD0032D01D1484687
:106F500000E00298824600BF0898411C02460123C7
:106F6000089121460C98FFF751FA08B1012047E536
:106F7000AAF10100B0F1000AEED1032D46D1522052
:106F8000207060706120A0704120E070722084F851
:106F9000E401722140F2E51001554121401C0155E8
:106FA0006121401C0155781E84F8E801C0F30721D7
:106FB00040F2E9100155781EC0F307414FF4F57017
:106FC0000155781E010E40F2EB100155022084F8A5
:106FD000EC01002140F2ED100155401C0155401C10
:106FE0000155552084F8FE01AA2140F2FF100155F9
:106FF000012308F1010221460C98FFF707FA01234B
:1070000008F1070221460C98FFF700FA002211460A
:107010000C98FFF7C6F908B10120F1E40020EFE475
:1070200000FFFF00F7B582B016460398019001A853
:1070300000F0E8FF0546002D02DA0B2005B0F0BD98
:107040000E4850F825400CB100202070029810B175
:107050000020029908700949029841F82500029819
:1070600008B1012E01D00020E8E7002203A902A800
:1070700000F06CFC07463846E0E700008002002084
:107080002DE9F7438AB0054616461DB909200DB013
:10709000BDE8F0830020286006F01F0626F00102FC
:1070A0000BA903A800F052FC0746002F7ED1CDF8B3
:1070B00024D003A80B9900F00DFE0746089C0FB9D9
:1070C00004B9062706F01C00002851D04FB1042F48
:1070D00003D103A8FFF7EEF8074646F00806089C20
:1070E00009E0E07A00F0110008B1072703E006F09C
:1070F000040000B10827002F39D106F0080000284D
:1071000035D000F0D5FE804684F80E804FEA182175
:10711000E1734FEA184121744FEA1861617400204D
:10712000E072207700216177A177E177214603980B
:1071300000F08DFF81460021204601F08FFD0120E7
:1071400003990871B9F1000F11D00398D0F82C8081
:107150004946039801F005FA074647B9A9F101002D
:107160000399C8604146039801F006F907460EE00E
:107170006FB9E07A00F0100008B1042707E006F0CC
:10718000020020B1E07A00F0010000B1072747B902
:1071900006F0080008B146F020060398C06AE861CE
:1071A0002C621FB9AE710020E87100E018E02146A2
:1071B000039800F04CFF2861E07F0106A07F41EAC0
:1071C0000041607F41EA0020217F0843E860002001
:1071D000A860A8616862039828602868C088A880B1
:1071E000384654E733B585B0044614B9092007B0D2
:1071F00030BD002206A904A800F0A8FB05461DBB6F
:107200000498206001A8A0612046069900F062FD64
:107210000546B5B9606958B16069C07A00F01000E0
:1072200028B16169049800F012FFA06000E0052514
:107230003DB90498C088A08000212046FFF757F888
:107240000546042D00D105250DB1002020602846FB
:10725000CDE72DE9FF4F83B0044615469A46DDF889
:1072600010B00020CAF80000204601F0BBFE0290DA
:10727000029818B1029807B0BDE8F08FE07908B124
:10728000E079F8E7A07900F0010008B90720F2E7FB
:10729000D4E90210401A00900098854200D9009D60
:1072A000ABE02089C0F30B00002877D120688078FC
:1072B000401EA16800EA113000F0FF09B9F1000F8B
:1072C0001FD1A06810B9206901900CE0606A28B154
:1072D0002046A168FEF7CCFD019004E061692068BA
:1072E00000F072FD01900198022802D20220E071A4
:1072F000C1E70198401C10B90120E071BBE701987B
:10730000606161692068FEF7CCFD064616B902206F
:10731000E071B0E74E444FEA1538B8F1000F2AD0BB
:1073200009EB080021688978884203D920688078B1
:10733000A0EB090808F0FF03216848783246594657
:10734000FFF74CF810B10120E07194E7A07900F04C
:10735000400068B1A069801B404509D2A169891B22
:107360000BEB01304FF4805204F1280100F0EDFFE7
:107370004FEA083737E0A069B04220D0A07900F08A
:10738000400080B121684878012304F12801A269F6
:10739000FFF73CF818B10120E0716CE710E0A0792C
:1073A00020F04000A071216848780123324604F1A2
:1073B0002801FFF713F810B10120E0715BE7A66127
:1073C0002089C0F30B00C0F58057AF4200D92F468B
:1073D0002089C0F30B0204F1280011183A465846E0
:1073E00000F0B3FF00BFBB44A0683844A060DAF8E7
:1073F00000003844CAF80000ED1B002D7FF451AFA7
:10740000002038E72DE9F0410446204601F0EAFD6E
:107410000746002F4CD1A07900F02000002847D06B
:10742000A07900F0400078B121684878012304F188
:107430002801A269FEF7EAFF10B10120BDE8F08142
:10744000A07920F04000A071E169206800F094FF6D
:107450000746002F2CD1256AE87A40F02000E87218
:10746000207B2877A089010A6977E068010CA97759
:10747000E068010EE9772846216901F0EFFB00F092
:1074800017FD0646AE75310AE975310C2976310EC5
:1074900069760020A8740021E974A07920F020000A
:1074A000A071012021680871206801F011FD0746D4
:1074B0003846C3E72DE9FF4F83B0044615469B4687
:1074C000049801900020CBF80000204601F08AFDCE
:1074D0000290029818B1029807B0BDE8F08FE079E9
:1074E00008B1E079F8E7A07900F0020008B90720B8
:1074F000F2E7A0682844A168884200D20025BFE0D6
:107500002089C0F30B0000287ED120688078401EBF
:10751000A16800EA113000F0FF0ABAF1000F26D18D
:10752000A06838B9276997B900212068FEF7C6FC22
:1075300007460CE0606A28B12046A168FEF798FC77
:10754000074604E061692068FEF7B8FC074607B902
:1075500099E0012F02D10220E071BDE7781C10B93B
:107560000120E071B8E76761206900B92761A0795F
:1075700000F0400078B121684878012304F1280127
:10758000A269FEF743FF10B10120E071A4E7A079E2
:1075900020F04000A07161692068FEF782FC064679
:1075A00016B90220E07197E756444FEA1539B9F150
:1075B000000F2DD00AEB090021688978884203D991
:1075C00020688078A0EB0A0909F0FF032168487859
:1075D00032460199FEF71AFF10B10120E0717BE7F6
:1075E000A069801B48450ED2A069801B019A02EB5E
:1075F00000314FF4805204F1280000F0A6FEA0797B
:1076000020F04000A07100E016E04FEA09382AE0BF
:10761000A069B0420FD0D4E9020188420BD22168A0
:1076200048780123324604F12801FEF7D7FE10B155
:107630000120E07150E7A6612089C0F30B00C0F57E
:107640008058A84500D9A8462189C1F30B0204F14E
:10765000280150184246019900F077FEA07940F0C9
:107660004000A07100BF019840440190A0684044D0
:10767000A060DBF800004044CBF80000A5EB080553
:10768000002D7FF43DAF00BFD4E90201884201D94B
:10769000A068E060A07940F02000A07100201BE706
:1076A00010B50E48807E012816D10C4890F82E00A7
:1076B00090B90020094988760846407E20B1002014
:1076C00048760748FEF788FFFAF7D8FF01200349FC
:1076D000C877C8760020086210BD0000FC020020B8
:1076E0008423002070B58A488068C0F341308949FE
:1076F0000870084600788849097880EA0106002E5B
:1077000043D0012500243DE006EA0500A84231D11E
:10771000814800782840A84216D1804830F81400EB
:10772000401C80B27D4921F81400022826DB7A48EB
:107730000078684078490870012079490855002090
:10774000764921F8140019E0744830F81400401C00
:1077500080B2724921F8140015280FDB6E480078BA
:1077600068406D49087000206D4908556B4921F843
:10777000140003E00020694921F814006806050E92
:10778000601CC4B2022CBFDB03E000206349088008
:10779000488063480078012833D16148407878BB3D
:1077A0006048007801281DD05F480078401CC0B2B6
:1077B0005D490870032815DD0020087001205B4931
:1077C0000880584908705A48007818B10020584974
:1077D000087002E0002057490870002056490870E0
:1077E00001F0DAFD0020554908804FF4006154484B
:1077F000FAF74AF94FF480615148FAF743F985E006
:10780000FFE747480078002842D1454840780128E2
:107810003ED144480078022818D043480078401CE4
:10782000C0B241490870032824DD002008700120FF
:107830003E49088002203B490870012041490870F8
:1078400000204149087001F0A7FD13E03D48007891
:1078500001280FD13C48007801280BD1002039497C
:1078600008703949087001203149087031490870A1
:1078700001F092FD0020314908804FF480613048CA
:10788000FAF702F94FF400612D48FAF7FBF83DE0F2
:1078900023480078D0BB22484078B8BB27480088EE
:1078A000401C80B225490880B0F5967F24DD1D4834
:1078B0000078022802D10120234908701F4800885F
:1078C000B0F5487F18DD00201C4908801649087073
:1078D000012016490880134908701548007818B12E
:1078E00000201349087002E00020124908700020AF
:1078F0001149087001F050FD4FF480611048FAF70B
:10790000C3F84FF400610E48FAF7BEF870BD0000EE
:1079100000100140930200209202002096020020F5
:10792000900200208F0200209E0200209A02002078
:107930008B0200208C0200208A0200209C02002082
:10794000000C01409F020020A00200202DE9F74F0B
:1079500088B0002108980160099800F053FB079057
:107960000798002803DA0B200BB0BDE8F08FD5494B
:10797000079851F820400CB90C20F5E708980460EE
:10798000207878B16078FEF73AFD804608F0010073
:1079900040B90A9820B108F0040008B10A20E3E7D2
:1079A0000020E1E700202070079860706078FEF703
:1079B000EDFC804608F0010008B10320D4E70A98E6
:1079C00020B108F0040008B10A20CDE700273946AD
:1079D0002046FEF747F90546012D01D06DBB2CE08E
:1079E000002614E004F5F77101EB0610017951B19E
:1079F000C17A0A06817A42EA0142417A42EA0121C9
:107A0000027A114300E000214DF82610761C042E66
:107A1000E8D3002606B1761E00BF5DF8267027B1B8
:107A200039462046FEF71EF900E0022005461DB14A
:107A3000701C06460428F0D300BF032D01D101209D
:107A400092E70DB10D208FE73B20015D94F83C00DB
:107A500041EA0020B0F5805F01D00D2084E7462088
:107A6000015D94F8470041EA0029B9F1000F0ED1F9
:107A700094F85700010694F8560041EA004194F842
:107A8000550041EA002094F8541040EA0109C4F876
:107A900018904020005DE070E078012804D0E07884
:107AA000022801D00D205FE7E07809FB00F93D20B6
:107AB000005DA070A07818B1A078411E084008B100
:107AC0000D2051E74120015D94F8420041EA002079
:107AD0002081207A00F07F0008B10D2044E7432088
:107AE000015D94F8440041EA002BBBF1000F0ED178
:107AF00094F85300010694F8520041EA004194F8CA
:107B0000510041EA002094F8501040EA010B3E2059
:107B1000015D94F83F0041EA00200490049808B900
:107B20000D2021E704984844218900EBD1100690EC
:107B30000698834501D20D2016E70698ABEB0000AE
:107B4000A178B0FBF1FABAF1000F01D10D200BE7DB
:107B5000012540F6F670824500D302254FF6F670F7
:107B6000824500D303250AF102006061E7610498B1
:107B70003844206206983844A062032D16D120892B
:107B800008B10D20F0E694F85F00010694F85E005D
:107B900041EA004194F85D0041EA002094F85C104D
:107BA0000843606260698000059014E0208908B98C
:107BB0000D20D9E6206A48446062022D02D1606936
:107BC000400007E0207D00F00100616901EB410108
:107BD00000EB51000590A169059800F6FF70B1EB2C
:107BE000103F01D20D20BFE64FF0FF302061E06072
:107BF00080206071032D5AD194F8601094F86100D0
:107C000041EA0020012852D1791C204600F0B4FB43
:107C1000E8BB0020607194F82E1294F82F0241EA1C
:107C200000204AF65521884241D13320005D0106EB
:107C30003220005D41EA00413120005D41EA002030
:107C400094F8301008432049884230D194F8170244
:107C5000010694F8160241EA004194F8150241EA3F
:107C6000002094F814120843184988421FD194F850
:107C70001B02010694F81A0241EA004194F8190225
:107C800041EA002094F818120843206100E00EE059
:107C900094F81F02010694F81E0241EA004194F88C
:107CA0001D0241EA002094F81C120843E060257090
:107CB00007480088401C80B205490880E080002009
:107CC00052E600008002002052526141727241610E
:107CD000880200202DE9F3410446019800782F28FE
:107CE00003D0019800785C2802D10198401C0190D3
:107CF0000020A06001980078202807D200212046AB
:107D0000FEF7F5FA05460020606128E000BF01A9F2
:107D10002046FEF73FF9054605B11FE02046FEF775
:107D200013FA0546A069C67A3DB1042D04D100BFFF
:107D300006F0040000B9052510E006F0040000B1CB
:107D40000CE06769F87A00F0100008B9052505E035
:107D50003946206800F07BF9A060D8E700BF2846CC
:107D6000BDE8FC8170B504460D46E0B2FCF7AEFEFE
:107D7000204670BD3EB504460D48006800900C4892
:107D8000001D006801900A480830006802900298BF
:107D900020700298000A60700298000CA07002988F
:107DA000000EE07003A09DE80E00FDF7FDFA3EBD59
:107DB000E8F7FF1F25303878202530387820253027
:107DC0003878200A0D0000002DE9F04105460C46E8
:107DD000022C02D36869A04202D80120BDE8F081DC
:107DE0002878012804D002282CD003285AD13DE05D
:107DF000274607EB5707286A00EB1731284600F0A3
:107E0000BBFA00B150E0C7F30B0105F1300010F8E8
:107E100001807F1C286A00EB1731284600F0ACFA7D
:107E200000B141E0C7F30B0105F13000405C48EAC6
:107E3000002804F0010010B14FEA1810CEE7C8F393
:107E40000B00CBE7286A00EBD421284600F094FA17
:107E500000B129E040F6FF7000EA440105F130006E
:107E60000E183078717840EA0120B7E7286A00EBF5
:107E70009421284600F080FA00B115E040F6FF702A
:107E800000EA840105F130000E18F0780006B178A0
:107E900040EA0140717840EA01203178084320F03F
:107EA00070409BE7012099E700BF4FF0FF3095E756
:107EB0002D480068407900F00F002B490968497986
:107EC000091101EB810100EB410014304006264905
:107ED0000968097901F00F01234A12681279121119
:107EE00002EB820201EB420140EA41511E48006868
:107EF000C07800F00F001C4A1268D278121102EB11
:107F0000820200EB420041EA004017490968897883
:107F100001F00F01144A12689278121102EB8202EA
:107F200001EB420140EAC1210F480068407800F0AF
:107F30000F000D4A12685278121102EB820200EB18
:107F4000420041EA401108480068007800F00F0044
:107F5000054A12681278121102EB820200EB42000D
:107F600041EA500070470000C402002040B91A499D
:107F70001AA213680B6093888B8092798A712AE029
:107F8000012808D1144917A213680B6093888B80CD
:107F900092798A711FE0022808D10F4A13A10B6859
:107FA00013608B8893808979917114E0032808D13C
:107FB000094A10A10B6813608B88938089799171AD
:107FC00009E0042807D104490CA213680B609388C8
:107FD0008B8092798A717047FC0200203030312EFC
:107FE0004D5033003030322E4D5033003030332E70
:107FF0004D5033003030342E4D5033003030352E5C
:108000004D50330070B502464FF0FF301568E5B1B2
:10801000116800E0491C0D78212D02D30D783A2D0E
:10802000F8D10D783A2D0FD1146814F8015BA5F141
:1080300030030A2B07D28C4205D1022B03D21846FB
:108040004D1C2946156070BD002000BFFBE710B530
:1080500002468C7ECB7E44EA03201378032B05D1A5
:108060000C7D4B7D44EA032340EA034010BD000031
:10807000F9F7F0FA012806D0F9F758FB0120F9F7D3
:10808000FFFAF9F7F3FAFCF74BFAFDF715FC00F0ED
:10809000CBFFFDF7BFFDF8F7E9F9FDF785FCFDF72C
:1080A000F1FCFDF78DFDFCF7B1FDFDF73BFD00F0A8
:1080B0007DF900F0B2FFF8F769FEF8F7A3FDFCF7D1
:1080C000DDFDFCF727FE40F6B830FDF7C3FC10E1FC
:1080D0008848007800287DD0002086490870FDF788
:1080E000B7FB01F0E1F9FFF7FDFA83480078401C87
:1080F000C0B2814908700A2820DB0020087000F017
:10810000B5FD00F039FEFEF79FF97C4890F82C0091
:10811000A0B17A4890F82C00401EC0B2774981F88F
:108120002C00002805DD4FF400717548F9F7ACFC10
:1081300004E04FF400717248F9F7A4FC6F48407FE7
:10814000A8B100206D4948776E48FBF72DFA24222C
:108150000C216C48C01DFCF7C5FEFAF725FF10B1D5
:108160006948F9F709FF0120644988778876F8F7AC
:1081700049FD6648008808B30020644908806448C7
:108180000078012804D102205C4981F8280007E02A
:108190005F480078022803D10320584981F828005D
:1081A0000D215648F7F7F9FF544991F82800FFF7D9
:1081B000DDFE01205149887681F82D00FFF770FA25
:1081C00054480088401C80B252490880B0F57A7F3C
:1081D00059DB00E08BE000200880484890F82A0036
:1081E0004D494978884206D04B484078434981F848
:1081F0002A0001F0D1F84948006800F0020058B99F
:108200003E4890F82900042822D004203B4981F8F8
:10821000290001F0C1F81BE04048006800F00400AC
:1082200058B9364890F82900022811D00220334965
:1082300081F8290001F0B0F80AE0304890F82900F0
:10824000012805D001202D4981F8290001F0A4F86A
:108250003348C06968B13248C069401C3049C861C0
:10826000052806D30020C861244981F82E0001208A
:108270008876F9F757FD22480C30006880F0080036
:108280001F490C3108601D48006A58B3F8F766F9B9
:108290001A48006AB0F5167F05D14FF480511F4887
:1082A0000838F9F7EFFB1548006A401C13490862CB
:1082B000496A884219D31148406A98B100200F4991
:1082C0000862FCF773FC0D48C07E58B14FF4805132
:1082D00012480838F9F7D8FB0848407E18B1012049
:1082E0000649C87701E0FAF7C9F9FBF799FDFAF7F3
:1082F0001BFAEDE60000002001000020FC02002037
:10830000000C0140AC3300201C3400209A020020F5
:108310008F020020040000201C8500200808014076
:10832000DC020020F0B503461C460D46002000BFCD
:10833000161EA2F1010207D014F8017B15F801CB3B
:10834000A7EB0C06301EF3D0F0BD70B503460C460B
:1083500003E014F8015B03F8015B151EA2F10102B2
:10836000F7D170BD30B5034601E003F8011B141EC0
:10837000A2F10102F9D130BD70B504460D46E06AA4
:10838000A84210D0204600F007FE08B1012070BDC1
:10839000607801232A4604F13001FEF71FF808B186
:1083A0000120F4E7E5620020F1E7000010B50020AD
:1083B0001C49C87708624874487688760120C876D8
:1083C0000020087781F82800012088774FF47A7020
:1083D000486200204877487381F82D0012480068F1
:1083E00000F0020018B9042081F829000DE00E48C1
:1083F000006800F0040020B902200A4981F8290031
:1084000003E00120074981F829000020054981F88F
:108410002A0081F82B0081F82C0081F82E0000F052
:10842000BBFF10BDFC020020080801402DE9F04709
:1084300005460E461746022E02D36869B04202D89E
:108440004FF002088AE02878012804D0022841D0A1
:1084500003287DD154E0B14609EB5909286A00EBA5
:1084600019312846FFF788FF8046B8F1000F00D089
:1084700071E0C9F30B0105F130000C1806F00100A2
:1084800020B1F9B2207861F31F1000E03846207067
:1084900009F1010901202871286A00EB19312846E9
:1084A000FFF76AFF8046B8F1000F00D053E0C9F330
:1084B0000B0105F130000C1806F0010010B1C7F3F4
:1084C000071005E0207800F0F000C7F3032108430F
:1084D000207040E0286A00EBD6212846FFF74CFFC9
:1084E0008046B8F1000F00D035E040F6FF7000EA9A
:1084F000460105F130000C182770380A60702AE038
:10850000286A00EB96212846FFF736FF8046B8F12F
:10851000000F00D01FE040F6FF7000EA860105F171
:1085200030000C18E0780006A17840EA014061783C
:1085300040EA01202178084300F07040074327708B
:10854000380A6070380CA070380EE07003E0FFE766
:108550004FF0020800BF00BF012028714046BDE86F
:10856000F0872DE9F04104460E46022E02D36069E1
:10857000B04201D8022727E0002721E031462046FB
:10858000FFF722FC054605B91DE0012D01D10227A8
:1085900019E0681C08B9012715E000223146204681
:1085A000FFF744FF074607B10DE02069401C30B1DA
:1085B0002069401C2061607940F0010060712E4606
:1085C0006069B042DAD800BF3846BDE8F0810000EB
:1085D0002DE9F05F07460D46164616B90120BDE8A5
:1085E000F09F3E484069A84201D80020F7E73B4889
:1085F000008BB04201DA0020F1E7324629463848C4
:1086000000F036F9324639463548F7F7DFFD08B94C
:108610000120E4E74FF0000A32463946304800F0C6
:10862000CFF808B14FF0010A2C48008B401E25EA14
:1086300000082A48008BB0420BD1002404E0385DCA
:1086400027490855601C84B22448008BA042F6DC00
:1086500010E02248028B4146214800F009F91F48EA
:10866000008B401E284084B21D4908193246394605
:10867000F7F77AFD4FF0000B00242AE0BAF1010F62
:1086800002D1404600F07EF81448028B414614485F
:1086900000F0AAF832463946284600F023F810B90F
:1086A0004FF0010B17E032463946284600F01AF821
:1086B00010B94FF0010B0EE04FF0000903E009F193
:1086C00001001FFA80F942F210708145F7DB601C4F
:1086D00084B2032CD2DB00BF584680E760870020BD
:1086E0007C8700202DE9F04104460E4615466019AE
:1086F00019494969884202D90120BDE8F0810DB9C4
:108700000020FAE71020154908600320FBF77CFCE5
:10871000C4F30740FBF778FCC4F30720FBF774FCB5
:10872000E0B2FBF771FC0DE0A520FBF76DFC0746FE
:1087300016F8011BB94205D010200849091F08602E
:108740000120DAE7281EA5F10105EDD1102003492B
:10875000091F08600020D0E760870020140801404E
:1087600010B500F03BFA102005490860C720FBF760
:108770004BFC10200249091F086000F05FF910BD92
:108780001408014010B5044600F028FA10200B49E7
:1087900008602020FBF738FCC4F30740FBF734FCEB
:1087A000C4F30720FBF730FCE0B2FBF72DFC1020F0
:1087B0000249091F086000F041F910BD140801408A
:1087C00070B5034600240BE013F8015BE843C5B223
:1087D00011F8010B284008B1012070BD601C84B263
:1087E0009442F1DB0020F8E72DE9F04106460C4603
:1087F00015464FF0000825E000F0F0F910201B4965
:1088000008600220FBF700FCC4F30740FBF7FCFB09
:10881000C4F30720FBF7F8FBE0B2FBF7F5FB0027FA
:1088200004E016F8010BFBF7EFFB7F1CFF2FF8D9D4
:1088300010200E49091F086000F000F904F580744B
:1088400008F10108E91705EB1161B8EB212FD3D32B
:108850001020064908600420FBF7D6FB10200349CE
:10886000091F086000F0EAF8BDE8F0811408014033
:1088700070B506460C46154625B16019124949697E
:10888000884200D970BD1020104908600320FBF712
:10889000BBFBC4F30740FBF7B7FBC4F30720FBF7B0
:1088A000B3FBE0B2FBF7B0FB04E0A520FBF7ACFBA9
:1088B00006F8010B281EA5F10105F6D11020034989
:1088C000091F086000BFDDE7608700201408014031
:1088D0002DE9F04110200E4908609F20FBF794FB22
:1088E000A520FBF791FB0546A520FBF78DFB06466F
:1088F000A520FBF789FB074610200549091F0860E2
:10890000280440EA062040EA07042046BDE8F0813A
:108910001408014010B5FFF7DBFF31490860084635
:108920000068304A811A904234D007DC2E4908444E
:1089300060B12E490844002844D113E0032935D002
:108940006FF44050084400283CD117E028A1244887
:10895000001DF7F748FC4FF4001021494861401210
:1089600008833BE025A11E48001DF7F73CFC4FF4AF
:1089700000101B494861401208832FE022A11848CB
:10898000001DF7F730FC4FF4800015494861801254
:10899000088323E01FA11248001DF7F724FC4FF4C1
:1089A00000100F4948614012088317E01CA10C48D1
:1089B000001DF7F718FC4FF080700949486100135B
:1089C00008830BE019A10648001DF7F70CFC4FF4D3
:1089D0000010034948614012088300BF00BF10BD6A
:1089E000608700201540EF00BFDA40FF2C05FDFF37
:1089F0005353543235564630313642004D58323595
:108A00004C313630364500005732355133324A56F4
:108A10000000000057323551313644560000000046
:108A2000573235513132384456000000556E6B6E66
:108A30006F7720466C6173680000000010B510204D
:108A4000084908600520FBF7DFFA00BFA520FBF707
:108A5000DBFA00F001000028F8D110200149091FBD
:108A6000086010BD140801402DE9F05F07460D466F
:108A700016464FF00008C146C2460024A346564899
:108A8000008BB5FBF0F100FB11501FFA80FA524841
:108A9000008BA0EB0A0084B24F48008B96FBF0F0ED
:108AA0001FFA80F84C48008B96FBF0F100FB116038
:108AB0001FFA80F9BAF1000F2AD1B8F1000F08D1DE
:108AC000324629463846FFF783FD00287ED1BDE8AF
:108AD000F09F0EE04048028B29463846FFF778FDAC
:108AE00008B90020F3E73C48008B05443A48008B66
:108AF0000744B8F10000A8F101011FFA81F8E9D19B
:108B00004A4629463846FFF763FD002861D1DEE773
:108B1000B8F1000F1FD1A14515DDA9EB04001FFA24
:108B200080FB224629463846FFF752FD08B900204F
:108B3000CDE7254427445A4629463846FFF748FDE5
:108B4000002846D1C3E7324629463846FFF740FDA4
:108B5000E0BB0020BBE7301B86B21F48008B96FBB2
:108B6000F0F01FFA80F81C48008B96FBF0F100FB38
:108B700011601FFA80F9224629463846FFF728FD82
:108B800008B90020A3E7254427440EE01248028BD1
:108B900029463846FFF71CFD08B9002097E70E4824
:108BA000008B05440C48008B0744B8F10000A8F185
:108BB00001011FFA81F8E9D1B9F1000F09D04A4645
:108BC00029463846FFF704FD00B900E001E0002027
:108BD0007DE701207BE700006087002010B51020B2
:108BE000044908600620FBF70FFA10200149091F0D
:108BF000086010BD1408014010B504461448006810
:108C00001449884216D11020134908605020FBF700
:108C1000FBF910201049091F0860091D0860012098
:108C2000FBF7F2F92046FBF7EFF910200A49091F7C
:108C300008600CE01020084908600120FBF7E4F907
:108C40002046FBF7E1F910200349091F086010BD19
:108C5000608700204125BF001408014081760B0A7F
:108C6000C3760A0C02750B0E4375704730B50123AD
:108C70003B48007800F00300394908700846007846
:108C80003849097880EA0105002D43D000223EE0F2
:108C900005EA0300984233D13348805C401C3249D6
:108CA000885430480078184098420BD10846805CC0
:108CB0000A2828DB002088542A480078584029498F
:108CC000087020E0032020EA0304264800782040B2
:108CD000A0420CD12448805C4B2814DB00202249A0
:108CE00088542048007858401E4908700BE0002046
:108CF0001D4988541B48007858401A49087002E002
:108D00000020194988545806030E501CC2B2022A8A
:108D1000BEDB03E00020144908704870134890F847
:108D20002A00D8B11248006800F4807098B1114848
:108D30000078401CC0B20F4908700A280EDD0020E0
:108D400008700120094981F82B00642081F82C006B
:108D500000F022FB02E000200649087030BD000050
:108D60009202002094020020A4020020FC020020B5
:108D7000080C0140B802002010B54C4B1B7803F0E2
:108D800003034A4C2370012100208BE003238B4313
:108D9000464C2478A34242D1454B1B780B406BBB19
:108DA000434B1B780B43424C23700023414C24F867
:108DB0001030414B1B780B408B4261D13F4B33F855
:108DC00010304EF66024A34204DB00233C4C24F810
:108DD000103055E0394B33F810301233642493FBD4
:108DE000F4F3374C24F8103010B90023354C2370BD
:108DF000012845D10023344C237041E02D4B33F83A
:108E000010305B1C9BB22B4C24F810304EF66024C3
:108E1000A34235DB2346274C24F8103030E0244BA6
:108E20001B780B408B422BD1214B1B788B43204C62
:108E30002370224B33F810301E4C34F81040A342FC
:108E400007DB1E4B33F810301A4C34F810401A1B55
:108E500006E0184B33F81030184C34F810401A1B49
:108E60001A4B1B780B408B420AD1124B33F810304F
:108E7000124C24F81030104B1B780B430E4C23700F
:108E80000A4B1B780B408B4208D1084B1B78032BF5
:108E900004D00E4B1B780B430C4C23704B06190E61
:108EA000431CD8B20228FFF671AF10BD9402002017
:108EB000A1020020A6020020A2020020AA02002097
:108EC000B2020020AF020020B0020020A302002066
:108ED00070B50446204600F05FF80546002D59D1D4
:108EE000207803284FD1607901284CD1020300215A
:108EF00004F13000FFF736FA552184F82E12AA212A
:108F000084F82F12522084F830005221312001556C
:108F1000612132200155412133200155722184F80D
:108F2000141284F81512412184F81612612184F874
:108F30001712217C84F81812208A010A84F8191269
:108F40002069010C84F81A122069010E84F81B12A2
:108F5000217B84F81C12A089010A84F81D12E068A4
:108F6000010C84F81E12E068010E84F81F12E069FB
:108F7000401CE0626078012304F13001E26AFDF7F1
:108F800045FA00206071607800221146FDF709FA69
:108F900000B10125284670BD70B504462079F8B1AE
:108FA000E56A607801232A4604F13001FDF72EFAC4
:108FB00008B1012070BD00202071206A281AA16923
:108FC00088420DD2E67809E0A06905446078012363
:108FD0002A4604F13001FDF719FA761E022EF3D26B
:108FE0000020E7E770B505462C464CB1206838B143
:108FF0002068007820B12068C088A188884201D00C
:10900000092070BD21684878FDF7F9F900F00100EA
:1090100008B10320F5E70020F3E710B5FBF798FD52
:1090200000F054F810BD000008B501211D20F9F72B
:10903000DDFD4FF48070ADF8000003208DF80200D4
:1090400004208DF8030069461948F8F747FC802092
:10905000ADF8000003208DF8020010208DF8030009
:1090600069461448F8F73AFC4020ADF800000320A8
:109070008DF8020010208DF8030069460D48F8F7BE
:109080002DFC0420ADF8000003208DF80200102014
:109090008DF8030069460848F8F720FC04200649CB
:1090A000103108604020034908618020086108BD34
:1090B0000008014000100140000C0140402002491E
:1090C00008618020486170470010014070B50120A0
:1090D00000F04CF80546C5F30315082D13D2DFE860
:1090E00005F00406080A0C0E12100BA40DE00CA4E7
:1090F0000BE00DA409E00EA407E00FA405E010A406
:1091000003E011A401E012A400BF00BF214612A099
:10911000FCF74AF9E8B270BD5653313030310000E7
:109120005653313031310000565331303032000067
:109130005653313030330000565331303533000050
:109140005653313033330000565331313033000041
:10915000756E6B6E6F770000BDE2C2EBD0BEC6AC21
:10916000D0CDBAC5203A2025730D0A0070B505464A
:1091700000F0CAF808B1002070BD002000F020F80F
:109180000320FAF75DFF2846FAF75AFFFF20FAF7A7
:1091900057FF0402FF20FAF753FF204484B2012056
:1091A00000F00EF82046E7E70448006800F48070FD
:1091B00008B9002070470120FCE7000008080140C2
:1091C00018B94021034A516102E04021014A11616E
:1091D000704700000010014018B98021034A516116
:1091E00002E08021014A1161704700000010014037
:1091F00010B504460CB9FE2406E0FF2C01D1002472
:1092000002E0C4F1FE00C4B244EA04210B2000F0E5
:1092100093F810BD70B5002500BF09E0681CC0B20E
:109220000546052803DA0120F8F710F900E006E00A
:109230002A480068012121EA10200028EED000BF52
:109240004AF6AD31082000F077F845F2AA5109201E
:1092500000F072F80820FFF789FF06460920FFF7A3
:1092600085FF04464AF6AD30864203D145F2AA5046
:10927000844205D01AA0FCF797F8FBF769FCCCE70D
:109280000020FAF7DDFE002512E040F60401002080
:1092900000F052F800BF11480068012121EA1020B7
:1092A0000028F8D02846691CCDB2052800DD06E06C
:1092B0000020FFF75BFF40F604018842E5D100BFC4
:1092C0004FF44041032000F037F800BF0348006826
:1092D000012121EA10200028F8D070BD08080140C3
:1092E000546865726520697320736F6D6574686971
:1092F0006E672077726F6E672077697468205653A7
:10930000313078780A000000002106E00848006843
:1093100000F4807000B103E0491C06488142F5D397
:1093200000BF0448814201D3012070470020FCE7C0
:109330000808014000093D0070B505460C46FFF7DE
:10934000E3FF00B170BD0020FFF73AFF0220FAF7FB
:1093500077FE2846FAF774FE2012FAF771FEE0B2A3
:10936000FAF76EFE0120FFF72BFF00BFEAE770B5AA
:1093700004460D460020FFF72FFF03E014F8010B11
:10938000FAF75EFE281EA5F10101CDB2F6D101204B
:10939000FFF722FF70BD00003E4890F82A00002829
:1093A00052D13C4890F82900022804D0394890F85E
:1093B0002900042829D138480078012804D14FF425
:1093C0007A703449486264E033480078022860D1FA
:1093D0003248007860B13248007820B14FF4C8704C
:1093E0002C49486255E04FF47A702A49486250E0AF
:1093F0002C48007820B14FF4C8702649486248E0F4
:109400004FF47A702349486243E0224890F82900DB
:1094100001283ED120480078012804D14FF47A7009
:109420001C49486235E01C480078022831D11C48AC
:10943000007820B14FF4C8701649486229E04FF413
:109440007A701449486224E013480078012804D156
:109450006FF00F000F4948621BE00F4800780228A8
:1094600017D10C4890F82B0078B10D48007820B146
:109470006FF00F00074948620BE04FF47A7005491E
:109480004862002081F82B0003E06FF00F000149D3
:1094900048627047FC0200208F0200208C020020EE
:1094A0008B0200208A02002017480068012121EA6F
:1094B00010101649087008464078097888421ED076
:1094C0001248007868B11148C078401CC0B20F49FA
:1094D000C870022816DB0846007848700020C87063
:1094E00010E00A48C078401CC0B20849C87015286E
:1094F00008DB0846007848700020C87002E00020B1
:109500000249C87070470000080C01401C8500200B
:109510003030302E3030312E3030322E3030332E4D
:109520003030342E3030352E3030362E3030372E2D
:109530003030382E3030392E3031302E3031312E1F
:109540003031322E3031332E3031362E3031352E0F
:109550003031362E3031372E3031382E3031392EF1
:109560003032302E3032312E3032322E3032332EF5
:10957000C0A801ACC0A80101FFFFFF000000E7097F
:1095800000E71300E71600E72100E72359E7000092
:10959000E70900E71300E71600E72100E72359E792
:1095A0001201000200000040830420570002010263
:1095B000030109022000010100C032090400000279
:1095C000080650040705810240000007050202401A
:1095D0000000040309042603530054004D006900F1
:1095E000630072006F0065006C006500630074002A
:1095F00072006F006E006900630073002603530061
:1096000054004D003300320020004D006100730013
:1096100073002000530074006F0072006100670047
:10962000650010035300540020004D0061007300DA
:1096300073000004000200018000400020001000C0
:10964000080004000200000000800040002000101C
:109650000008004000200010000800040002000084
:1096600046525F544F4F5F4D414E595F4F50454EEC
:109670005F46494C4553A3BAB5B1C7B0B4F2BFAACF
:10968000B5C4CEC4BCFECAFDB4F3D3DA5F46535FA3
:10969000534841524500000046525F5752495445D5
:1096A0005F50524F544543544544A3BACEEFC0EDEA
:1096B000C7FDB6AFB1BBD0B4B1A3BBA400000000DE
:1096C00046525F4F4BA3BAB3C9B9A60046525F4991
:1096D0004E56414C49445F4452495645A3BAC2DFF5
:1096E000BCADC7FDB6AFBAC5CEDED0A70000000046
:1096F00046525F494E56414C49445F4F424A4543AA
:1097000054A3BACEC4BCFEBBF2D5DFC4BFC2BCB644
:10971000D4CFF3CEDED0A70046525F494E56414C1F
:1097200049445F504152414D45544552A3BAB2CECF
:10973000CAFDCEDED0A7000046525F4D4B46535FB8
:1097400041424F52544544A3BAD3C9D3DAB2CECA28
:10975000FDB4EDCEF3665F6D6B66732829B1BBD6A1
:10976000D5D6B90046525F54494D454F5554A3BA1A
:10977000D4DAB9E6B6A8B5C4CAB1BCE4C4DACEDE60
:10978000B7A8BBF1B5C3B7C3CECABEEDB5C4D0ED63
:10979000BFC9000046525F4558495354A3BACEC4CE
:1097A000BCFED2D1BEADB4E6D4DA000046525F4E64
:1097B0004F5F50415448A3BAC2B7BEB6B2BBB4E67D
:1097C000D4DA000046525F4E4F5F46494C45A3BA7B
:1097D000CEC4BCFEB2BBB4E6D4DA000046525F4948
:1097E0004E545F455252A3BAB6CFD1D4CAA7B0DC0B
:1097F0000000000046525F4E4F5F46494C455359AA
:109800005354454DA3BAC3BBD3D0D3D0D0A7B5C40E
:10981000464154BEED00000046525F4449534B5F41
:10982000455252A3BAB5D7B2E3D3B2BCFEB4EDCE23
:10983000F300000046525F4E4F545F524541445979
:10984000A3BACEEFC0EDC7FDB6AFC3BBD3D0B9A4AA
:10985000D7F7000046525F44454E494544A3BAD36A
:10986000C9D3DABDFBD6B9B7C3CECABBF2D5DFC404
:10987000BFC2BCD2D1C2FAB7C3CECAB1BBBEDCBE76
:10988000F800000046525F4C4F434B4544A3BAD307
:10989000C9D3DACEC4BCFEB9B2CFEDB2DFC2D4B206
:1098A000D9D7F7B1BBBEDCBEF800000046525F4E10
:1098B0004F545F454E41424C4544A3BABEEDD6D00D
:1098C000CEDEB9A4D7F7C7F80000000046525F4EBD
:1098D0004F545F454E4F5547485F434F5245A3BADB
:1098E000CEDEB7A8B7D6C5E4B3A4CEC4BCFEC3FBD6
:1098F000B9A4D7F7C7F8000046525F494E56414C0D
:1099000049445F4E414D45A3BACEDED0A7CEC4BC7C
:10991000FEC3FB003499000800000020DC020000B8
:10992000BE020008649A0008DC02002064A900005E
:10993000D853000841D4E8030113C09614081898BE
:109940001408DC971B0834081AC4081AAC041AF867
:109950000C1A54041A940C1AF0241A98041ACC0401
:109960001AAC141AF4141A38041A64041A84101A5B
:10997000CC042A60481910100B2F7379732F302EE6
:109980006D7033390B1E312E7761760B1D6F756E3E
:10999000640D4918390DAA320DAA330D3A340D3130
:1099A00084A24A04680901020304060708090C6935
:1099B00010053A0204060835800202202D574C4853
:1099C0002001180E53504920466C61736844697336
:1099D0006B1046312E3020036206627002150A3980
:1099E00087021002141A03531254124D123312320A
:1099F0001231021130132D150C18082F24040A15EA
:109A0000352023030113312214083D211B082D08A2
:109A10001A2F041319201B08E1041AC9041A8D0413
:109A20001A79041AA1044132402938CB7923482AF3
:109A3000593C590C1AA91C13A0953308121AB208E4
:109A400032201AD20832041AD60832265AFC0813D9
:109A5000740133201A1322967308101993012F04EE
:049A600047030303B2
:0400000508000131BD
:00000001FF
