:020000040800F2
:1000000040AC0020450100082D240008411B0008D9
:10001000B5230008E1050008954A0008000000002B
:10002000000000000000000000000000D1390008BE
:100030004914000800000000792600088D440008DB
:100040005F0100085F0100085F0100085F01000810
:100050005F0100085F0100085F0100085F01000800
:100060005F0100085F0100085F0100085F010008F0
:100070005F0100085F0100085F0100085F010008E0
:100080005F0100085F0100085F0100089547000854
:10009000ED4700085F0100085F0100083D150008FA
:1000A0005F0100085F0100085F0100085F010008B0
:1000B0005F0100085F0100085F0100085F010008A0
:1000C0005F0100085F0100085F0100085F01000890
:1000D0005F010008B94500085F0100085F010008E2
:1000E0005F0100085F0100085F0100085F01000870
:1000F0005F0100085F0100085F0100085F01000860
:100100005F0100085F0100085F0100085F0100084F
:100110005F0100085F0100085F0100085F0100083F
:100120005F0100085F0100085F0100085F0100082F
:10013000DFF80CD000F092F8004800470980000872
:1001400040AC00200648804706480047FEE7FEE72F
:10015000FEE7FEE7FEE7FEE7FEE7FEE7FEE7FEE777
:10016000094500083101000840EA01039B0703D05C
:1001700009E008C9121F08C0042AFAD203E011F8E6
:10018000013B00F8013B521EF9D27047D2B201E0A8
:1001900000F8012B491EFBD270470022F6E710B58C
:1001A00013460A4604461946FFF7F0FF204610BDE5
:1001B00010B5002200E0521C835C8C5CA34201D18C
:1001C000002BF8D1D8B2E1B2401A10BD30B50446C8
:1001D0000020034600E05B1C934203D2E05CCD5C50
:1001E000401BF8D030BD034611F8012B00F8012B5D
:1001F000002AF9D1184670472DE9F05F0546002026
:1002000092469B4688460646814640241BE0284687
:1002100041464746224600F042F853465A46C01A25
:10022000914110D311461846224600F029F82D1AA4
:1002300067EB01084F4622460120002100F020F81C
:1002400017EB00094E41201EA4F10104DFDC4846F3
:1002500031462A464346BDE8F09F0000064C074D54
:1002600006E0E06840F0010394E807009847103486
:10027000AC42F6D3FFF760FFB4980008D4980008AA
:10028000202A04DB203A00FA02F100207047914056
:10029000C2F1200320FA03F3194390407047202A4B
:1002A00004DB203A21FA02F00021704721FA02F320
:1002B000D040C2F12002914008431946704770B502
:1002C0008C1810F8015B15F0070301D110F8013B01
:1002D0002A1106D110F8012B03E010F8016B01F888
:1002E000016B5B1EF9D12B0705D40023521E0DD4E0
:1002F00001F8013BFAE710F8013BCB1A921C03E02E
:1003000013F8015B01F8015B521EF9D5A142D8D365
:10031000002070BD21B1826842F00102826003E0DA
:10032000826822F0010282607047000000B585B04B
:100330000121480202F01AFC0020009001208DF8F3
:1003400004008DF805004FF4602002900020039017
:1003500001208DF810006946144800F05FF805236D
:1003600001220921114800F087F801210F4800F00F
:100370001FF801210D48FFF7CDFF0C4800F0D8F819
:1003800000BF0A4800F040F80028FAD1074800F002
:10039000DFF800BF054800F029F80028FAD1012154
:1003A000024800F0CAF805B000BD0000002401407A
:1003B00021B1826842F48072826003E0826822F494
:1003C000807282607047000008B50121082002F0A9
:1003D000CDFB0220ADF8000000208DF80300694637
:1003E000014801F07BFA08BD000C014001460020E5
:1003F0008A6802F004020AB1012000E00020704780
:100400000146C86C80B27047014600208A6802F03D
:1004100008020AB1012000E00020704730B5024612
:100420000020002350680F4C20400D790C6844EAEE
:1004300005242043506090680B4C2040D1E90254C1
:100440002C434D7944EA450420439060D06A20F45F
:1004500070000C7C641EE4B2234340EA0350D06277
:1004600030BD0000FFFEF0FFFDF7F1FF10B5FFF714
:10047000ABFFFFF75BFF10BDF0B504460D46002053
:100480000021092D11DDE068A5F10A0606EB4607FB
:10049000072606FA07F18843A5F10A0606EB460689
:1004A00003FA06F10843E0600CE0206905EB45071C
:1004B000072606FA07F1884305EB450603FA06F11D
:1004C00008432061072A0FDA606B561E06EB860789
:1004D0001F2606FA07F18843561E06EB860605FA24
:1004E00006F10843606322E00D2A0FDA206BD61F65
:1004F00006EB86071F2606FA07F18843D61F06EB90
:10050000860605FA06F10843206310E0E06AA2F1CE
:100510000D0606EB86071F2606FA07F18843A2F1AF
:100520000D0606EB860605FA06F10843E062F0BD0B
:10053000816841F008018160704721B1826842F40E
:10054000A002826003E0826822F4A0028260704709
:10055000816841F0040181607047000010B50748D0
:10056000FFF74EFF044606480088844201DD044838
:10057000048001210148FFF7E0FF10BD0024014085
:10058000CC020020F8B507460C4615466B462A46B5
:100590002146024806F04CFF0646F8BD5C130020D9
:1005A00010B5044624B1012C07D0022C15D10AE065
:1005B0001021012003F0CEFA10E04FF48051022008
:1005C00003F070FA0AE01021012003F0C3FA4FF49F
:1005D0008051022003F066FA00E000BF00BF10BDAA
:1005E00000BFFEE70146CAB20B1243EA0220704781
:1005F00010B5002404E0A748005DA7490855641C15
:10060000A64800888442F6D3A3484068A4494860BD
:10061000A14880688860A14800881F280FD0022068
:10062000FFF7BEFF00209C490860487B1A22052185
:1006300003F054FB0021012003F032FB10BD96486B
:10064000C07B282803D09448C07B2A2816D1924822
:10065000407C01069048807C41EA00418E48C07C85
:1006600041EA00208C49097D08438E4908608A4888
:10067000C17D807D41EA00208B4908608648006882
:100680008A4988426FD18448407B894909688842F9
:1006900007D88148807B012803DB7F48807B1028B6
:1006A0000DDD0220FFF77CFF7B49487B24220521DA
:1006B00003F014FB0021012003F0F2FAE8E0764891
:1006C000C07B25285FD01BDC15286FD00EDC0828E6
:1006D0006DD006DC00285BD0032830D0042867D119
:1006E00076E00A2873D01228F9D12DE01A380A28AA
:1006F0005ED2DFE800F0392EB17D33B1B1B1B14344
:100700008A286FD00EDC552867D006DC282844D014
:100710002A284ED02F28E2D154E05A2829D0882800
:10072000DDD176E0A8286DD004DC8F286FD09E281C
:10073000D5D173E0AA287BD0AF28D0D182E056492A
:10074000487B03F079F895E05349487B02F060FF5D
:1007500090E05149487B03F083F88BE04E49487B99
:1007600003F07EF886E086E04B49487B02F09AFF72
:1007700080E04949487B02F08BFF7BE04649487B9B
:1007800003F01CF876E04449487B02F0D1FF71E0A9
:100790004149487B03F06CF86CE03F49487B424993
:1007A0000A684049096802F087FF63E01BE024E023
:1007B00052E03949487B3C490A683A49096803F0E4
:1007C00093F857E03449487B03F06EF852E02AE092
:1007D0003149487B02F0FEFE4CE02F49487B02F095
:1007E00035FF47E029E02C49487B02F02FFF41E02C
:1007F0002949487B02F02AFF3CE02749487B02F068
:1008000025FF37E02449487B02F020FF32E01EE05C
:100810000EE02149487B02F019FF2BE01E49487B7E
:1008200002F014FF26E01C49487B02F00FFF21E094
:100830001949487B02F00AFF1CE01749487B02F087
:1008400005FF17E01449487B02F000FF12E012494F
:10085000487B02F0FBFE0DE00220FFF7A1FE0E49EF
:10086000487B2022052103F039FA0021012003F002
:1008700017FA00BF0CE00220FFF792FE0649487B02
:100880002022052103F02AFA0021012003F008FAB2
:1008900000BFD3E690840020D08400206A010020AD
:1008A000F08400206C010020700100205553424369
:1008B000E400002010B5002449E047F6FF70294904
:1008C00008602948008800F00F0028490870084691
:1008D0000078274901EB8000D0F8000C84B204F4C2
:1008E0000040C8B12148007801EB8000D0F8000C2E
:1008F000C0F30E0048F68F7108401C4909781C4A65
:1009000002EB8101C1F8000C18490978491E194A07
:1009100052F8210080471AE004F08000B8B1134873
:100920000078134901EB8000D0F8000C48F60F71F5
:1009300008400E4909780E4A02EB8101C1F8000C0B
:100940000A490978491E0C4A52F821008047054897
:10095000006880B20449088000F400400028ACD14F
:1009600010BD0000445C00409001002064020020A3
:1009700000500040B00100209401002008B5002084
:10098000009022E19748008800F00F009649087017
:100990000846007800287CD1944800689449088073
:1009A0000846008800F0300092490880904800888E
:1009B00000F440508E4908808C4909684BF6BF729C
:1009C00001EA020080F4005080F0200040F4004171
:1009D00041F08001854A11608248008800F01000D3
:1009E00090BB1046006848F60F7108401146086039
:1009F00001F0B6F97D4909684BF6BF7201EA0200C1
:100A00007B49098801F4805109B180F4805078490C
:100A1000098801F4005109B180F400507549098832
:100A200001F0100109B180F010007249098801F04D
:100A3000200109B180F0200081B241F4004141F071
:100A400080016A4A116008BDFFE76848006880B20B
:100A50000090BDF8000000F40060B0B36348006887
:100A6000C0F30E0048F68F7108406049086003F03B
:100A70003BF95E4909684BF6BF7201EA02005C4926
:100A8000098801F4805109B180F4805058490988DF
:100A900000E056E001F4005109B180F400505549DE
:100AA000098801F0100109B180F01000514909884E
:100AB00001F0200109B180F0200081B241F4004131
:100AC00041F08001494A1160BDE7FFE7BDF8000031
:100AD00000F40040002878D044480068C0F30E00BD
:100AE00048F68F7108404149086001F089FD3F498F
:100AF00009684BF6BF7201EA02003D49098801F41A
:100B0000805109B180F480503949098801F40051BD
:100B100009B180F400503749098801F0100109B18A
:100B200080F010003349098801F0200109B180F0FC
:100B3000200081B241F4004141F080012B4A116054
:100B400081E7294800782C4901EB8000D0F8000C9F
:100B500080B20090BDF8000000F40040C0B122480F
:100B6000007801EB8000D0F8000CC0F30E0048F6CE
:100B70008F7108401C4909781F4A02EB8101C1F8B6
:100B8000000C19490978491E1C4A52F82100804777
:100B9000BDF8000000F08000B8B113480078164995
:100BA00001EB8000D0F8000C48F60F7108400E49A8
:100BB0000978114A02EB8101C1F8000C0A49097851
:100BC000491E0F4A52F82100804708484430006807
:100BD00080B20449088000F4004000287FF4D2AEBF
:100BE00000BF30E79001002064020020005C00405C
:100BF000780200207A02002000500040B00100205E
:100C00009401002010B53748807F90B1002035490D
:100C100088773548006802F07AFC05F033F804461E
:100C20003048007CA04204D02E48047401202D4995
:100C300048742E48407858B101202A494873084624
:100C4000807BA8B100208873887B08F0A1FA0FE0B0
:100C50002448407B60B10020224948730846407E0A
:100C600030B10846C07F18B10021214805F082FC50
:100C70001C48407B48B11B48807B20B300201949A9
:100C80008873887B08F084FA2BE01A48007840B11A
:100C900000201849087013498873887B08F078FA97
:100CA0001FE01548006800F0080068B10D48807B1F
:100CB0000C49097C884214D00A48007C0949887391
:100CC000887B08F065FA0CE00648807B0549C97B03
:100CD000884206D00348C07B02498873887B08F0AD
:100CE00057FA10BDFC020020C40200202885002015
:100CF0008423002006000020080801400B4A02EB74
:100D00008001D1F8001C01F4804171B102EB800137
:100D1000D1F8001C48F68F7211404CF2800211434A
:100D2000024B03EB8002C2F8001C704700500040E9
:100D30000B4A02EB8001D1F8001C01F0400171B1B7
:100D400002EB8001D1F8001C48F68F72114048F286
:100D5000C0021143024B03EB8002C2F8001C704733
:100D600000500040084A02EB8001D1F8001C48F610
:100D70008F62114048F280021143034B03EB800263
:100D8000C2F8001C704700000050004010B503E09E
:100D90004FF47A7000F05AFB02F0A6F80128F7D160
:100DA00010BD08B54FF4407001F07AFB25208DF896
:100DB000000003208DF8010000208DF802000120C2
:100DC0008DF80300684601F033FB08BD10B586B00E
:100DD0002BA30FCB01AC0FC400222DA12D4806F090
:100DE000DFF804462CB12C4850F824102BA004F056
:100DF0009BFA30A005F005FD04461CB92FA004F0B5
:100E000093FA10E0082C06D1234850F8241030A0A3
:100E100004F08AFA07E0204850F8241032A004F0C9
:100E200083FA06B010BD0A2201A9364806F0E6F89A
:100E300004462CB1184850F8241033A004F074FA7A
:100E400001A936A004F070FA05AB302237492D48CD
:100E500006F0EEFA04462CB10F4850F8241034A0E6
:100E600004F062FA37A004F05FFA264805F072FB3E
:100E7000002207A1104606F093F8044600BFD0E711
:100E80002F7379732F436F6E6669672E696E6900E1
:100E9000303A00002C03002014000020B9D2D4D82E
:100EA000CEC4BCFECFB5CDB3CAA7B0DC2028257315
:100EB000290D0A002F73797300000000665F6D6BC7
:100EC000646972202F737973204F6B0D0A00000044
:100ED0002F73797320C4BFC2BCD2D1BEADB4E6D4E7
:100EE000DA282573290D0A00665F6D6B646972202C
:100EF0002F73797320CAA7B0DC20282573290D0A27
:100F0000000000005C130020CEC4BCFEB4F2BFAAF7
:100F1000CAA7B0DC20282573290D0A00BFAACABCC5
:100F2000D0B4CEC4BCFE2025730D0A001095000875
:100F3000CEC4BCFED0B4CAA7B0DC20282573290DCE
:100F40000A000000CEC4BCFED0B4B3C9B9A60D0AD5
:100F500000000000F0B589B005460E461746002295
:100F600019A11A4806F01CF804462CB1184850F88C
:100F7000241018A004F0D8F91CA102A806F0F0F87B
:100F800004463CB1124850F8241019A004F0CCF9E2
:100F900009B0F0BD0A2229461B4806F02FF8044686
:100FA00001AB3A463146184806F042FA044624B9E5
:100FB000294616A004F0B8F903E0294618A004F069
:100FC000B3F900BFE4E70000303A00002C03002032
:100FD00014000020B9D2D4D8CEC4BCFECFB5CDB356
:100FE000CAA7B0DC20282573290D0A00303A2F004B
:100FF000B4F2BFAAB8F9C4BFC2BCCAA7B0DC2028EB
:101000002573290D0A0000005C130020257320CEF3
:10101000C4BCFED0B4C8EBB3C9B9A60D0A00000029
:10102000257320CEC4BCFED0B4C8EBCAA7B0DC0D7B
:101030000A0000002DE9F0472848006800F110057B
:101040002E8826480068077AD6B9042F18D124487C
:10105000007801280FD100212248006880B2801C4E
:10106000214A42F8101030202049088000BF00209B
:101070001B49087003E0072710201C49088027E05F
:10108000AC88A64201D8042000E002200746B44202
:1010900000D93446A0B2A96888478046002000F0F5
:1010A00017FD8146A2B24946404603F0F5FCA1B2C5
:1010B000002002F041FD2888001B28806888204419
:1010C000688030200949088000020949088000BF73
:1010D000024909680F72BDE8F0870000680200202D
:1010E0007E020020505C0040006000407A02002038
:1010F000780200202DE9F0412848006800F1100432
:101100002688A068C0B1BEB1A588B54200D93546D1
:10111000A8B2A168884707462088401B20806088C5
:1011200028446080002000F0B1FC8046AAB241460D
:10113000384601F08DFA00BF208850B14FF440507E
:10114000174908800021084602F0F6FC30201549B6
:1011500008802088A188884204DB03200F490968A1
:10116000087218E02088002804DD05200B49096872
:10117000087210E0208870B90620084909680872D2
:1011800000210948006880B2801C084A42F810100B
:10119000302004490880BDE8F0810000680200208A
:1011A000780200207A020020505C0040006000407D
:1011B0002DE9F84F9B48006845780027BA46062D70
:1011C0001BD198480068007800F07F00002813D1F8
:1011D000944909688878012803D193490968CF693F
:1011E0000AE0022803D1904909680F6A04E0032845
:1011F00002D18D4909684F6A94E0002D64D1894875
:101200000068408800285FD186480068C0880228AE
:101210005AD1844800680079002855D18148006877
:10122000007800F07F0028B97E480068808808B9FF
:101230007E4F77E07B480068007800F07F0001284F
:1012400010D1784909684879774909688A69002185
:101250009047002866D173480068807A002861D0E2
:10126000724F5FE06F480068007800F07F0002284E
:1012700058D16C480068407900F00F066948006852
:10128000407900F0700967480068407900F08000FC
:1012900038B1674901EB8600D0F8000C00F0300847
:1012A00006E0634901EB8600D0F8000C00F44058DA
:1012B00060480078B04235D9B9F1000F32D1B8F1A9
:1012C000000F2FD0594F2DE0082D07D15548006849
:1012D000007800F07F0028BB574F23E00A2D21D172
:1012E00050480068007800F07F0001281AD14D486E
:1012F0000068807AB0B14B480068408890B949488E
:101300000068007970B947480068C088012809D191
:10131000444909684879444909688A690021904725
:1013200000B9464F57B13F480068A0F812A03D48A9
:10133000006887610020B84700240FE0394A12682E
:101340005078394A1268116988470446032C05D140
:101350000920344909680872BDE8F88F31480068EF
:10136000008A4FF6FF71884204D109202D4909688F
:101370000872F1E7022C03D02A480068008A20B9DD
:101380000820284909680872E6E7264800680078BE
:1013900000F08000E0B323480068C0880090214836
:1013A0000068008A0099884204D91E49009809689B
:1013B000088223E01B480068008A1A490968C98826
:1013C00088421BDA17480068008A1749096891F8B3
:1013D0002C10884203DA0020194908700EE01148E9
:1013E0000068008A1049096891F82C1090FBF1F20E
:1013F00001FB120010B90120114908700A48006869
:1014000090F82C10074800688182FFF713FE07E070
:10141000FFE70320034909680872000309490880AF
:1014200000BF99E7680200206C020020E14100083B
:1014300000500040CC01002065410008B541000883
:101440007E020020780200207047000001B50449A8
:101450000098086000BF024800680028FBD108BD62
:101460000800002038B505462F480078401CC0B25F
:101470008DF800002C484078401CC0B28DF8010067
:1014800029488078401CC0B28DF802002648C078F8
:10149000401CC0B28DF803006A460C21284603F0B8
:1014A000FBFE01220021284603F0BEFE0122114668
:1014B000284603F0B9FE0520FFF7C8FF03212846A0
:1014C00001F0C2FE132806D010220121284603F0A5
:1014D000ABFE002038BD04220121284603F0A4FE03
:1014E00000BF00240221284601F0AEFE044624B1CC
:1014F00022460221284603F097FE0520FFF7A6FFAB
:1015000004F00800082801D10020E3E7062128465E
:1015100001F09AFEFF2806D010220121284603F090
:1015200083FE0120D6E7DCE77C97002010B500F0B1
:10153000A1FE10BD10B500F0D7FE10BD10B52020E3
:1015400000F010F828B1012002498877202000F02F
:1015500003F810BDFC02002001490860704700003C
:1015600014040140014600200022074B1B6803EAD7
:101570000102054B14331B680B4013B10AB1012063
:1015800000E00020704700000004014000212349D2
:101590008279002A3AD00A46126803689A430B46B9
:1015A0001A600A1D126803689A430B1D1A600279BB
:1015B00011440A6803681A430A60184A083212681C
:1015C00003689A43154B08331A601A1D12680368A2
:1015D0009A43124B0C331A604279102A0ED11A1F0B
:1015E000126803681A430D4B08331A601A1D1268FB
:1015F00003681A43094B0C331A600DE0074942791E
:1016000011440A6803681A430A6005E0027911442C
:101610000A6803689A430A607047000000040140AA
:1016200004200B49C96801F0010109B101200EE055
:101630000749C96801F0040109B1022007E0044923
:10164000C96801F0100109B1032000E004207047CF
:101650000020024000200449C96901F0020109B1DB
:10166000012000E00020704700200240034800698C
:1016700040F08000014908617047000000200240EE
:1016800030B5054604244FF4302000F05BF80446E2
:10169000042C41D1214822498860224888600846AC
:1016A000006940F0200008610846006940F04000F1
:1016B00008614FF4302000F045F80446042C22D194
:1016C0001748006941F6DF7108401549086108466E
:1016D000006940F0100008611DB100201249088027
:1016E00002E0A520104908804FF4302000F02AF8CD
:1016F0000446052C10D00A48006941F6EF710840F5
:101700000749086108E0052C06D00548006941F644
:10171000DF71084002490861204630BD230167455A
:1017200000200240AB89EFCD00F8FF1F02480349BB
:101730004860034848607047230167450020024025
:10174000AB89EFCD00B502460423FFF769FF0346DE
:1017500003E0FFF765FF0346521E012B01D1002A6B
:10176000F7D102B90523184600BD000010B50448A2
:1017700004F0F0FE002203A1104605F011FC10BD9C
:101780005C130020303A000010B500221EA11F4853
:1017900005F006FC044634B11D4850F824101DA085
:1017A00003F0C2FD05E01A4850F824101FA003F012
:1017B000BBFD4FF48052002113A005F0D3F804467E
:1017C00034B1134850F824101EA003F0ADFD05E01D
:1017D0000F4850F8241020A003F0A6FD00220AA113
:1017E000104605F0DDFB044634B1094850F82410DA
:1017F0001EA003F099FD05E0054850F8241021A033
:1018000003F092FD10BD0000303A00002C030020D0
:1018100014000020B9D2D4D8CEC4BCFECFB5CDB30D
:10182000CAA7B0DC20282573290D0A00B9D2D4D864
:10183000CEC4BCFECFB5CDB3B3C9B9A6202825739D
:10184000290D0A00B8F1CABDBBAFCAA7B0DC202879
:101850002573290D0A000000B8F1CABDBBAFB3C99A
:10186000B9A620282573290D0A000000D0B6D4D8C7
:10187000CEC4BCFECFB5CDB3CAA7B0DC202825733B
:10188000290D0A00D0B6D4D8CEC4BCFECFB5CDB396
:10189000B3C9B9A620282573290D0A0030B5002246
:1018A0008B071C0F0F2303FA04F20B4B8C1053F819
:1018B00024309343084C8D1044F8253023468C1077
:1018C00053F824308C07240F00FA04F42343024C0D
:1018D0008D1044F8253030BD080001402DE9F0415D
:1018E000024600250026002000230024002791F84E
:1018F00003C00CF00F0591F803C00CF0100CBCF104
:10190000000F03D091F802C04CEA050591F800C021
:10191000BCF1000F31D0146800202BE04FF0010C17
:101920000CFA00F3B1F800C00CEA03069E4220D185
:1019300083004FF00F0C0CFA03F7BC4305FA03FCCD
:101940004CEA040491F803C0BCF1280F06D14FF013
:10195000010C0CFA00FCC2F814C00AE091F803C0B4
:10196000BCF1480F05D14FF0010C0CFA00FCC2F895
:1019700010C0401C0828D1D31460B1F800C0BCF1DD
:10198000FF0F34DD546800202EE000F1080C4FF00A
:10199000010808FA0CF3B1F800C00CEA03069E42F5
:1019A00021D183004FF00F0C0CFA03F7BC4305FA6A
:1019B00003FC4CEA040491F803C0BCF1280F05D1E4
:1019C00000F1080C08FA0CF8C2F8148091F803C072
:1019D000BCF1480F07D100F1080C4FF0010808FADC
:1019E0000CF8C2F81080401C0828CED35460BDE823
:1019F000F0810000F0B50A460023002400210025F4
:101A000000F00046B6F1004F02D11D4EF16901E031
:101A10001B4E7168C0F3034583B200F44016B6F55F
:101A2000401F08D121F07061154E766826F070666F
:101A3000134F7E6012E000F48016B6F5801F06D1C9
:101A4000032606FA05F4A14341F0706106E0460D55
:101A5000360103FA06F6B14341F0706122B1460D3A
:101A6000360103FA06F6314300F00046B6F1004FA6
:101A700002D1034EF16101E0014E7160F0BD000042
:101A8000000001404161704701617047014605480F
:101A9000006880B200EBC100001D034A32F810005C
:101AA00080B27047505C004000600040014606482C
:101AB000006880B200EBC100801D044A32F81000BB
:101AC000C0F3090070470000505C00400060004017
:101AD00001460548006880B200EBC100034A32F8B5
:101AE000100080B270470000505C00400060004071
:101AF000014629B90120034A12681082002070476C
:101B00000148FCE768020020E400002070B50A48A4
:101B10000468001D0568001D0668344454B108229D
:101B20000649204600F09EF9042204491031284657
:101B300000F098F970BD0000E8F7FF1F7601002063
:101B400000BFFEE721B1028842F48062028004E017
:101B500002884FF6FF331A400280704770B5024684
:101B60000024002500230020958A138B1B0445EADE
:101B7000030626F07F4404EA01068E4201D10120CB
:101B800000E0002070BD21B1028842F00102028015
:101B900004E002884FF6FE731A400280704721B1BC
:101BA000028842F48072028004E002884FF6FF63EC
:101BB0001A400280704721B1028842F4007202800C
:101BC00004E002884FF6FF531A40028070470CB5BC
:101BD0000246002000230193009300920B0F019313
:101BE00021F07F41019B1BB1009B1433009303E064
:101BF000090C009B18330093009B1B680B400BB132
:101C0000012000E000200CBD2DE9F04385B0044622
:101C10000D460026B1460427DFF8CC80A6884FF693
:101C2000C0700640684600F0BBFFDDF808802F4812
:101C3000B8FBF0F01FFA80F946EA0906A680208872
:101C40004FF6FE7108402080002629492868884206
:101C50000CD828684000B8FBF0F087B2042F00DAF7
:101C600004273E4309F10100208427E0E8884BF671
:101C7000FF71884206D1286800EB4000B8FBF0F005
:101C800087B209E0286800EBC00101EB0010B8FB47
:101C9000F0F087B247F48047C7F30B0008B947F06C
:101CA000010747F4004006434FF4967009FB00F02B
:101CB0004FF47A7190FBF1F0401C2084A6832088B9
:101CC00040F00100208026884FF6F5300640A888B5
:101CD0006989084306432680A88929890843208109
:101CE00005B0BDE8F083000000127A0040420F000A
:101CF000A08601000146088AC0B2704712B141F0C7
:101D0000010102E04FF6FE73194001827047018223
:101D1000704700004CF6CC40014908607047000055
:101D20000030004010B500F001F810BD4AF6AA20BE
:101D300001490860704700000030004001494860D8
:101D40007047000000300040014988607047000083
:101D5000003000400149086070470000003000403A
:101D600010B518480068047A022C01D0042C05D163
:101D7000FFF760F913480068047A1CE0062C19D1BB
:101D800010480068407805280ED10E480068007899
:101D900000F07F0040B90B490968C87801F022FEC5
:101DA00009490968086A80470849096888688047BE
:101DB000082400E00824034909680C7200F008FDBB
:101DC00010BD000068020020740200206C02002098
:101DD00000B585B00121052000F0C8FE012188036F
:101DE00000F0C4FE4FF40070ADF8100018208DF81C
:101DF000130003208DF8120004A91848FFF76EFDA8
:101E00004FF48060ADF8100004208DF8130004A991
:101E10001248FFF763FD4FF4E13000900020ADF869
:101E20000400ADF80600ADF80800ADF80C000C2079
:101E3000ADF80A0069460A4802F026FC012240F289
:101E40002551074802F0FBFB0121054802F0C1FBC8
:101E50004021034802F0B4FB05B000BD000801407A
:101E60000038014030B50B46002100BF16E00A24BF
:101E7000B4EB107F05D9302404EB107403F8114043
:101E800005E0412404EB10740A3C03F81140000102
:101E900000254C00641C1D554C1CE1B29142E6DB50
:101EA00030BD000010B508210148FFF7EDFD10BD61
:101EB000000C014010B508210148FFF7E3FD10BDFB
:101EC000000C014001782A4A1170417851708178E4
:101ED0009170C178D17001791171427924494A71A8
:101EE00082798A71C279CA71017A214A1172427A61
:101EF0001F494A72827A8A72C27ACA7202211D4AC4
:101F0000117000219174032182F8241082F8361098
:101F100082F8481082F85A1082F86C1082F87E100D
:101F200041F2883191804A1C1249CA82521C0A85AA
:101F30000C210F4A117329220D494A73AB228A736F
:101F40007C22CA7300220A7401224A740021094AC1
:101F5000517000220749CA7481F825200021054AE2
:101F60009170002203490A7581F82620704700000D
:101F70007C9700208E97002010B50446242221462D
:101F80000148FEF7F1F810BDEC33002070B50446AF
:101F900000259CB906F06CFC094988420DD14FF42C
:101FA00080600849086080000749086005480068AB
:101FB000096848430549086000E00125284670BDCE
:101FC0001840EF00E0000020DC000020D8000020D6
:101FD0002DE9F04105460F4616461C4614B900206F
:101FE000BDE8F08125B922463946304606F010FC9E
:101FF0000020F5E72DE9F04105460F4616461C4640
:1020000014B90120BDE8F08125B922463946304691
:1020100006F0FAFC0020F5E770B5054600241448E8
:102020000068007800F07F00212810D1FE2D0ED12D
:102030000F480068408850B90D480068808830B962
:102040000B480068C088012801D10A4C01E0022039
:1020500070BD0CB90220FBE70548006884610021CF
:102060000348006841820020A0470020F0E70000FC
:1020700068020020F11A000810B504460249204603
:1020800002F086F810BD00002C02002010B50446B6
:102090000249204602F07CF810BD00002402002016
:1020A00070B5054606480068C478052C01DD00209F
:1020B00070BD044800EBC401284602F069F8F7E758
:1020C00068020020340200200246002901DD0220BF
:1020D0007047002A01DD0220FAE70020F8E700003F
:1020E00010B5044611480068007800F07F002128F0
:1020F0001AD1FF2C18D10D4800684088A0B90B48B0
:102100000068808880B909480068C08860B90120EB
:10211000FEF70EFE0220FEF7F1FD054805490860B6
:1021200000200549087010BD0220FCE7680200206D
:1021300055534243D08400206801002010B5002090
:10214000324988723248C0793249096848720020A1
:1021500001F040FC4FF40071002001F01BFD202134
:10216000002001F0F7FC1821002001F063FC2A4850
:1021700090F82C10002001F06FFC5821002001F095
:10218000CBFC0020FEF7EEFD002001F0ABFC0021AF
:10219000012001F0FFFC9821012001F0BDFC20216D
:1021A000012001F0D7FC0021012001F07BFC00217F
:1021B000022001F0EFFCD821022001F03BFC164880
:1021C00090F82C10022001F047FC4FF440510220FF
:1021D00001F068FC0021022001F0BCFC0E4890F8E0
:1021E0002C10002001F038FC002001F07BFC0020C6
:1021F00001F0F8FB01200949086009480949086015
:1022000000200949087002F0F5FA10BD0085002091
:102210005295000868020020D00100205C020020D6
:1022200055534243D0840020680100207047704716
:1022300010B5FFF76BFC002005490968887200F0B3
:10224000EBFA02F0DFFA00200249086010BD00003E
:10225000680200205C02002010B5044800680449B0
:10226000884202D00220FEF79BF910BDD0840020E6
:102270005553424310B518480078022810D003285F
:102280001DD0042802D0052823D100E000BF002083
:10229000114908704FF44051022001F003FC19E08D
:1022A0000E48C07B282808D10C49487B0C490A6895
:1022B0000C49096801F000FA00BF00BF0AE00121E3
:1022C000002001F0EDFC4FF44051022001F0EAFB48
:1022D00000E000BF00BF10BD68010020D0840020D6
:1022E000700100206C01002010B51D48C47B1D4901
:1022F000022002F099FA1C4908801C48007810B1AD
:1023000001281CD102E0FEF773F926E02A2C08D13F
:102310001349487B16490A681649096801F0E4FA2E
:102320001BE00120FEF73CF90D49487B24220521E2
:1023300001F0D4FC0021022001F0B2FC0DE00220EB
:10234000FEF72EF90649487B2422052101F0C6FC40
:102350000021022001F0A4FC00BF00BF10BD00005E
:10236000D0840020908400206A01002068010020B1
:10237000700100206C01002010B508480068807AC8
:1023800058B10520064908600120FEF7D1FC022063
:10239000FEF7B4FC00200349087010BD680200205D
:1023A0005C02002068010020042001490860704799
:1023B0005C02002000BFFEE738B506F0C5FEF8B1AC
:1023C0006B4620220F49104804F001FF04466CB10F
:1023D0000E490FA002F0A8FF0B4804F0BBF8002044
:1023E0000A49487600F04AF9012038BD009808B93A
:1023F0000120FAE706F032FE2021024806F087FFAE
:102400000020F2E71074002084230020FC0200204A
:102410006661696C656420746F2072656164204632
:10242000696C65203A2025730D0A000070477047DB
:1024300070B5002100230F22C47804B3154C246822
:1024400004F4E064C4F5E064210AC1F10403CA4065
:10245000447804FA03F184781440214309010E4CB6
:102460000678A155047804F01F050124AC400578D6
:102470006D11AD0005F1E025C5F8004109E00478D3
:1024800004F01F050124AC40044D0678761145F890
:10249000264070BD0CED00E000E400E080E100E0CB
:1024A00002490143024A1160704700000000FA052A
:1024B0000CED00E010B50446201201F065FDE0B21D
:1024C00001F062FD10BD000070B5022647480068AB
:1024D000447846480068007800F07F00002844D126
:1024E000092C03D101F0FCFE06465FE0052C14D157
:1024F0003E480068C0787F280BDC3C480068807844
:1025000038B93A480068808818B938480068807A35
:1025100008B1082565E0002648E0032C0ED13348B9
:102520000068C078012807D130480068808818B951
:1025300001F0FAFE064639E0022637E0012C35D1DB
:102540002A480068C07801280DD128480068808892
:1025500048B926480068407A00F0200018B101F020
:102560004BFD064622E0022620E020480068007865
:1025700000F07F00012805D10B2C17D101F050FF8E
:10258000064613E019480068007800F07F00022832
:102590000BD1012C03D101F02FFD064606E0032CE0
:1025A00004D101F0D5FE064600E002264EB1E0B2AD
:1025B0000F4A1268516988470646032E01D1092542
:1025C0000FE00EB108250CE006250021094800683F
:1025D00080B2801C084A42F8101030200749088059
:1025E00000BF024909680D7270BD0000680200203A
:1025F0006C020020505C0040006000407A02002025
:1026000010B511480068047A022C01D0042C01D1C5
:10261000082412E0032C01D0052C05D1FEF76AFD39
:1026200009480068047A08E0072C05D107490968C1
:10263000C8688047082400E00824034909680C7230
:1026400000F0C6F810BD0000680200206C020020F7
:10265000F0B5561C7510074E06EB41042B4605E0FD
:1026600034F8047B20F8017B401C5B1E002BF7D163
:10267000F0BD0000006000407047000010B5154834
:10268000006880F008001349086006F093FD0022FE
:1026900011A1124804F084FC04462CB1104850F8F3
:1026A000241010A002F040FE01221449144804F046
:1026B000A5FC044624B1114912A002F035FE10BD5C
:1026C0000E4915A002F030FE01200C49487600BFEB
:1026D000F5E700000C0C0140303A00002C0300200C
:1026E00014000020B9D2D4D8CEC4BCFECFB5CDB32F
:1026F000CAA7B0DC282573290D0A0000FC020020BF
:1027000084230020B4F2BFAA2573CEC4BCFECAA79E
:10271000B0DC0D0A000000004E6F7720506C61792C
:102720003A2573210D0A000010B52248407E00288A
:102730003FD02048C07F00283BD0FFF73DFEE0B1EE
:102740001C48C07E48B100211B4803F013FF002045
:102750001849C877012008622BE0174803F0FAFEF9
:10276000002014494876C8770120086213480068A1
:1027700080F00800114908601BE001200D49C8776E
:102780000846007FA8B100200877C876C8770A48B5
:1027900003F0E0FE0020074948760848006880F012
:1027A00008000649086001200249086204A002F0FE
:1027B000BBFD10BDFC020020842300200C0C014056
:1027C00053746F7020506C61793A2573210D0A00A3
:1027D00010B50D4890F82C10002001F03DF90B4881
:1027E0000068007A082805D14002094908801020B5
:1027F0000849088005480068007A092801D10120AD
:1028000010BD0020FCE70000D0010020680200207D
:10281000780200207A02002010B5012001F0AAFF02
:1028200001240B48046000200A49088008460088FB
:10283000074908600020091D08604FF4E050054971
:1028400008800846008802490860002010BD00008A
:10285000405C0040720200202DE9F0410446B3497B
:10286000204600F06BFC8046002C7DD1AF48007AFA
:1028700055287AD1AD48407ABB28FAD1AB480078C8
:10288000AB490978884230D1A8484078A8494978AE
:1028900088422AD1A5488078A5498978884224D1E0
:1028A000A248007804EBC401A24A02EB410108737C
:1028B0009E48417804EBC40002EB400041739B4802
:1028C000817804EBC40002EB400081739748C17823
:1028D00004EBC40002EB4000C17341F66C6004EBF2
:1028E000C40102EB410108821DE0FF2004EBC4019A
:1028F000904A02EB41010873FF2104EBC40002EB94
:102900004000417304EBC40002EB4000817304EB10
:10291000C40002EB4000C17341F66C6004EBC401DB
:1029200002EB41010882552083490870CC20487091
:102930007F48007888707E484078C8707C488078EE
:1029400008717B48C0784871794800798871784867
:102950004079C8717648807908727548C0794872A4
:102960007348007A887201E057E022E07048407AAC
:10297000C8726F48807A08736D48C07A487301F155
:102980000E0005F093F900206B498874022508E0D9
:102990006948807C6849495D084467498874681CB7
:1029A00085B2122DF4DB13226349204602F08CFB22
:1029B000BAE05E48007A5528FAD15C48407ADD28B2
:1029C000F6D100270A2505E05848405D3844C7B2D3
:1029D000681C85B2162DF7DB5448807DB842E7D1DC
:1029E0000C22002151480A3002F03CFAFEF7CEF9E1
:1029F000552051490870EE20487041F66C6004EB98
:102A0000C4014C4A02EB4101088202224A49204695
:102A100002F05AFB02F03EF986E0012CC8D147488B
:102A2000006880F008004549086008F0FF013F4851
:102A300000F04AFC0646012E0FD14F203E49087097
:102A40004B2048700222204602F03EFB3B480068C3
:102A500080F008003949086066E0022E25D1322056
:102A600035490870602048700D213348801CFDF7FF
:102A700094FB04203049C873012008740020487476
:102A8000012088740020C87408754875AA208875CC
:102A9000CC20C8751822204602F016FB2748006893
:102AA00080F00800254908603EE0032E3CD132202A
:102AB00021490870602048700D211F48801CFDF7D7
:102AC0006CFB03201C49C873012008740020487463
:102AD000012088740020C8742B20087500204875D8
:102AE0001748006800F013FD134916480268C1F842
:102AF000162082884A8380790877242212490E485A
:102B00001D30FDF731FBAA200B4981F84100CC2094
:102B100081F842004322204602F0D6FA07480068B6
:102B200080F0080005490860BDE8F0811E9800208B
:102B30007C9700208E9700201EA000200C0C0140E6
:102B4000C4020020BC020020EC33002029B1064A58
:102B5000D2690243044BDA6104E0034AD26982433A
:102B6000014BDA61704700000010024029B1064AAB
:102B700092690243044B9A6104E0034A92698243DA
:102B8000014B9A6170470000001002400348406A00
:102B900040F0807001494862704700000010024018
:102BA00030B500210022002400232D4D6D6805F072
:102BB0000C0121B1042905D0082923D105E0294DB4
:102BC000056022E0274D05601FE0254D6D6805F486
:102BD0007012234D6D6805F48034022505EB924296
:102BE0001CB9214D554305600BE01D4D6D6805F482
:102BF00000351DB11C4D5543056002E0194D55438C
:102C0000056002E0174D056000BF00BF144D6D6800
:102C100005F0F0010909154D6B5C0568DD40456064
:102C20000F4D6D6805F4E061090A104D6B5C456855
:102C3000DD4085600A4D6D6805F46051C90A0B4D91
:102C40006B5C4568DD40C560054D6D6805F440412D
:102C5000890B074D6B5CC568B5FBF3F5056130BDAD
:102C60000010024000127A0000093D00C40000205C
:102C7000D400002010B501460022002300204A1194
:102C8000012A02D1094C236806E0022A02D1074C2E
:102C9000236A01E0054C636A01F01F02012494409D
:102CA0001C400CB1012000E0002010BD00100240CB
:102CB0002DE9F04106460F4615461C4600BF4FF46D
:102CC00000313348FEF783FF0028F8D10121304856
:102CD000FEF738FF01212E48FEF761FF00BF2D49A6
:102CE0002B48FEF73BFF0028F9D000223146284848
:102CF000FFF704F800BF28492548FEF72FFF0028FA
:102D0000F9D039462248FFF702F800BF2249891C52
:102D10001F48FEF723FF0028F8D001211C48FEF7CA
:102D20003EFF00BF1B491A48FEF718FF0028F9D0E4
:102D3000012231461648FEF7E1FF00BF1549491C44
:102D40001348FEF70BFF0028F8D018E0012C07D13C
:102D500000210F48FEF7F6FE01210D48FEF72BFF7C
:102D600000BF0C493F310A48FEF7F8FE0028F8D0B2
:102D70000748FEF7BFFF05F8010B601EC4B2002C28
:102D8000E4D101210248FEF7DDFE0120BDE8F0811B
:102D90000054004001000300820007002DE9F041CB
:102DA00005460F4614461E4601212248FEF7F7FE4F
:102DB00000BF21491F48FEF7D1FE0028F9D00022AC
:102DC00029461C48FEF79AFF00BF1C491948FEF728
:102DD000C5FE0028F9D039461648FEF798FF00BF17
:102DE0001649891C1348FEF7B9FE0028F8D00CE0FC
:102DF00021781048FEF78BFF00BF1049891C0D4851
:102E0000FEF7ACFE0028F8D0641C301EA6F10101CC
:102E1000CEB2EDD101210748FEF7CDFE00BF054837
:102E2000008800F40070B0F5007FF8D00020BDE805
:102E3000F081000000540040010003008200070000
:102E400010B500220721DE2000F008F810BD10B5F3
:102E500010220721DE2000F001F810BD70B50446F5
:102E60000E46154601211D48FEF799FE00BF1C497C
:102E70001A48FEF773FE0028F9D0002221461748B1
:102E8000FEF73CFF00BF17491448FEF767FE002815
:102E9000F9D031461148FEF73AFF00BF1149891CAD
:102EA0000E48FEF75BFE0028F8D029460B48FEF7D7
:102EB0002EFF00BF0B49891C0848FEF74FFE002873
:102EC000F8D001210548FEF776FE00BF03480088D0
:102ED00000F40070B0F5007FF8D070BD00540040E1
:102EE000010003008200070010B500F01DF858B182
:102EF00008A002F019FA0B48FEF7E4FF09480C306D
:102F0000FFF73AF8012010BDFEF73EFCFDF75EFF2B
:102F10000020F8E7BCD3D4D8C5E4D6C3B2CECAFDEE
:102F20000D0A00001034002038B5002221A12248EB
:102F300004F036F805462DB1204850F8251020A0A1
:102F400002F0F2F9012224A1274804F057F80546BF
:102F500055B126A002F0E8F9002216A1104604F0AF
:102F60001FF80546002038BD6B46302227491E4811
:102F700004F02DF905460098302810D124A002F065
:102F8000D3F9002405E02148015D29A002F0CCF925
:102F9000641C00988442F6D30EA002F0C5F91248D2
:102FA00003F0D8FA002203A1104603F0F9FF05460A
:102FB0000120D8E7303A00002C0300201400002044
:102FC000B9D2D4D8CEC4BCFECFB5CDB3CAA7B0DC7D
:102FD000282573290D0A00002F7379732F436F6E14
:102FE0006669672E696E69005C130020446F6E2766
:102FF000742046696E642046696C65203A20436FF0
:103000006E6669672E696E690D0A00001034002033
:103010000D0A2F7379732F436F6E6669672E696E81
:103020006920CEC4BCFEC4DAC8DD203A200D0A00F7
:10303000253032782000000070B506460C46154653
:103040003548007860B93548006860433449086005
:103050003248006868433349086001202E490870EF
:103060002D480078012844D12F480068B0B92B487A
:10307000008883B22D4A2A4801683046FEF7A8FF2F
:1030800040222A49812001F0E6FB244800684038AC
:103090002549086040202649086011E02348244A59
:1030A000126881184022812001F0D5FB1E4800687B
:1030B00040381D4908601E48006840301C490860BF
:1030C0004021012000F038FD3021012000F042FDB8
:1030D00013480068403012490860124800684038C0
:1030E0001049086013488068403812498860FEF72C
:1030F000E1FE0C48006870B900200B4908600C49DB
:1031000008600749086003200B4908700020024945
:103110000870FEF7C7FE70BDF8000020DC0000203C
:10312000FC00002000010020E80000209074002036
:10313000EC000020F0840020680100202DE9F04719
:1031400080460D462621404600F09AF8064616B9FC
:103150000020BDE8F08740F2B450864200DD06460C
:103160002821404600F08CF80746B946C7F30A0705
:103170001020294948613846FFF79CF9182101EBD6
:103180004811C8B200F000FFB819B0F5006F0BDAB3
:10319000002406E0002000F0F7FE28706D1C601C83
:1031A00084B2B442F6DB24E0C7F5006087B20024A5
:1031B00006E0002000F0E8FE28706D1C601C84B260
:1031C000BC42F6DB10201449086148610020FFF77B
:1031D00071F9182101EB4811C8B200F0D5FE06E0E4
:1031E000002000F0D1FE28706D1C601C84B2B44237
:1031F000F6DB10200849086109EB06001FFA80F988
:103200004A462821404602F02BF840220121404640
:1032100002F00AF830469CE70010014070B5044601
:103220001020084948612046FFF744F9012000F0CA
:10323000ABFE002000F0A8FE054610200149086101
:10324000284670BD0010014070B504460D461020A0
:103250000A4948612846FFF72DF9082101EB44117E
:10326000C9B241F0010000F08FFE002000F08CFE9A
:103270000646102001490861304670BD001001402B
:1032800070B504460E4610200E4948613046FFF7DF
:1032900011F9082101EB4411C9B241F0020000F01C
:1032A00073FE002000F070FE05464FF6FF7000EA46
:1032B0000525002000F068FE054310200149086143
:1032C000284670BD0010014070B504460D46704898
:1032D00004600068007832287ED16D48006840782C
:1032E00068287AD16A480068C07B0228F4D168480F
:1032F0000068408A012833D165480168891C654807
:10330000FCF771FF62480068008A6249C881604822
:103310000068408A08825E480068808A48615C488C
:103320000068018A5CA001F0FFFF5F48594988618D
:10333000574909688A8A5749886955490968163181
:10334000FCF712FF52480068808A524948820120E7
:10335000C861564981F82D0000204876086275E062
:103360004B480068418A4B48008A401C81426DD11D
:1033700047480168891C4748FCF71AFF002865D1B7
:1033800043480068408A43490882084640694049EA
:103390000968898A08443F49486189693D4B5B8ACD
:1033A000C8183B4909688A8A394909681631FCF707
:1033B000DBFE3848408A36490968898A084435491D
:1033C00048820846408AB0F5804F18DB0846008ADC
:1033D000102809DC084601E057E039E04FF480424C
:1033E0008169FDF7B7FD05E02A484FF48042816905
:1033F000FDF7C8F8002027494882FEF793FC01201A
:103400002449C861294981F82D002248008A2149B0
:10341000C98988421AD11F48408A70B11D48008A64
:10342000102805DC1B48428A8169FDF793FD04E002
:103430001848428A8169FDF7A5F8FEF797F90D2132
:103440001448FCF7AAFE1AA001F06EFF012070BD1F
:103450000F4800684078602817D10D480068C07B8D
:10346000012801D10320F2E709480068C07B022847
:103470000BD12B220648016816311148FCF774FE67
:1034800001200A4948770220E1E70020DFE7000039
:103490000C000020DC020020B7D6B0FCD7DCCAFD4F
:1034A00020282564290D0A0010340020FC02002089
:1034B000CEC4BCFEB4ABCAE4CDEAB3C90D0A000069
:1034C000AC33002010B580220C21DE20FFF7C6FCB3
:1034D00000220D21DE20FFF7C1FC00220E21DE209C
:1034E000FFF7BCFC00220F21DE20FFF7B7FC002213
:1034F0001021DE20FFF7B2FC00221121DE20FFF7B1
:10350000ADFCC0220821DE20FFF7A8FC10BD10B5DD
:103510000446072322460021DE20FFF7C9FBA078DE
:1035200000F07F00A07010BD10B50446A07840F0F8
:103530008000A070FFF78BFC072322460021DE20CD
:10354000FFF72CFCFFF77CFC10BD00002DE9F041DB
:1035500007460C4616461D4670191B4909688842E5
:1035600013D92A2C02D10220FDF71AF80020FDF70A
:1035700017F821220521384600F0B0FB0021012078
:1035800000F08EFB0020BDE8F081104881681048F3
:1035900000686843814214D02A2C03D10220FCF732
:1035A000FFFF02E00020FCF7FBFF0849487B2422D4
:1035B000052100F093FB0021012000F071FB0020A9
:1035C000E1E70120DFE70000E0000020D0840020D8
:1035D000DC00002010B504462046FEF7D7FC68B199
:1035E0000A49487B3A22022100F078FB0121084673
:1035F00000F056FB0020FCF7D3FF10BD05F080F86B
:103600000121002000F04CFB00BFF6E7D084002031
:1036100070B506460A48007C00F0010010B1094D63
:10362000052408E0084D0648C07C242802DC044834
:10363000C47C00E024242146284600F0A1FF70BD90
:10364000D08400200C0100201101002010B5044698
:103650000E48806818B90020FCF7A2FF0BE00B4869
:10366000007B00F0800018B10020FCF799FF02E019
:103670000220FCF795FF0549487B2022052100F038
:103680002DFB0021012000F00BFB10BDD084002099
:1036900010B504460821024800F072FF10BD00007A
:1036A0003901002010B504460421024800F068FFEB
:1036B00010BD00003501002070B506460C461546C9
:1036C0001948007820BB1949487B2B4622462821FF
:1036D000FFF73CFF00B970BD1448007B00F080008C
:1036E00040B10220104908702A4621463046FFF7B3
:1036F000A3FC0CE00220FCF753FF0C49487B24227A
:10370000052100F0EBFA0121084600F0C9FAE2E7D2
:1037100005480078022804D12A4621463046FFF7A2
:103720008BFC00BFD7E7000068010020D084002098
:1037300010B504462046FEF729FC68B11B49487BBA
:103740003A22022100F0CAFA0121084600F0A8FA44
:103750000020FCF725FF10BD15480068401E000E34
:103760001449087012480068401E000C4870104848
:103770000088401E000A88700D480078401EC870FE
:103780000D480068000E08710B480068000C487175
:1037900009480088000A887107480078C871082124
:1037A000044800F0EDFE00BFD5E70000D084002003
:1037B000E000002053010020DC00002010B504468A
:1037C0002046FEF7E3FB68B11749487B3A22022105
:1037D00000F084FA0121084600F062FA0020FCF7AC
:1037E000DFFE10BD11480068000E114908710F4836
:1037F0000068000C48710D480088000A88710B4869
:103800000078C8710B480068000C487209480088AD
:10381000000A887207480078C8720C21044800F03A
:10382000AFFE00BFDDE70000D0840020E0000020F4
:103830005B010020DC00002070B505460648C07C16
:10384000122802DC0448C47C00E01224214603480C
:1038500000F096FE70BD0000D084002041010020E1
:1038600010B504460121002000F01AFA10BD000036
:1038700010B504462046FEF789FB68B10949487B2C
:103880003A22022100F02AFA0121084600F008FA43
:103890000020FCF785FE10BD0121002000F000FA99
:1038A00000BFF8E7D084002010B504460D488068BA
:1038B00048B90C48007C00F0040020B90121002028
:1038C00000F0EEF90CE00220FCF76AFE0549487BA7
:1038D0002422052100F002FA0021012000F0E0F985
:1038E00010BD0000D084002070B506460C46154679
:1038F0001948007820BB1949487B2B4622462A21CB
:10390000FFF724FE00B970BD1448007B00F0800072
:1039100040B90120104908704FF44051022000F0D6
:10392000C1F80CE00020FCF73BFE0C49487B242248
:10393000052100F0D3F90021012000F0B1F9E2E700
:1039400005480078012804D12A462146304601F076
:1039500027FB00BFD7E7000068010020D0840020CB
:1039600021B1028842F04002028004E002884FF652
:10397000BF731A40028070470246002013890B4033
:103980000BB1012000E00020704701468889704794
:103990008181704710B50022028802F441520B88E1
:1039A0004C8823438C882343CC8823430C892343AE
:1039B0004C8923438C892343CC8923431A430280B7
:1039C000838B4FF2FF74234083830B8A038210BDE5
:1039D000704700004FF6F8710140014A11607047CE
:1039E000505C004030B501460F4B1A78002014E0BF
:1039F00003060E4C04EB9353D3F8003C48F68F7447
:103A0000234048F280042343C4B223430406074DF5
:103A100005EB9454C4F8003C401C9042E8D341F0BC
:103A20008003034C236030BDCC01002000500040D7
:103A30004C5C004010B54A105300054A126892B21F
:103A400002EBC002121D034C44F8123010BD0000FE
:103A5000505C00400060004010B502460F4800680E
:103A600080B200EBC200801D0D4C04EB40033E29E8
:103A70000BDD481101F01F040CB9441EA0B24FF435
:103A8000004444EA80241C6007E0481001F001046F
:103A90000CB1441CA0B284021C6010BD505C0040FC
:103AA0000060004030B50E4C04EB8003D3F8003CBE
:103AB0004BF68F7403EA040201F480530BB182F4D5
:103AC000805201F400530BB182F4005242F40043DF
:103AD00043F08003024D05EB8004C4F8003C30BD88
:103AE0000050004010B50B4B03EB8002D2F8002CC5
:103AF0004BF68F7302EA030181F4805181F4005187
:103B000041F4004242F08002024C04EB8003C3F80F
:103B1000002C10BD0050004010B54A105200044B5C
:103B20001B689BB203EBC003024C44F8132010BD8A
:103B3000505C004000600040044A126892B202EB00
:103B4000C002921C024B43F812107047505C0040B8
:103B50000060004030B50E4C04EB8003D3F8003C0D
:103B600048F6BF7403EA040201F010030BB182F0BF
:103B7000100201F020030BB182F0200242F4004356
:103B800043F08003024D05EB8004C4F8003C30BDD7
:103B90000050004010B5074B03EB8002D2F8002C18
:103BA00048F68F131A400A43024C04EB8003C3F813
:103BB000002C10BD0050004010B500F001F810BD01
:103BC0000CB50020019000903348006840F480302C
:103BD0003149086000BF3048006800F400300090B0
:103BE0000198401C0190009818B90198B0F5A06F99
:103BF000F1D12948006800F4003010B10120009094
:103C000001E0002000900098012843D1234800687B
:103C100040F01000214908600846006820F00300C9
:103C200008600846006840F0020008601A484068D2
:103C3000194948600846406848600846406840F4B2
:103C4000806048600846406820F47C104860084660
:103C5000406840F4E81048600846006840F0807012
:103C6000086000BF0C48006800F000700028F9D020
:103C70000948406820F0030007494860084640684A
:103C800040F00200486000BF0348406800F00C00AC
:103C90000828F9D10CBD00000010024000200240AD
:103CA00070B505460C460A480A490860084605737F
:103CB0000D22812000F0CFFD0520074908702CB1AE
:103CC0000420087030210120FFF744FF70BD000080
:103CD00055534253F084002068010020014B997035
:103CE0001A7370474101002038B501242948006843
:103CF00080B2001D284931F8100080B201EB40006D
:103D0000009026480068007A092832D00098007890
:103D10002249096808700098401C009000980078BB
:103D20001E49096848700098401C0090009800EBFC
:103D300044000090009931F8020B0091FCF752FC0E
:103D4000164909684880009800EB440000900099EB
:103D500031F8020B0091FCF745FC10490968888096
:103D6000009800EB44000090009800880B49096817
:103D7000C880012009490968087208480068C0889D
:103D800010B9FEF7A1FB01E0FDF712FAFEF720FDE6
:103D900038BD0000505C0040006000406802002018
:103DA00010B5002001F006F8012001F003F800F042
:103DB00081FF00243BE004EBC4001E4901EB4000FE
:103DC000807800F0010080B104EBC40001EB4000FA
:103DD000807820F0010004EBC401164A02EB410197
:103DE00088702046FEF738FD1FE0134850F8240085
:103DF00041F28831884218D304EBC4000D4901EB2D
:103E00004000407803280CD104EBC40001EB4000D3
:103E1000807820F0020004EBC401064A02EB410165
:103E200088700020044941F82400601CC4B2082CAA
:103E3000C1DB10BD8E97002020A8002010B50446DD
:103E400001220021204601F0EFF90122114620460F
:103E500001F0EAF90520FDF7F9FA03212046FFF702
:103E6000F3F9132806D010220121204601F0DCF9D5
:103E7000002010BD04220121204601F0D5F90120C7
:103E8000F7E7000010B5044640F2B4521221204674
:103E900001F0E6F904EBC400114901EB400082880F
:103EA0000421204601F0DCF904EBC4000C4911F8B0
:103EB0001000012812D104EBC40001EB400042893C
:103EC0001021204601F0CCF904EBC400044901EBB9
:103ED0004000821D0C21204601F0DEF910BD0000DB
:103EE0008E97002010B5044601220021204601F0E3
:103EF0009BF901221146204601F096F90520FDF7B5
:103F0000A5FA03212046FFF79FF9132806D01022B7
:103F10000121204601F088F9002010BD0222012174
:103F2000204601F081F90520FDF790FA0321204693
:103F3000FFF78AF9142806D010220121204601F04B
:103F400073F90020E9E70120E7E710B504460222F3
:103F50000021204601F068F901221146204601F0B7
:103F600063F90520FDF772FA03212046FFF76CF98B
:103F7000222806D010220121204601F055F9002008
:103F800010BD0120FCE7000010B5044600BF02216F
:103F90000A48FFF7F1FC0028F9D021460748FFF74F
:103FA000F7FC00BF01210548FFF7E6FC0028F9D027
:103FB0000248FFF7EAFCC0B210BD0000003001402B
:103FC00010B5044600BF02210A48FFF7D5FC0028BF
:103FD000F9D021460748FFF7DBFC00BF0121054867
:103FE000FFF7CAFC0028F9D00248FFF7CEFCC0B2A8
:103FF00010BD0000003800402DE9F047544800682B
:10400000007800F07F08B8F1000F0AD1504800682E
:10401000407A00F0DF004E49096848720020BDE890
:10402000F087B8F1020F7CD149480068408818B980
:1040300047480068007908B10220F0E7DFF81491E2
:1040400043480068477927F080052C4640480068BF
:10405000407900F0800038B13F4901EB8400D0F88E
:10406000000C00F0300606E03B4901EB8400D0F87C
:10407000000C00F4405699F80000A84204D91EB183
:1040800033480068807A08B90220C8E707F080004A
:1040900080B1314901EB8400D0F8000C00F0300011
:1040A00010284BD1E0B2FCF743FEE0B23021FFF71D
:1040B00051FD43E0284901EB8400D0F8000C00F4E6
:1040C0004050B0F5805F39D1E4B9244A92F82C1001
:1040D000E0B2FFF7C1FC204A02EB8401D1F8001CDA
:1040E0004BF68F7201EA020080F4805080F4005099
:1040F00040F4004141F08001174B03EB8402C2F809
:10410000001C1BE0E0B2FCF7F9FD134A02EB84014E
:10411000D1F8001C4BF68F7201EA020080F4805047
:1041200000E011E080F4005040F4004141F08001D3
:10413000094B03EB8402C2F8001C00BF0849096860
:104140004869804700206AE700BF022067E7000057
:1041500068020020CC01002000500040D001002067
:104160007402002010B504462CB9012006490968E4
:104170000882002010BD0549096808688047024888
:1041800000680A30F6E70000680200207402002090
:1041900010B5024606480068438A32B98888C01ABA
:1041A000034C24682082002010BD08681844FBE7F7
:1041B0006802002010B504462CB9012006490968A0
:1041C0000882002010BD05490968886880470248B8
:1041D00000680C30F6E7000068020020740200203E
:1041E00010B504462CB9022039490968088200201C
:1041F00010BD00203749088035480068007800F07D
:104200007F0018BB32490968487A00F0200131B1BB
:104210003049097841F002012E4A117005E02D491C
:10422000097801F0FD012B4A117000F0400131B115
:104230002849097841F00101264A117005E0254915
:10424000097801F0FE01234A11703AE02048006825
:10425000007800F07F00012801D11E48C8E71C4803
:104260000068007800F07F00022828D1184A126800
:10427000517901F00F0001F080027AB1164B03EB87
:104280008002D2F8002C02F03002102A16D1114A16
:10429000127842F001020F4B1A700FE00E4B03EB45
:1042A0008002D2F8002C02F44052B2F5805F05D1B2
:1042B000084A127842F00102064B1A7001E0002011
:1042C00096E70649096808698047024890E70000B8
:1042D000680200207C020020005000407402002090
:1042E00010B50E480068C0780D494978884213DC43
:1042F0000A480068807878B908480068808858B90A
:1043000006480068C0780549096888720549096847
:1043100048688047002010BD0220FCE768020020AA
:10432000CC0100207402002010B507480068407AD4
:1043300040F0200004490968487204490968C869C6
:104340008047002010BD0000680200207402002099
:104350002DE9F0412E480068467926F080073C465A
:104360002B480068407900F0800038B1294901EB02
:104370008400D0F8000C00F0300506E0254901EB80
:104380008400D0F8000C00F4405523480078A04287
:1043900008D91F480068408820B91DB11C48006832
:1043A000807A10B90220BDE8F08106F08000A0B14B
:1043B000184A02EB8401D1F8001C48F6BF7201EAEA
:1043C000020080F0100040F4004141F08001114BE8
:1043D00003EB8402C2F8001C14E00E4A02EB8401D5
:1043E000D1F8001C4BF68F7201EA020080F4805075
:1043F00040F4004141F08001064B03EB8402C2F817
:10440000001C00BF05490968886980470020CAE789
:104410006802002000500040CC01002074020020FF
:1044200010B5174B1B68D978154B1B685879154B7D
:104430001B689A699047044611480068807AE8B181
:104440003CB90F480068007918B90D4800688078B9
:1044500008B1022010BD8CB90B490968C8688047B3
:1044600007480068407906490968C872044800682E
:10447000C0780349096808730020EBE70220E9E7E8
:10448000680200206C0200207402002000B50120A8
:104490000249087000F068F800BD0000000000202C
:1044A00030B500BF154800684FF47A72B0FBF2F1E6
:1044B000B1F1807F01D301201DE021F07F40401E3B
:1044C0004FF0E022506150170F22002807DA13073F
:1044D0001D0E0B4B00F00F04241F1D5503E01307A6
:1044E0001C0E084B1C5400BF00204FF0E0229061CE
:1044F0000720106100200028D4D130BDB00000207A
:1045000018ED00E000E400E010B51348006840F04A
:1045100001001149086008464068104908400E49EA
:104520004860084600680E4908400B490860084684
:10453000006820F4802008600846406820F4FE00EF
:1045400048604FF41F008860FFF736FB4FF00060B3
:104550000449086010BD0000001002400000FFF890
:10456000FFFFF6FE08ED00E00448006820B10348B4
:104570000068401E014908607047000008000020E4
:1045800070B505460C4622462946812000F063F9A5
:1045900030210120FFF7DEFA0320054908700548A5
:1045A0008068001B034988600020087370BD00000C
:1045B00068010020F084002010B500F063F910BD00
:1045C00001F40072B2F5007F00D100BFCA4302803F
:1045D000704721B1828942F40052828104E08289CD
:1045E0004DF6FF731A408281704770B50246002471
:1045F00000230025002040F66A16B14200D100BF1A
:10460000C1F3421501F01F03012606FA03F3012D41
:1046100002D19689334006E0022D02D1168A33403A
:1046200001E0968A33400C12012606FA04F416883B
:10463000344013B10CB1012000E0002070BDF0B592
:104640000346002400260025002040F66A17B942E0
:1046500000D100BF1846C1F3421401F01F06012724
:1046600007FA06F5012C01D10C3004E0022C01D12F
:10467000103000E014301AB107682F43076002E0E1
:104680000768AF430760F0BD2DE9F04786B00546E7
:104690000E460024A24600BFA1460027B08900B103
:1046A00000BF2F462C8A4CF6FF700440F08804436C
:1046B0002C82AC894EF6F3100440B088318908434F
:1046C000718908430443AC81AC8A4FF6FF40044033
:1046D000B0890443AC8201A8FEF762FA1F48874202
:1046E00002D1DDF810A001E0DDF80CA0A88900F4EB
:1046F000004040B10AEBCA0000EB0A1031684900E3
:10470000B0FBF1F807E00AEBCA0000EB0A103168D1
:104710008900B0FBF1F86420B8FBF0F00401200937
:10472000642101FB1089A88900F4004040B13220C7
:1047300000EBC900B0FBF1F000F00700044308E013
:10474000322000EB09106421B0FBF1F000F00F0003
:1047500004432C8106B0BDE8F0870000003801401A
:1047600001468888C0F308007047C1F308028280C0
:104770007047000010B5044624B101210448FDF73C
:1047800083F903E001210248FDF77CF910BD000028
:104790000008014010B5FCF78DF810BD10B50F48AA
:1047A00000680F4908800846008800F400400D4961
:1047B0000988084008B1FCF7E1F80948008800F4CE
:1047C000806008490988084030B14FF6FF3003493E
:1047D000086005494868804710BD0000445C0040FF
:1047E0009001002072020020D001002010B5FFF7D8
:1047F000D5FF10BD10B508210148FDF745F910BDE2
:10480000000C01400020064908604FF404400549AF
:104810000880084600880249091F08600020704788
:10482000445C0040720200202DE9F04104460E462F
:10483000002504F07F00FDF739F9054604F07F00FC
:10484000FDF724F907462A4639463046FDF700FFB2
:104850002846BDE8F0812DE9F04104460E46154694
:1048600004F07F00FDF734F90746AAB23946304616
:1048700000F012F9A9B204F07F00FFF75DF9002003
:10488000BDE8F08110B54B49086840F22551FFF7AB
:10489000ACFE40B347490868FFF762FFC4B2454821
:1048A00080684449C98A44544248C08A401C80B246
:1048B0004049C882C989884202DB00203D49C8823C
:1048C0003C48408B3B49C989884204DA3948408BCF
:1048D000401C384948833748806A18B13548816A96
:1048E0002046884700BF3349086840F22771FFF728
:1048F0007CFE60B32F48808A70B92E490022086878
:1049000040F22771FFF79BFE2A490122086840F216
:104910002661FFF794FE4CE0264A5268254B5B8ADD
:10492000D15C244A1068FFF720FF2248408A401CCF
:1049300080B2204948828989884202DB00201D49D3
:1049400048821C48808A401E1A49888231E01949F1
:10495000086840F22661FFF748FE50B31548808A88
:1049600068B914490022086840F22661FFF767FE23
:104970001048406AE8B10F49486A804719E00D4A7B
:1049800052680C4B5B8AD15C0A4A1068FFF7EDFE57
:104990000848408A401C80B206494882898988427A
:1049A00002DB0020034948820248808A401E0149F8
:1049B000888210BD34870020F8B505460E4622488F
:1049C000006A10B12049086A8047002432E010E0F4
:1049D000012000F0C8FC1C48808A0090002000F0F4
:1049E000C2FC19488089BDF80010884200DD01E052
:1049F00000BFEDE700BF285D13494968124A128ADB
:104A00008854012000F0AFFC0F48008A401C80B29F
:104A10000D4908828989884202DB00200A49088200
:104A20000948808A401C08498882002000F09BFCCD
:104A3000601C84B2B442CADB03490122086840F218
:104A40002771FFF7FCFDF8BD3487002001B5012177
:104A50006846FFF7B1FF08BD0A480B4908600B48DC
:104A600048600B4888604FF480708881C8810020BE
:104A700008824882C8820883488388820862486224
:104A80008862704700380140348700203485002058
:104A90003486002000BFFEE7F0B5144604F1010C97
:104AA0004FEA6C07DFF824C00CEB41033D460AE0F7
:104AB0000678401C90F800C046EA0C2223F8022B2E
:104AC0009B1C401C6D1E002DF2D1F0BD006000400B
:104AD00010B500240420124908601420FCF7B6FC2D
:104AE0008020104908614020086104200C49091FFA
:104AF000086004E0601CC4B20120FCF7A7FC0A486F
:104B0000006800F4807008B9C82CF3DB1420FCF7AF
:104B10009DFCC82C01DB012010BD0020FCE700003B
:104B2000140C014000100140080801401549098893
:104B3000142291FBF2F21449097C5039114488B2D5
:104B40001149097C19B900210F4AD17315E00E49AA
:104B5000496AB1F5487F08D3FE2803DDFE210A4AE1
:104B6000D1730AE0084AD07307E00749C97B21B92D
:104B70000549097C5039044AD1730021014A11804A
:104B800070470000CC020020FC02002008B5012183
:104B90001920FDF7EBFF2020ADF8000003208DF871
:104BA000020010208DF8030069461248FCF796FEBB
:104BB0002020104948610120ADF8000003208DF845
:104BC000020004208DF8030069460B48FCF786FEBE
:104BD0001020ADF8000003208DF8020010208DF8A1
:104BE000030069460348FCF779FE1020014908617B
:104BF00008BD000000100140000C014010B520204D
:104C0000054948613220FCF721FC20200249086157
:104C1000C820FCF71BFC10BD0010014010B500249B
:104C20008021002000F0D4FA0A20FCF70FFC0422B7
:104C30001749012000F058FB04221549091D0520E1
:104C400000F052FB062212490831092000F04CFB0B
:104C500004220F49091F0F2000F046FB00BF0BE0A4
:104C600002221E21204600F0DFFA02221F212046E8
:104C700000F0DAFA601CC4B2082CF1DB4FF4FA61E0
:104C8000192000F0BBFA08211B2000F0A1FA10BD8A
:104C90008097002010B5FFF7C1FF0020FCF7E2FB72
:104CA0000120FCF7DFFB0020FFF7ECF80120FFF705
:104CB000E9F810BD70B500BF1720FEF7AFFA064641
:104CC00006B970BD002469E00120A04030400121F8
:104CD000A140884260D102212046FEF7B5FA054680
:104CE0002A460221204600F09FFA05F0010068B133
:104CF00004EBC4002E4901EB4000407840F0020074
:104D000004EBC4012A4A02EB4101487005F002009D
:104D100070B110220121204600F086FA2046FFF7EC
:104D2000B1F8002004EBC401214A02EB41014870B4
:104D300005F0100068B104EBC4001D4901EB400010
:104D4000807840F0020004EBC401194A02EB4101F3
:104D5000887005F0040068B104EBC400144901EB4D
:104D60004000807840F0010004EBC401104A02EBDF
:104D70004101887005F0080070B110220121204621
:104D800000F052FA2046FFF77DF8002004EBC40142
:104D9000074A02EB41014870601CC4B2082C93DB47
:104DA0001720FEF73BFA00B186E700BF89E7000055
:104DB0008E97002010B5044604EBC400284901EB8F
:104DC0004000407800284AD104EBC40011F81000DC
:104DD000B0B92046FFF756F82046FFF783F80128C0
:104DE00006D104EBC4011E4A02EB4101487036E0D3
:104DF000002004EBC4011A4A02EB410148702EE086
:104E000004EBC400164911F81000012813D1204604
:104E1000FFF714F8012806D104EBC401104A02EB95
:104E2000410148701BE0002004EBC4010C4A02EB76
:104E30004101487013E02046FFF787F8012807D1A9
:104E4000032004EBC401064A02EB4101487006E06E
:104E5000002004EBC401024A02EB4101487010BD7E
:104E60008E970020F0B58DB005460F46164627A355
:104E70000FCB01AC0FC4002228A1294802F090F802
:104E800004462CB1274850F8241027A000F04CFA13
:104E90002BA106A802F064F904463CB1214850F861
:104EA000241028A000F040FA0DB0F0BD022201A9A4
:104EB0002A4802F0A3F8044624B101A928A000F072
:104EC00033FAF1E73946254801F054FB05AB324689
:104ED0002946224802F0ACFA04463CB90598B04293
:104EE00004D101A924A000F01FFA03E001A927A022
:104EF00000F01AFA194801F02DFB002207A1104614
:104F000002F04EF8044600BFCEE700002F7379731D
:104F10002F436F6E6669672E696E6900303A000034
:104F20002C03002014000020B9D2D4D8CEC4BCFE7B
:104F3000CFB5CDB3CAA7B0DC282573290D0A000070
:104F40002F000000B4F2BFAAB8F9C4BFC2BCCAA700
:104F5000B0DC282573290D0A000000005C13002036
:104F6000446F6E27742046696E642046696C652024
:104F70003A2025730D0A0000257320CEC4BCFED054
:104F8000B4C8EBB3C9B9A60D0A000000257320CE42
:104F9000C4BCFED0B4C8EBCAA7B0DC0D0A00000048
:104FA0002DE9F04106460C4615463C48006800F1E4
:104FB00040073B48007860B93A48006860433A4986
:104FC000086038480068684338490860012034495F
:104FD00008703348007801284CD10020344908601B
:104FE00010E0334801680068401C314A10603148C5
:104FF000415C3148294A1268815428480068401CA5
:105000002649086025480068B842EAD32648006867
:105010002A49098808442449086024480068274927
:105020000988401A21490860084600681D49096836
:10503000B0FBF1F201FB120070B9002017490860C3
:105040001848008883B218480068164A1268811A06
:10505000194A3046FCF7CEFF19488068174909887D
:10506000401A174988604FF440510220FEF71AFD9C
:10507000FCF720FF0D48006818B11248007804289A
:105080000AD10020054908600121FEF709FE002031
:1050900003490870FCF706FFBDE8F081F00000202E
:1050A000F8000020DC00002004010020080100209E
:1050B000F400002090840020907400206A010020F9
:1050C000F0840020680100202DE9F04705460E46D7
:1050D000904600212846FEF7B7F800F00F0022287E
:1050E00014D005EBC500384901EB400000F10C027B
:1050F0000C21284600F0D0F805EBC500324901EB41
:105100004000028A1021284600F0AAF824212846EF
:10511000FEF7B6F80746B946C7F30A0710202B4931
:1051200048613846FDF7C6F9102101EB4511C9B2B7
:1051300041F00400FEF728FF07EB0800B0F5006F10
:105140000ADA002405E016F8010BFEF71DFF601CCB
:1051500084B24445F7DB24E0C7F5006087B2002441
:1051600005E016F8010BFEF70FFF601C84B2BC428D
:10517000F7DB10201549086148610020FDF79AF916
:10518000102101EB4511C9B241F00400FEF7FCFE0D
:1051900005E016F8010BFEF7F7FE601C84B24445EB
:1051A000F7DB10200949086109EB08001FFA80F9B4
:1051B0004A462421284600F053F82022012128469F
:1051C00000F032F8BDE8F0878E9700200010014013
:1051D00070B505460C461020074948612846FDF782
:1051E00069F90520FEF7D0FE2046FEF7CDFE10201F
:1051F0000149086170BD00000010014070B505460E
:105200000C461020074948612846FDF753F906204F
:10521000FEF7BAFE2046FDF74DF91020014908615E
:1052200070BD00000010014070B504460D461646E2
:1052300010200A4948612846FDF73CF9082101EB96
:105240004411C9B241F00500FEF79EFE3046FEF75C
:105250009BFE10200149086170BD00000010014054
:1052600070B504460D46164610200A494861284686
:10527000FDF720F9082101EB4411C9B241F0060005
:10528000FEF782FE3046FDF715F91020014908614E
:1052900070BD00000010014070B505460E46144672
:1052A0001020104948613046FDF704F9082101EB50
:1052B0004511C9B241F00700FEF766FE14F8010B74
:1052C000FEF762FE14F8010BFEF75EFE14F8010B08
:1052D000FEF75AFE14F8010BFEF756FE10200149A6
:1052E000086170BD001001402DE9F04107460C46F1
:1052F000154610200B4948613846FDF7DBF80420BD
:10530000FEF742FE002605E014F8010BFEF73CFE16
:10531000701C86B2AE42F7DB102002490861BDE87E
:10532000F0810000001001400FB4054B10B503A937
:10533000044A029800F01AF810BC5DF814FB000053
:105340009D7C0008D802002002E008C8121F08C196
:10535000002AFAD170477047002001E001C1121FF6
:10536000002AFBD1704780F3108870472DE9FF4F6A
:105370008DB00F460546002606E025280BD0DDE956
:105380000F1290476D1C761C28780028F5D111B0BB
:105390003046BDE8F08F0024A246A1460122EC4928
:1053A00000E0044315F8013F203B02FA03F00842F5
:1053B000F7D128782A2810D06FF02F022878A0F192
:1053C0003001092914D80AEB8A0102EB410144F0AB
:1053D000020400EB010A6D1CF0E701CF5FEA000A4E
:1053E00003D544F40054CAF1000A44F002046D1CD1
:1053F00028782E2817D115F8010F44F004042A2824
:105400000ED06FF02F022878A0F1300109290AD8B8
:1054100009EB890102EB410100EB01096D1CF2E788
:1054200057F8049B6D1C28786C280FD006DC4C289C
:1054300017D068280DD06A2814D104E0742810D041
:105440007A280FD10DE044F400140AE044F48014EB
:1054500001E044F440146978814202D104F58014DB
:105460006D1C6D1C2A786E2A1FD00CDC632A31D08B
:1054700004DC002A8BD0582A11D1A3E0642A68D01A
:10548000692A0CD165E0732A2ED004DC6F2A73D010
:10549000702A04D19BE0752A6FD0782A6ED010460E
:1054A000DDE90F129047761C50E1C4F30250022848
:1054B00006D0032809D0042801CF09D0066045E1B1
:1054C00001CFF117C0E9006140E101CF06803DE165
:1054D00006703BE117F8040B8DF8000000208DF8F2
:1054E0000100EB46012003E057F804BB4FF0FF300A
:1054F00061074FF0000102D40DE008F10101884678
:1055000049450FDA8045F8DB1BF808100029F4D173
:1055100008E008F1010188468142FADB1BF8081017
:105520000029F6D1DDE90F23AAEB080081462146C8
:1055300000F036F9304400EB080604E0DDE90F1214
:105540001BF8010B9047B8F10108F7D221464846F5
:10555000F7E00A21C4F302534FF0000B0891022B2D
:1055600004D001CFC117032B09D00AE0FF1D27F09B
:105570000707F7E8020108E032E01FE020E000B290
:10558000C117042B01D140B2C117031E71F10003F2
:1055900007DA4FF0000CD0EB0C006CEB01012D236F
:1055A00002E0230504D52B238DF82430012303E0EA
:1055B000E30701D02023F7E7984658E00A2110E0DE
:1055C00010210EE010204FF0000B08900CE010218D
:1055D0004FF0000B44F004044FF00809089103E079
:1055E00008214FF0000B0891C4F30253022B04D0A2
:1055F00001CF0021032B06D006E0FF1D27F007078F
:10560000F7E8020103E080B2042B00D1C0B24FF0F2
:10561000000823072BD5702A07D0DDF820C08CF0B6
:10562000100C5CEA0B0C05D00EE040238DF8243002
:10563000012308E050EA010306D030238DF824301E
:105640008DF8252002239846DDF820C08CF0080C48
:105650005CEA0B0C0BD150EA010301D1630706D5BC
:1056600030238DF824304FF00108A9F10109582AA0
:1056700004D038A20B9208AA0A920BE03AA2F9E7EA
:105680005B46089AFAF7B8FD0B9B9B5C0A9A521E80
:105690000A92137050EA0102F2D10A98ADEB0000B1
:1056A00000F1200B600702D524F4803401E04FF0B4
:1056B0000109D94502DDA9EB0B0000E0002000EB59
:1056C0000B0141440890AAEB010AE00306D4DDE98E
:1056D0000F232146504600F063F806444FF00009BE
:1056E00008E009A911F80900DDE90F12904709F156
:1056F0000109761CC145F4DBE0030CD5DDE90F237D
:105700002146504600F04CF8064404E0DDE90F1253
:1057100030209047761C0899481E08900029F5DC37
:1057200008E00A980A990078491C0A91DDE90F12ED
:105730009047761CBBF10001ABF1010BF1DC214677
:105740005046DDE90F2300F019F806446D1C1BE6F6
:105750000928010030313233343536373839616247
:10576000636465660000000030313233343536370B
:105770003839414243444546000000002DE9F041DC
:10578000044600251E461746880404D405E0394621
:105790002020B0476D1C641EF9D52846BDE8F08175
:1057A0002DE9F041044600251E469046C80301D568
:1057B000302700E02027880404D505E0414638461C
:1057C000B0476D1C641EF9D52846BDE8F081000085
:1057D00017488068012121EAD03016490870084630
:1057E0004078097888421ED01248007868B1114884
:1057F000C078401CC0B20F49C870022816DB0846AA
:10580000007848700020C87010E00A48C078401C3A
:10581000C0B20849C870152808DB084600784870EF
:105820000020C87002E000200249C87070470000E4
:10583000001001402885002008B501213D20FDF71A
:1058400095F901213248FCF7D5F801213148FCF7E0
:10585000D1F804208DF8030001208DF802004EF2EB
:105860000F00ADF8000069462B48FCF737F8102010
:105870008DF8030001208DF802000820ADF800002B
:1058800069462648FCF72AF808212448FCF7FAF86C
:1058900010208DF8030001208DF802000003ADF800
:1058A000000069461E48FCF719F84FF480511C4867
:1058B000FCF7EAF810208DF8030001208DF80200B3
:1058C0004002ADF8000069461448FCF707F84FF4B1
:1058D00000711248FCF7D6F804208DF8030001206F
:1058E0008DF802004FF48870ADF8000069460B484F
:1058F000FBF7F4FF04208DF8030001208DF802006F
:105900000F20ADF8000069460548FBF7E7FF08BD2A
:10591000000430000002300000100140000C014083
:105920000008014000B585B001210820FDF71EF9EF
:1059300001214805FDF70AF92020ADF810000320E9
:105940008DF8120004208DF8130004A91C48FBF701
:10595000C5FFC020ADF8100003208DF812001C20F8
:105960008DF8130004A91648FBF7B8FF0020ADF826
:1059700004004BF6FF70ADF80600A020ADF808005B
:105980004FF48060ADF80A000001ADF80C004CF255
:105990005030009069460B48FCF736F90121094860
:1059A000FCF7F1F801210748FCF7CCF80648074955
:1059B000086000F0F5F8FDF785FD05B000BD0000BA
:1059C000000C014000540040BC020020C402002032
:1059D00010B504467D20FDF74DF908B1FDF7D6F866
:1059E00045F25550FCF7B6F90320FCF7A7F9A0B231
:1059F000FCF7AAF9FCF79AF9FCF78CF910BD000046
:105A000000B585B000F036F800214FF48050FDF766
:105A1000ADF801210803FDF7A9F80020ADF800005A
:105A20004FF48270ADF802000020ADF804000220AF
:105A3000ADF806000120ADF808004002ADF80A00FC
:105A40000820ADF80C000020ADF80E000720ADF8DE
:105A5000100069460648FDF79DFF00210448FDF748
:105A60007FFF01210248FDF77BFF05B000BD00006C
:105A70000030014008B501210420FDF777F803202C
:105A80008DF8020018208DF80300E020ADF800002A
:105A900069460248FBF722FF08BD000000080140EC
:105AA00000B585B000F034F800214FF48040FDF7D8
:105AB0004DF801218803FDF749F80020ADF80000FA
:105AC0004FF48270ADF802000020ADF80400ADF88C
:105AD0000600ADF808004FF40070ADF80A00202071
:105AE000ADF80C000020ADF80E000720ADF8100056
:105AF00069460648FDF74EFF00210448FDF730FFD8
:105B000001210248FDF72CFF05B000BD0038004020
:105B100008B501210820FDF729F803208DF80200BF
:105B200018208DF803004FF46040ADF8000069467E
:105B30000148FBF7D3FE08BD000C014008B5012168
:105B40000420FDF713F81020104908608DF80300B9
:105B500003208DF802001020ADF8000069460B48C4
:105B60001038FBF7BBFE02F0A5FE10200749091D07
:105B700008600420FEF708FA10200449086002F0CB
:105B80002DFF002003F008F808BD000010080140B8
:105B900010B5FEF761FFFCF71BF9FBF702F910BD2A
:105BA0000EB505210120FBF779FE20200190002091
:105BB0008DF808000C208DF8090001208DF80A00EE
:105BC00001A8FBF7E3FC17208DF8000001208DF8F9
:105BD00002008DF803006846FCF72AFC0EBD0000A9
:105BE00070B504460D4600202071401EE062294633
:105BF000204602F093FB08B1032070BD94F82E12EA
:105C000094F82F0241EA00204AF65521884201D03B
:105C10000220F2E794F86900010694F8680041EA6E
:105C2000004194F8670041EA002094F866100843A8
:105C300020F07F400D49884201D10020DDE794F833
:105C40008500010694F8840041EA004194F883003D
:105C500041EA002094F88210084320F07F40034975
:105C6000884201D10020C8E70120C6E74641540020
:105C7000024600E0521C107810B110788842F9D129
:105C800010787047F0B5574C2468647804F00F041E
:105C9000544D2D686D782D1105EB850504EB4505F8
:105CA000504C2468A47804F00F044E4E3668B67841
:105CB000361106EB860604EB4604C4EB041405EB30
:105CC0008403484C2468A47924B1464C2468A47900
:105CD000062C3BD1002136E001EB4105424C2C441F
:105CE000647804F00F0501EB41063F4C34446478BE
:105CF000241104EB840405EB440501EB41063A4C06
:105D0000A45D04F00F0601EB4107374CE45D24115C
:105D100004EB840406EB4404C4EB041405EB840296
:105D2000934209DA09B9002005E04C1E04EB440552
:105D30002D4C2C44A07808E0052901D1002004E076
:105D400000BF4C1CE1B20629C6DB3EE0002139E071
:105D500001EB4104244D123D2C44647804F00F04FF
:105D600001EB4105204E123E35446D782D1105EBB7
:105D7000850504EB450401EB4105755D05F00F0554
:105D800001EB4106184F123FBE5D361106EB860649
:105D900005EB4605C5EB051504EB850293420ADACF
:105DA00009B9002006E04C1E04EB44040E4D123DE0
:105DB0002C44A07808E0052901D1002004E000BFB0
:105DC0004C1CE1B20629C3DB00BFE02808DDA0F1CE
:105DD000E00404EB8404B82505EB4404E0B200E0E1
:105DE0000020F0BDC4020020FE33002070B5034641
:105DF0000D46586A021D280B1E68B678B0FBF6F4F3
:105E000000BF02CA09B9002070BD8C4200D202E076
:105E1000641A121DF5E700BF10682044F4E702463B
:105E2000891E5069801E884201D8002070479378EF
:105E3000906A01FB0300F9E72DE9F0470446894623
:105E4000B9F1000F06D1E76817B16069B84215D8FB
:105E5000012713E04946204601F082FF0646022E44
:105E600002D20120BDE8F087701C08B93046F9E77E
:105E70006069B04201D93046F4E74F463D4600BF65
:105E80006D1C6069A84204D80225BD4201D90020DA
:105E9000E8E72946204601F063FF064606B909E017
:105EA000701C08B1012E01D13046DBE7BD42E7D1BD
:105EB0000020D7E700BF6FF070422946204602F06D
:105EC00085FA8046B8F1000F08D1B9F1000F05D06E
:105ED0002A464946204602F079FA8046B8F1000F7A
:105EE0000BD1E5602069401C78B12069401E20611B
:105EF000607940F00100607107E0B8F1010F02D154
:105F00004FF0FF3000E0012005462846AAE70000D8
:105F10002DE9F35F0198D0F8009001E009F1010943
:105F200099F800002F28F9D099F800005C28F5D0E6
:105F3000009886690B222021304602F0E5F9002501
:105F40002F46AB464FF0080A00BF58460BF1010B35
:105F500019F80040202C03DD2F2C01D05C2C00D13F
:105F600053E02E2C01D057450DD3BAF1080F01D1C3
:105F70002E2C02D00620BDE8FC9F08274FF00B0A0C
:105F8000A806050EE1E7802C01DB45F00305812C16
:105F900020DBFE2C1EDC58460BF1010B19F80080AB
:105FA000B8F1400F02DBB8F17E0F05DDB8F1800FCC
:105FB00006DBB8F1FE0F03DCAAF10100B84201D8FC
:105FC0000620D8E738467F1C345438467F1C06F834
:105FD000008019E0214620A0FFF74AFE08B1062004
:105FE000C9E7412C04DB5A2C02DC45F0020508E02D
:105FF000612C06DB7A2C04DC45F00105A4F12000BD
:10600000C4B238467F1C34549FE700BF09EB0B0134
:1060100001980160202C01DC042000E000200446EF
:106020000FB90620A7E73078E52801D105203070A8
:10603000BAF1080F01D1A806050E05F003000128EA
:1060400001D144F0100405F00C00042801D144F003
:106050000804F47200208EE7222A2B2C3A3B3C3DA8
:106060003E3F5B5D7C7F00002DE9F04104460E461B
:106070000021204600F0F9F80546EDB9002700BFE1
:106080002169206802F04AF9054605B113E060690C
:106090000078E52802D06069007820B9781C0746AE
:1060A000B04201D107E000270121204600F038F876
:1060B0000546002DE4D000BF042D00D10725284659
:1060C000BDE8F0812DE9F04104460021204600F0B2
:1060D000CCF8054615B12846BDE8F08100BF21691E
:1060E000206802F01BF9054605B116E066693778AD
:1060F0000FB9042511E0F07A00F0080030B90B2246
:106100003046A16902F0E0F800B906E0002120461F
:1061100000F006F80546002DE1D000BF2846DBE779
:106120002DE9F04104468846E088461CB0B208B12B
:10613000206910B90420BDE8F08106F07F00002836
:106140006CD12069401C2061E06828B92068008972
:10615000B04263D80420EEE720688078401E00EA51
:10616000D61000285AD1E168206801F0F9FD0546F3
:10617000012D01D80220DEE7681C08B90120DAE70A
:1061800020684069A84243D8B8F1000F01D104202B
:10619000D1E7E1682068FFF74FFE05460DB90720FB
:1061A000C9E7012D01D10220C5E7681C08B901200B
:1061B000C1E7206802F0C0FE08B10120BBE72168FA
:1061C00001F130004FF48052002102F09DF8294681
:1061D0002068FFF724FE2168C86200270EE0012036
:1061E00021680871206802F0A7FE08B10120A2E72B
:1061F0002068C06A401C2168C8627F1C20688078C3
:10620000B842ECD82068C06AC01B2168C86200BFD1
:10621000E56029462068FFF702FE2061E6802068DD
:10622000303006F07F0100EB41106061002082E712
:1062300070B5044601212046FFF716FF054695B9C3
:106240002169206802F06AF8054665B9202200211C
:10625000606902F059F80B22D4E9050102F047F811
:10626000012021680871284670BD2DE9F0410446DF
:106270000E46E680A568012D03D020684069A8423B
:1062800002D80220BDE8F0812DB9206800780328EB
:1062900001D12068456A45B920680089B04201D81B
:1062A0000220EFE72068476A1EE0206880784FEA06
:1062B000C01812E02946206801F052FD0546681C0E
:1062C00008B90120DEE7022D03D320684069A84207
:1062D00001D80220D6E7A6EB08064645EAD22946B1
:1062E0002068FFF79CFD0746E5600FB90220C9E76B
:1062F00007EBD61020612068303006F07F0100EBFC
:10630000411060610020BDE710B504462CB9FFF7CD
:1063100077FBFFF713FC002010BD0120FCE70346CC
:10632000BBB9052914D2DFE801F0030A050F1100FB
:10633000002070474FF4805010800020F9E74FF4A0
:10634000806010600020F4E70020F2E70020F0E712
:1063500000BF00BF0420ECE72DE9F04104460D46E4
:1063600016461F463CB93A033103284602F050FA5C
:106370000020BDE8F0810420FBE7014611B90022AE
:10638000104670470120FCE72DE9F04105460E4616
:1063900017461C4614B90420BDE8F08185B94FF0BA
:1063A000000809E039034FF48052304602F02CFB1C
:1063B00008F1010000F0FF08A045F3DB0020EBE747
:1063C0000420E9E710B55148008898B1504800789A
:1063D00080B901204E49087000204E4908704B4991
:1063E00048804D4908804D490870484801884CA0B4
:1063F000FEF79AFF45484088B0B14648007898B902
:106400000120444908700020414908703F49088034
:1064100008464088404908800020404908703B48B1
:10642000418841A0FEF780FF39480078012825D136
:106430003A480078401C39490870084600786428BA
:106440001CDB0020087031480088012805DC002092
:106450002F4908702D4908800BE02C480088401E09
:106460002A49088008460088012802D102202B49C9
:106470000870264801882EA0FEF756FF25480078B0
:10648000012842D125480078401C2449087008465C
:10649000007864281EDB002008701C484088012812
:1064A00007DC00201B490870184948802249087001
:1064B0000BE016484088401E144948800846408832
:1064C000012802D1022015490870104841881BA0FC
:1064D000FEF72AFF0F480078012816D10E480088E1
:1064E00008280FDD1448007878B908484088082843
:1064F0000BDC01201049087012A0FEF715FF02F016
:106500001BFF02E001200C49087010BDB202002000
:10651000AF020020B0020020B6020020AE02002030
:10652000522D2D25640D0A00472D2D25640D0A00DE
:10653000523A25640D0A00008A020020473A256479
:106540000D0A0000475F73706565645F75700D0A22
:106550000000000070B50546284600F011FF044613
:1065600034B9284602F00EFD04460CB9002028601C
:10657000204670BD2DE9FE4F04460D46204602F030
:1065800001FD0290029810B10298BDE8FE8FE079FB
:1065900008B1E079F9E7606A002871D0681C00282A
:1065A0003BD1D4F8248058F804AB4FF00209266997
:1065B0003EB300BF00964FF0000B09F1020900BF87
:1065C00001960BF1010B3146206801F0C9FB06462C
:1065D000012E02D80220E071D7E7701C10B901200B
:1065E000E071D2E70198401C8642E9D0D14504D839
:1065F00048F804BB009848F8040B20684069B04292
:10660000D8D8606AC0F80090D14503D80020C8F8F7
:10661000000047E01120029044E0E068A84200D268
:10662000E568A560002D3DD0691E2046FFF7DEFB22
:10663000606161692068FFF7F2FB074617B9022025
:10664000E071A2E720688078401E691E00EA1130E0
:1066500007442089C0F30B0020B3A069B84221D0C1
:10666000A07900F0400080B121684878012304F14E
:106670002801A269FFF788FE18B10120E07184E7C4
:1066800011E0A07920F04000A07121684878012332
:106690003A4604F12801FFF75FFE10B10120E071D6
:1066A00073E7A761ABE0E068A84204D2A07900F0EC
:1066B000020000B9E568D4F808904FF00008C4F86B
:1066C0000880002D67D0206880780703B9F1000F9B
:1066D00011D0681EB0FBF7F1A9F10100B0FBF7F093
:1066E000814208D3A9F10100791E8843A060A06807
:1066F0002D1A666912E026697EB900212068FFF72D
:106700009BFB0646012E02D10220E0713DE7701C82
:1067100010B90120E07138E726616661C6B323E055
:10672000A07900F0020038B131462068FFF784FB01
:10673000064636B93D4619E03146206801F010FBA7
:106740000646701C10B90120E0711EE7012E03D926
:1067500020684069B04202D80220E07115E7666106
:10676000A0683844A060ED1BBD42D9D800BFA06826
:106770002844A060C5F30B0050B131462068FFF7F4
:106780004EFB8046B8F1000F03D10220E071FCE619
:1067900001E008EB15382089C0F30B0020B3A06995
:1067A000404521D0A07900F0400078B121684878B8
:1067B000012304F12801A269FFF7E6FD10B10120D1
:1067C000E071E2E6A07920F04000A07121684878ED
:1067D0000123424604F12801FFF7BEFD10B101205C
:1067E000E071D2E6C4F81880D4E90201884205D9E4
:1067F000A068E060A07940F02000A07100BF02987E
:10680000C3E62DE9F1478BB001F01EFB06460122DD
:106810000BA904A801F036F80546002D7DD101A88A
:106820000A9004A80B9901F0F1F9054605B908256D
:1068300000BF042DF2D100210498FFF7FDFA0746AE
:10684000002507B90725012F00D10225781C00B9C2
:1068500001251DB9049802F06FFB0546002D5AD1A1
:1068600039460498FFF7DBFA8146049800F13004BA
:106870004FF480520021204601F046FD0B222021DA
:10688000204601F041FD2E2020701020E072A675F8
:10689000310AE175310C2176310E61763946204698
:1068A00002F0ACF92022214604F1200001F01FFD86
:1068B0002E2084F82100DDF818A004980078032821
:1068C00004D10498406A504500D1AA46514604F1CB
:1068D000200002F093F9049890F8028017E00498E1
:1068E000C0F82C9009F1010901200499087104985D
:1068F00002F022FB054605B10CE04FF48052002166
:10690000204601F001FDA8F1010000F0FF08B8F1F8
:10691000000FE4D100BF2DB900E01EE004A8FFF78E
:1069200087FC054625B13946049801F0EAFD14E0DC
:10693000099C1020E072A675310AE175310C2176B0
:10694000310E61763946204602F058F9012004994B
:106950000871049802F08CFA054628460CB0BDE890
:10696000F08700002DE9F74F90B0914610A801F094
:1069700015FB0F900F98002803DA0B2013B0BDE829
:10698000F08F1198012801DD1320F7E7A9F101002C
:1069900000EA090008B11320F0E7FE490F9851F80A
:1069A00020B0BBF1000F01D10C20E7E700208BF8ED
:1069B00000000F98C0B20C9000200B900C98FFF7CD
:1069C000A3FC0190019800F0010008B10320D5E775
:1069D000019800F0040008B10A20CFE700BF04AA24
:1069E00001210C98FFF79BFC10B90498802801D274
:1069F0000120C3E7119808B1002000E03F20804645
:106A00000498A0EB08000490B9F1000F12D1FA210C
:106A10000498B0FBF1F00A904FF0000A01E00AF18F
:106A2000010ADD4830F81A100A988142F7D8DB488D
:106A300030F81A904FEA1939B9F1000F01D14FF02F
:106A40000109B9F1800F01D94FF080090498B0FB1A
:106A5000F9F7012540F6F670874200D302254FF67C
:106A6000F670874200D30325032D0AD1082000EBDE
:106A7000870000F6FF70060B202003900020029094
:106A800011E0012D05D107EB4700401C4008C01C58
:106A900001E07800001D064606F6FF70060B012097
:106AA00003900420029003984044079007983044D4
:106AB0000690029906980844059005984844A0EB72
:106AC00008000499884201D90E2057E709AA03213A
:106AD0000C98FFF724FC28B9099818B10998B0F56B
:106AE000004F01D901200990099905980844401EDA
:106AF000491E8843099009990598081A0990032DA1
:106B000008D1099903980844039009990798084403
:106B1000079001E009980644DDE90301081A811B8A
:106B20000298081AB0FBF9F7022D03D140F6F6706F
:106B3000874205D3032D05D14FF6F670874201D267
:106B40000E201BE7032D02D10C200D9010E0012D2B
:106B500006D10498B0F5803F02D201200D9007E0E5
:106B60000498B0F5803F01D2042000E006200D908B
:106B700000BF119810B1F0200E9044E04FF4805205
:106B800000210BF1300001F0BFFB0BF5F774012081
:106B90006070A0700020E0700D982071FE20607180
:106BA000049840443F21B0FBF1F0FF21B0FBF1F02D
:106BB00009903F21099841EA9000A0710998E0717D
:106BC0003F20207200216172A172E172049820734B
:106BD0000498010A61730498010CA1730498010ED2
:106BE000E17355218BF82E12AA218BF82F12012365
:106BF00000220BF130010C98FFF7C6FB08B1012011
:106C0000BCE6F8200E900BF130044FF480520021C6
:106C1000204601F079FB0B2261A1204601F067FBC1
:106C20004FF4805A84F80BA04FEA1A21217384F89C
:106C30000D900398A0730398010AE173012020745A
:106C4000032D01D1002001E04FF40070824684F84A
:106C500011A04FEA1A21A1740498B0F5803F05D223
:106C60000498E0740498010A217510E0049884F8EF
:106C700020000498C0F30721212001550498C0F397
:106C80000741222001550498010E232001550E983A
:106C900060753F20207600216176FF20A076E176A6
:106CA00084F81C804FEA182161774FEA1841A177D8
:106CB0004FEA1861E17701F0C7F80990032D3ED142
:106CC000099884F843000998C0F30721442001552E
:106CD0000998C0F30741452001550998010E462047
:106CE000015584F82460C6F3072125200155C6F319
:106CF000074126200155310E27200155022084F836
:106D00002C0000212D2001552E2001552F2001554A
:106D1000012084F8300031200155062084F832002B
:106D200033200155802084F84000292084F8420057
:106D300013221EA104F1470001F0D9FA1FE00998BF
:106D400084F827000998C0F30721282001550998E5
:106D5000C0F30741292001550998010E2A20015549
:106D6000A675310AE175802084F82400292084F872
:106D70002600132212A104F12B0001F0B8FA5520CD
:106D800084F8FE01AA2140F2FF100155012342467A
:106D900021461FE080020020D2950008E8950008F7
:106DA000EBFE904D53444F53352E30004E4F204E46
:106DB000414D4520202020464154333220202000E0
:106DC0004E4F204E414D452020202046415420204A
:106DD000202020000C98FFF7D7FA08B10120CDE55C
:106DE000032D06D1012308F1060221460C98FFF776
:106DF000CBFA079808904FF0000A61E04FF48052F8
:106E00000021204601F080FA0E980990032D14D03D
:106E1000012D01D1614801E06FF0FF00099908439D
:106E20000990099820700998000A60700998000C70
:106E3000A0700998000EE07019E0099860F0FF005A
:106E40000990099820700998000A60700998000C50
:106E5000A0700998000EE070FF202071FF21617181
:106E6000A171E17120726172A1720F21E172089823
:106E7000411C02460123089121460C98FFF784FA31
:106E800008B101207AE54FF480520021204601F03C
:106E90003BFA012009900EE00898411C02460123AC
:106EA000089121460C98FFF76FFA08B1012065E5BB
:106EB0000998401C09900998B042EDD30AF1010AE3
:106EC000BAF1000F9AD0032D01D1484600E0029894
:106ED000824600BF0898411C0246012308912146C2
:106EE0000C98FFF751FA08B1012047E5AAF101001B
:106EF000B0F1000AEED1032D46D15220207060700F
:106F00006120A0704120E070722084F8E4017221B9
:106F100040F2E51001554121401C01556121401C02
:106F20000155781E84F8E801C0F3072140F2E9100A
:106F30000155781EC0F307414FF4F5700155781ED6
:106F4000010E40F2EB100155022084F8EC01002103
:106F500040F2ED100155401C0155401C01555520D3
:106F600084F8FE01AA2140F2FF100155012308F127
:106F7000010221460C98FFF707FA012308F10702E6
:106F800021460C98FFF700FA002211460C98FFF7F3
:106F9000C6F908B10120F1E40020EFE400FFFF0092
:106FA000F7B582B016460398019001A800F0F6FFED
:106FB0000546002D02DA0B2005B0F0BD0E4850F852
:106FC00025400CB100202070029810B100200299D9
:106FD00008700949029841F82500029808B1012E6D
:106FE00001D00020E8E7002203A902A800F04AFC33
:106FF00007463846E0E70000800200202DE9F7430D
:107000008AB0054616461DB909200DB0BDE8F083CB
:107010000020286006F01F0626F001020BA903A835
:1070200000F030FC0746002F7ED1CDF824D003A815
:107030000B9900F0EBFD0746089C0FB904B9062731
:1070400006F01C00002851D04FB1042F03D103A833
:10705000FFF7EEF8074646F00806089C09E0E07ADC
:1070600000F0110008B1072703E006F0040000B1AA
:107070000827002F39D106F00800002835D000F08D
:10708000E3FE804684F80E804FEA1821E1734FEA50
:10709000184121744FEA186161740020E072207772
:1070A00000216177A177E1772146039800F09BFFEB
:1070B00081460021204601F0A1FD012003990871BD
:1070C000B9F1000F11D00398D0F82C8049460398ED
:1070D00001F017FA074647B9A9F101000399C86002
:1070E0004146039801F01AF907460EE06FB9E07ABD
:1070F00000F0100008B1042707E006F0020020B1FC
:10710000E07A00F0010000B1072747B906F0080057
:1071100008B146F020060398C06AE8612C621FB9E6
:10712000AE710020E87100E018E02146039800F0FD
:107130005AFF2861E07F0106A07F41EA0041607F9D
:1071400041EA0020217F0843E8600020A860A86190
:107150006862039828602868C088A880384654E789
:1071600033B585B0044614B9092007B030BD0022FC
:1071700006A904A800F086FB05461DBB0498206004
:1071800001A8A0612046069900F040FD0546B5B96A
:10719000606958B16069C07A00F0100028B1616977
:1071A000049800F020FFA06000E005253DB9049898
:1071B000C088A08000212046FFF757F80546042D1F
:1071C00000D105250DB1002020602846CDE72DE92E
:1071D000FF4F83B0044615469A46DDF810B00020F4
:1071E000CAF80000204601F0CDFE0290029818B1C6
:1071F000029807B0BDE8F08FE07908B1E079F8E7D0
:10720000A07900F0010008B90720F2E7D4E90210E4
:10721000401A00900098854200D9009DABE020897B
:10722000C0F30B00002877D120688078401EA16849
:1072300000EA113000F0FF09B9F1000F1FD1A0687A
:1072400010B9206901900CE0606A28B12046A1685D
:10725000FEF7CCFD019004E06169206800F080FD3C
:1072600001900198022802D20220E071C1E7019842
:10727000401C10B90120E071BBE7019860616169B1
:107280002068FEF7CCFD064616B90220E071B0E793
:107290004E444FEA1538B8F1000F2AD009EB080028
:1072A00021688978884203D920688078A0EB090892
:1072B00008F0FF032168487832465946FFF74CF83A
:1072C00010B10120E07194E7A07900F0400068B1AE
:1072D000A069801B404509D2A169891B0BEB0130D5
:1072E0004FF4805204F1280101F001F84FEA083709
:1072F00037E0A069B04220D0A07900F0400080B112
:1073000021684878012304F12801A269FFF73CF8BD
:1073100018B10120E0716CE710E0A07920F0400086
:10732000A071216848780123324604F12801FFF753
:1073300013F810B10120E0715BE7A6612089C0F36A
:107340000B00C0F58057AF4200D92F462089C0F30B
:107350000B0204F1280011183A46584600F0C7FF06
:1073600000BFBB44A0683844A060DAF8000038448D
:10737000CAF80000ED1B002D7FF451AF002038E764
:107380002DE9F0410446204601F0FCFD0746002FA0
:107390004CD1A07900F02000002847D0A07900F05F
:1073A000400078B121684878012304F12801A269DE
:1073B000FEF7EAFF10B10120BDE8F081A07920F0CE
:1073C0004000A071E169206800F0A8FF0746002F87
:1073D0002CD1256AE87A40F02000E872207B2877DB
:1073E000A089010A6977E068010CA977E068010EBD
:1073F000E9772846216901F001FC00F025FD0646E9
:10740000AE75310AE975310C2976310E69760020A6
:10741000A8740021E974A07920F02000A071012057
:1074200021680871206801F023FD07463846C3E74C
:107430002DE9FF4F83B0044615469B460498019002
:107440000020CBF80000204601F09CFD029002983D
:1074500018B1029807B0BDE8F08FE07908B1E07983
:10746000F8E7A07900F0020008B90720F2E7A06869
:107470002844A168884200D20025BFE02089C0F3DB
:107480000B0000287ED120688078401EA16800EAA9
:10749000113000F0FF0ABAF1000F26D1A06838B908
:1074A000276997B900212068FEF7C6FC07460CE063
:1074B000606A28B12046A168FEF798FC074604E000
:1074C00061692068FEF7B8FC074607B999E0012F0B
:1074D00002D10220E071BDE7781C10B90120E071F3
:1074E000B8E76761206900B92761A07900F0400022
:1074F00078B121684878012304F12801A269FEF7D8
:1075000043FF10B10120E071A4E7A07920F0400012
:10751000A07161692068FEF782FC064616B9022058
:10752000E07197E756444FEA1539B9F1000F2DD0B5
:107530000AEB090021688978884203D9206880789D
:10754000A0EB0A0909F0FF03216848783246019947
:10755000FEF71AFF10B10120E0717BE7A069801BE4
:1075600048450ED2A069801B019A02EB00314FF40E
:10757000805204F1280000F0BAFEA07920F040000B
:10758000A07100E016E04FEA09382AE0A069B04295
:107590000FD0D4E9020188420BD221684878012338
:1075A000324604F12801FEF7D7FE10B10120E07148
:1075B00050E7A6612089C0F30B00C0F58058A845AC
:1075C00000D9A8462189C1F30B0204F12801501803
:1075D0004246019900F08BFEA07940F04000A07176
:1075E00000BF019840440190A0684044A060DBF8CF
:1075F00000004044CBF80000A5EB0805002D7FF407
:107600003DAF00BFD4E90201884201D9A068E06023
:10761000A07940F02000A07100201BE710B50E48B3
:10762000807E012816D10C4890F82D0090B90020DA
:10763000094988760846407E20B1002048760748F0
:10764000FEF788FFFBF71AF801200349C877C876D0
:107650000020086210BD0000FC02002084230020EE
:1076600010B57A488068C0F34130794908700846FF
:1076700000787849097880EA0104002C43D001237E
:1076800000223DE004EA0300984231D171480078BD
:107690001840984216D1704830F81200401C80B251
:1076A0006D4921F81200022826DB6A48007858400C
:1076B000684908700120694988540020664921F80A
:1076C000120019E0644830F81200401C80B2624990
:1076D00021F8120015280FDB5E48007858405D49FC
:1076E000087000205D4988545B4921F8120003E0CE
:1076F0000020594921F812005806030E501CC2B24E
:10770000022ABFDB03E00020534908804880534829
:107710000078012828D15148407828BB504800788B
:1077200001281DD04F480078401CC0B24D49087058
:10773000032815DD0020087001204B4908804849C6
:1077400008704A48007818B100204849087002E0E3
:1077500000204749087000204649087001F0ECFD00
:1077600000204549088070E03C480078C0BB3B4899
:107770004078012835D13A480078022818D0394895
:107780000078401CC0B237490870032824DD00206F
:107790000870012034490880022031490870012016
:1077A0003649087000203649087001F0C5FD13E025
:1077B0003248007801280FD13148007801280BD1D8
:1077C00000202E4908702E490870012027490870B2
:1077D0002749087001F0B0FD00202749088034E0F7
:1077E000FFE71E48007880BB1C48407868BB2248F1
:1077F0000088401C80B220490880B0F5967F24DDC7
:1078000017480078022802D101201D4908701A4843
:107810000088B0F5487F18DD00201749088011491D
:1078200008700120104908800D4908700F48007841
:1078300018B100200D49087002E000200C490870C2
:1078400000200C49087001F077FD10BD00100140C8
:107850009302002092020020960200209002002055
:107860008F0200209E0200209A0200208B0200203E
:107870008C0200208A0200209C0200209F0200202F
:10788000A00200202DE9F74F88B000210898016080
:10789000099800F083FB07900798002803DA0B2073
:1078A0000BB0BDE8F08FD549079851F820400CB9CE
:1078B0000C20F5E708980460207878B16078FEF72E
:1078C0005CFD804608F0010040B90A9820B108F03C
:1078D000040008B10A20E3E70020E1E7002020705F
:1078E000079860706078FEF70FFD804608F0010091
:1078F00008B10320D4E70A9820B108F0040008B1C9
:107900000A20CDE7002739462046FEF769F90546EB
:10791000012D01D06DBB2CE0002614E004F5F771B9
:1079200001EB0610017951B1C17A0A06817A42EA67
:107930000142417A42EA0121027A114300E000212A
:107940004DF82610761C042EE8D3002606B1761ECC
:1079500000BF5DF8267027B139462046FEF740F992
:1079600000E0022005461DB1701C06460428F0D335
:1079700000BF032D01D1012092E70DB10D208FE74B
:107980003B20015D94F83C0041EA0020B0F5805FA7
:1079900001D00D2084E74620015D94F8470041EABC
:1079A0000029B9F1000F0ED194F85700010694F8A0
:1079B000560041EA004194F8550041EA002094F84D
:1079C000541040EA0109C4F818904020005DE070AE
:1079D000E078012804D0E078022801D00D205FE78C
:1079E000E07809FB00F93D20005DA070A07818B197
:1079F000A078411E084008B10D2051E74120015DEB
:107A000094F8420041EA00202081207A00F07F00B3
:107A100008B10D2044E74320015D94F8440041EA99
:107A2000002BBBF1000F0ED194F85300010694F81F
:107A3000520041EA004194F8510041EA002094F8D4
:107A4000501040EA010B3E20015D94F83F0041EAEE
:107A500000200490049808B90D2021E704984844B8
:107A6000218900EBD11006900698834501D20D20A4
:107A700016E70698ABEB0000A178B0FBF1FABAF17B
:107A8000000F01D10D200BE7012540F6F67082456D
:107A900000D302254FF6F670824500D303250AF184
:107AA00002006061E7610498384420620698384417
:107AB000A062032D16D1208908B10D20F0E694F8BC
:107AC0005F00010694F85E0041EA004194F85D0011
:107AD00041EA002094F85C1008436062606980000D
:107AE000059014E0208908B90D20D9E6206A4844A1
:107AF0006062022D02D16069400007E0207D00F045
:107B00000100616901EB410100EB51000590A169A1
:107B1000059800F6FF70B1EB103F01D20D20BFE6D3
:107B20004FF0FF302061E06080206071032D5AD15A
:107B300094F8601094F8610041EA0020012852D1C5
:107B4000791C204600F0EAFBE8BB0020607194F845
:107B50002E1294F82F0241EA00204AF6552188425D
:107B600041D13320005D01063220005D41EA004131
:107B70003120005D41EA002094F83010084320498C
:107B8000884230D194F81702010694F8160241EAAF
:107B9000004194F8150241EA002094F814120843B9
:107BA000184988421FD194F81B02010694F81A0262
:107BB00041EA004194F8190241EA002094F81812B1
:107BC0000843206100E00EE094F81F02010694F8DB
:107BD0001E0241EA004194F81D0241EA002094F897
:107BE0001C120843E060257007480088401C80B2E2
:107BF00005490880E080002052E600008002002055
:107C00005252614172724161880200202DE9F341B4
:107C10000446019800782F2803D0019800785C284A
:107C200002D10198401C01900020A06001980078CA
:107C3000202807D200212046FEF717FB054600202A
:107C4000606128E000BF01A92046FEF761F9054602
:107C500005B11FE02046FEF735FA0546A069C67A51
:107C60003DB1042D04D100BF06F0040000B9052584
:107C700010E006F0040000B10CE06769F87A00F04B
:107C8000100008B9052505E03946206800F0ABF979
:107C9000A060D8E700BF2846BDE8FC8170B5044667
:107CA0000D46E0B2FCF7D2FE204670BD3EB504465C
:107CB0000D48006800900C48001D006801900A48BB
:107CC000083000680290029820700298000A6070E4
:107CD0000298000CA0700298000EE07003A09DE8CE
:107CE0000E00FDF721FB3EBDE8F7FF1F2530387879
:107CF00020253038782025303878200A0D00000003
:107D000010B51548006800F0010008B9042010BD46
:107D100000210AE01148806800F00F02934202D16E
:107D2000481C81B201E0134600210529F2DB002442
:107D3000012200210AE003EA020008B90C4607E02C
:107D40004FF6FF7000EA4202481C81B20429F2DBC0
:107D500000BF2046DBE7000008080140001001409A
:107D60002DE9F04105460C46022C02D36869A04279
:107D700002D80120BDE8F0812878012804D002282B
:107D80002CD003285AD13DE0274607EB5707286A35
:107D900000EB1731284600F0C1FA00B150E0C7F3FC
:107DA0000B0105F1300010F801807F1C286A00EB00
:107DB0001731284600F0B2FA00B141E0C7F30B01D9
:107DC00005F13000405C48EA002804F0010010B1E1
:107DD0004FEA1810CEE7C8F30B00CBE7286A00EB98
:107DE000D421284600F09AFA00B129E040F6FF704D
:107DF00000EA440105F130000E183078717840EA4D
:107E00000120B7E7286A00EB9421284600F086FAA3
:107E100000B115E040F6FF7000EA840105F1300082
:107E20000E18F0780006B17840EA0140717840EA17
:107E300001203178084320F070409BE7012099E74A
:107E400000BF4FF0FF3095E72D480068407900F003
:107E50000F002B4909684979091101EB810100EBF9
:107E600041001430400626490968097901F00F01E4
:107E7000234A12681279121102EB820201EB4201CD
:107E800040EA41511E480068C07800F00F001C4ACB
:107E90001268D278121102EB820200EB420041EA32
:107EA000004017490968897801F00F01144A1268E7
:107EB0009278121102EB820201EB420140EAC121E9
:107EC0000F480068407800F00F000D4A12685278A1
:107ED000121102EB820200EB420041EA4011084815
:107EE0000068007800F00F00054A1268127812113D
:107EF00002EB820200EB420041EA500070470000B2
:107F0000C402002040B91A491AA213680B60938872
:107F10008B8092798A712AE0012808D1144917A22E
:107F200013680B6093888B8092798A711FE0022816
:107F300008D10F4A13A10B6813608B88938089794D
:107F4000917114E0032808D1094A10A10B6813604D
:107F50008B8893808979917109E0042807D10449BD
:107F60000CA213680B6093888B8092798A7170479A
:107F7000FC0200203030312E4D5033003030322E94
:107F80004D5033003030332E4D5033003030342ECE
:107F90004D5033003030352E4D50330070B5024611
:107FA0004FF0FF301568E5B1116800E0491C0D780D
:107FB000212D02D30D783A2DF8D10D783A2D0FD11D
:107FC000146814F8015BA5F130030A2B07D28C4228
:107FD00005D1022B03D218464D1C2946156070BDF1
:107FE000002000BFFBE710B502468C7ECB7E44EA42
:107FF00003201378032B05D10C7D4B7D44EA03232A
:1080000040EA034010BD0000F9F724FB012806D028
:10801000F9F78CFB0120F9F733FBF9F727FBFCF7A5
:108020003FFAFDF709FC00F0CFFFFDF7B1FDF8F7CF
:108030001DFAFDF777FCFDF7E3FCFDF77FFDFCF78C
:10804000A5FDFDF72DFD00F083F900F0B6FFF8F770
:108050009DFEF8F7D7FDFCF7D1FDFCF71BFE40F6BF
:10806000B830FDF7B5FC18E18C48007800287DD0C9
:1080700000208A490870FDF7ABFB01F0E5F9FFF736
:10808000EFFA87480078401CC0B2854908700A287A
:1080900020DB0020087000F0B9FD00F03DFEFEF787
:1080A00091F9804890F82C00A0B17E4890F82C00FF
:1080B000401EC0B27B4981F82C00002805DD4FF43A
:1080C00000717948F9F7E0FC04E04FF4007176485C
:1080D000F9F7D8FC7348407FA8B100207149487770
:1080E0007248FBF721FA24220C217048C01DFCF7CE
:1080F000B9FEFAF719FF10B16D48F9F73DFF0120FD
:10810000684988778876F8F77DFD6A48008888B1E5
:108110000020684908806348407E58B90D216148B5
:10812000F8F73BF85F4991F82800FFF7EBFE0120D4
:108130005C498876FFF772FA5F480088401C80B27D
:108140005D490880B0F57A7F71DB002008805548D2
:1081500090F82A0059494978884206D05748407813
:10816000504981F82A0001F0E7F800E093E0544814
:10817000006800F0020058B94A4890F82900042825
:1081800022D00420474981F8290001F0D5F81BE0EE
:108190004B48006800F0040058B9424890F82900A4
:1081A000022811D002203F4981F8290001F0C4F8CB
:1081B0000AE03C4890F82900012805D001203949FF
:1081C00081F8290001F0B8F8FFF79AFD354991F8D8
:1081D0002810884210D0FFF793FD324981F828001B
:1081E0000D213048F7F7D9FF2E4991F82800FFF705
:1081F00089FE01202B4988763248C06968B1314830
:10820000C069401C2F49C861052806D30020C861F9
:10821000244981F82D0001208876F9F783FD224852
:108220000C30006880F008001F490C3108601D48C0
:10823000006A58B3F8F792F91A48006AB0F5167F49
:1082400005D14FF480511E480838F9F71BFC15483A
:10825000006A401C13490862496A884219D31148D0
:10826000406A98B100200F490862FCF75FFC0D4896
:10827000C07E58B14FF4805111480838F9F704FC1A
:108280000848407E18B101200649C87701E0FAF796
:10829000F5F9FBF785FDFAF747FAE5E6000000205F
:1082A00001000020FC020020000C0140AC33002043
:1082B0001C3400209A020020040000201C850020AD
:1082C00008080140DC020020F0B503461C460D46BC
:1082D000002000BF161EA2F1010207D014F8017B96
:1082E00015F801CBA7EB0C06301EF3D0F0BD70B52E
:1082F00003460C4603E014F8015B03F8015B151E0E
:10830000A2F10102F7D170BD30B5034601E003F8D8
:10831000011B141EA2F10102F9D130BD70B5044653
:108320000D46E06AA84210D0204600F005FE08B1D4
:10833000012070BD607801232A4604F13001FEF768
:108340000BF808B10120F4E7E5620020F1E7000036
:1083500010B500201B49C8770862487448768876B3
:108360000120C8760020087781F82800012088774E
:1083700040F6B830486200204877487312480068D9
:1083800000F0020018B9042081F829000DE00E4821
:10839000006800F0040020B902200A4981F8290091
:1083A00003E00120074981F829000020054981F8F0
:1083B0002A0081F82B0081F82C0081F82D0000F0B4
:1083C000BBFF10BDFC020020080801402DE9F0476A
:1083D00005460E461746022E02D36869B04202D8FF
:1083E0004FF002088AE02878012804D0022841D002
:1083F00003287DD154E0B14609EB5909286A00EB06
:1084000019312846FFF78AFF8046B8F1000F00D0E7
:1084100071E0C9F30B0105F130000C1806F0010002
:1084200020B1F9B2207861F31F1000E038462070C7
:1084300009F1010901202871286A00EB1931284649
:10844000FFF76CFF8046B8F1000F00D053E0C9F38E
:108450000B0105F130000C1806F0010010B1C7F354
:10846000071005E0207800F0F000C7F3032108436F
:10847000207040E0286A00EBD6212846FFF74EFF27
:108480008046B8F1000F00D035E040F6FF7000EAFA
:10849000460105F130000C182770380A60702AE098
:1084A000286A00EB96212846FFF738FF8046B8F18E
:1084B000000F00D01FE040F6FF7000EA860105F1D2
:1084C00030000C18E0780006A17840EA014061789D
:1084D00040EA01202178084300F0704007432770EC
:1084E000380A6070380CA070380EE07003E0FFE7C7
:1084F0004FF0020800BF00BF012028714046BDE8D0
:10850000F0872DE9F04104460E46022E02D3606941
:10851000B04201D8022727E0002721E0314620465B
:10852000FFF71EFC054605B91DE0012D01D102270C
:1085300019E0681C08B9012715E0002231462046E1
:10854000FFF744FF074607B10DE02069401C30B13A
:108550002069401C2061607940F0010060712E4666
:108560006069B042DAD800BF3846BDE8F08100004B
:108570002DE9F05F07460D46164616B90120BDE805
:10858000F09F3E484069A84201D80020F7E73B48E9
:10859000008BB04201DA0020F1E732462946384824
:1085A00000F036F9324639463548F7F70FFE08B97C
:1085B0000120E4E74FF0000A32463946304800F027
:1085C000CFF808B14FF0010A2C48008B401E25EA75
:1085D00000082A48008BB0420BD1002404E0385D2B
:1085E00027490855601C84B22448008BA042F6DC61
:1085F00010E02248028B4146214800F009F91F484B
:10860000008B401E284084B21D4908193246394665
:10861000F7F7AAFD4FF0000B00242AE0BAF1010F92
:1086200002D1404600F07EF81448028B41461448BF
:1086300000F0AAF832463946284600F023F810B96F
:108640004FF0010B17E032463946284600F01AF881
:1086500010B94FF0010B0EE04FF0000903E009F1F3
:1086600001001FFA80F942F210708145F7DB601CAF
:1086700084B2032CD2DB00BF584680E7608700201D
:108680007C8700202DE9F04104460E46154660190E
:1086900019494969884202D90120BDE8F0810DB924
:1086A0000020FAE71020154908600320FBF76CFC56
:1086B000C4F30740FBF768FCC4F30720FBF764FC36
:1086C000E0B2FBF761FC0DE0A520FBF75DFC07467F
:1086D00016F8011BB94205D010200849091F08608F
:1086E0000120DAE7281EA5F10105EDD1102003498C
:1086F000091F08600020D0E76087002014080140AF
:1087000010B500F03BFA102005490860C720FBF7C0
:108710003BFC10200249091F086000F05FF910BD02
:108720001408014010B5044600F028FA10200B4947
:1087300008602020FBF728FCC4F30740FBF724FC6B
:10874000C4F30720FBF720FCE0B2FBF71DFC102070
:108750000249091F086000F041F910BD14080140EA
:1087600070B5034600240BE013F8015BE843C5B283
:1087700011F8010B284008B1012070BD601C84B2C3
:108780009442F1DB0020F8E72DE9F04106460C4663
:1087900015464FF0000825E000F0F0F910201B49C5
:1087A00008600220FBF7F0FBC4F30740FBF7ECFB8B
:1087B000C4F30720FBF7E8FBE0B2FBF7E5FB00277B
:1087C00004E016F8010BFBF7DFFB7F1CFF2FF8D945
:1087D00010200E49091F086000F000F904F58074AC
:1087E00008F10108E91705EB1161B8EB212FD3D38C
:1087F0001020064908600420FBF7C6FB102003493F
:10880000091F086000F0EAF8BDE8F0811408014093
:1088100070B506460C46154625B1601912494969DE
:10882000884200D970BD1020104908600320FBF772
:10883000ABFBC4F30740FBF7A7FBC4F30720FBF730
:10884000A3FBE0B2FBF7A0FB04E0A520FBF79CFB39
:1088500006F8010B281EA5F10105F6D110200349E9
:10886000091F086000BFDDE7608700201408014091
:108870002DE9F04110200E4908609F20FBF784FB92
:10888000A520FBF781FB0546A520FBF77DFB0646EF
:10889000A520FBF779FB074610200549091F086052
:1088A000280440EA062040EA07042046BDE8F0819B
:1088B0001408014010B5FFF7DBFF31490860084696
:1088C0000068304A811A904234D007DC2E490844AF
:1088D00060B12E490844002844D113E0032935D063
:1088E0006FF44050084400283CD117E028A12448E8
:1088F000001DF7F778FC4FF4001021494861401241
:1089000008833BE025A11E48001DF7F76CFC4FF4DF
:1089100000101B494861401208832FE022A118482B
:10892000001DF7F760FC4FF4800015494861801284
:10893000088323E01FA11248001DF7F754FC4FF4F1
:1089400000100F4948614012088317E01CA10C4831
:10895000001DF7F748FC4FF080700949486100138B
:1089600008830BE019A10648001DF7F73CFC4FF403
:108970000010034948614012088300BF00BF10BDCA
:10898000608700201540EF00BFDA40FF2C05FDFF97
:108990005353543235564630313642004D583235F5
:1089A0004C313630364500005732355133324A5655
:1089B00000000000573235513136445600000000A7
:1089C000573235513132384456000000556E6B6EC7
:1089D0006F7720466C6173680000000010B51020AE
:1089E000084908600520FBF7CFFA00BFA520FBF778
:1089F000CBFA00F001000028F8D110200149091F2E
:108A0000086010BD140801402DE9F05F07460D46CF
:108A100016464FF00008C146C2460024A3465648F9
:108A2000008BB5FBF0F100FB11501FFA80FA5248A1
:108A3000008BA0EB0A0084B24F48008B96FBF0F04D
:108A40001FFA80F84C48008B96FBF0F100FB116098
:108A50001FFA80F9BAF1000F2AD1B8F1000F08D13E
:108A6000324629463846FFF783FD00287ED1BDE80F
:108A7000F09F0EE04048028B29463846FFF778FD0C
:108A800008B90020F3E73C48008B05443A48008BC6
:108A90000744B8F10000A8F101011FFA81F8E9D1FB
:108AA0004A4629463846FFF763FD002861D1DEE7D4
:108AB000B8F1000F1FD1A14515DDA9EB04001FFA85
:108AC00080FB224629463846FFF752FD08B90020B0
:108AD000CDE7254427445A4629463846FFF748FD46
:108AE000002846D1C3E7324629463846FFF740FD05
:108AF000E0BB0020BBE7301B86B21F48008B96FB13
:108B0000F0F01FFA80F81C48008B96FBF0F100FB98
:108B100011601FFA80F9224629463846FFF728FDE2
:108B200008B90020A3E7254427440EE01248028B31
:108B300029463846FFF71CFD08B9002097E70E4884
:108B4000008B05440C48008B0744B8F10000A8F1E5
:108B500001011FFA81F8E9D1B9F1000F09D04A46A5
:108B600029463846FFF704FD00B900E001E0002087
:108B70007DE701207BE700006087002010B5102012
:108B8000044908600620FBF7FFF910200149091F7E
:108B9000086010BD1408014010B504461448006870
:108BA0001449884216D11020134908605020FBF761
:108BB000EBF910201049091F0860091D0860012009
:108BC000FBF7E2F92046FBF7DFF910200A49091FFD
:108BD00008600CE01020084908600120FBF7D4F978
:108BE0002046FBF7D1F910200349091F086010BD8A
:108BF000608700204125BF001408014081760B0AE0
:108C0000C3760A0C02750B0E4375704730B501230D
:108C10003B48007800F003003949087008460078A6
:108C20003849097880EA0105002D43D000223EE052
:108C300005EA0300984233D13348805C401C324936
:108C4000885430480078184098420BD10846805C20
:108C50000A2828DB002088542A48007858402949EF
:108C6000087020E0032020EA030426480078204012
:108C7000A0420CD12448805C4B2814DB0020224900
:108C800088542048007858401E4908700BE00020A6
:108C90001D4988541B48007858401A49087002E062
:108CA0000020194988545806030E501CC2B2022AEB
:108CB000BEDB03E00020144908704870134890F8A8
:108CC0002A00D8B11248006800F4807098B11148A9
:108CD0000078401CC0B20F4908700A280EDD002041
:108CE00008700120094981F82B00642081F82C00CC
:108CF00000F022FB02E000200649087030BD0000B1
:108D00009202002094020020A4020020FC02002015
:108D1000080C0140B802002010B54C4B1B7803F042
:108D200003034A4C2370012100208BE003238B4373
:108D3000464C2478A34242D1454B1B780B406BBB79
:108D4000434B1B780B43424C23700023414C24F8C7
:108D50001030414B1B780B408B4261D13F4B33F8B5
:108D600010304EF66024A34204DB00233C4C24F870
:108D7000103055E0394B33F810301233642493FB34
:108D8000F4F3374C24F8103010B90023354C23701D
:108D9000012845D10023344C237041E02D4B33F89A
:108DA00010305B1C9BB22B4C24F810304EF6602424
:108DB000A34235DB2346274C24F8103030E0244B07
:108DC0001B780B408B422BD1214B1B788B43204CC3
:108DD0002370224B33F810301E4C34F81040A3425D
:108DE00007DB1E4B33F810301A4C34F810401A1BB6
:108DF00006E0184B33F81030184C34F810401A1BAA
:108E00001A4B1B780B408B420AD1124B33F81030AF
:108E1000124C24F81030104B1B780B430E4C23706F
:108E20000A4B1B780B408B4208D1084B1B78032B55
:108E300004D00E4B1B780B430C4C23704B06190EC1
:108E4000431CD8B20228FFF671AF10BD9402002077
:108E5000A1020020A6020020A2020020AA020020F7
:108E6000B2020020AF020020B0020020A3020020C6
:108E700070B50446204600F05FF80546002D59D134
:108E8000207803284FD1607901284CD102030021BA
:108E900004F13000FFF738FA552184F82E12AA2188
:108EA00084F82F12522084F83000522131200155CD
:108EB000612132200155412133200155722184F86E
:108EC000141284F81512412184F81612612184F8D5
:108ED0001712217C84F81812208A010A84F81912CA
:108EE0002069010C84F81A122069010E84F81B1203
:108EF000217B84F81C12A089010A84F81D12E06805
:108F0000010C84F81E12E068010E84F81F12E0695B
:108F1000401CE0626078012304F13001E26AFDF751
:108F200033FA00206071607800221146FDF7F7F9EE
:108F300000B10125284670BD70B504462079F8B10E
:108F4000E56A607801232A4604F13001FDF71CFA36
:108F500008B1012070BD00202071206A281AA16983
:108F600088420DD2E67809E0A069054460780123C3
:108F70002A4604F13001FDF707FA761E022EF3D2DD
:108F80000020E7E770B505462C464CB1206838B1A3
:108F90002068007820B12068C088A188884201D06C
:108FA000092070BD21684878FDF7E7F900F001005D
:108FB00008B10320F5E70020F3E710B5FBF788FDC3
:108FC00000F054F810BD000008B501211D20F9F78C
:108FD000CDFD4FF48070ADF8000003208DF8020045
:108FE00004208DF8030069461948F8F777FC8020C3
:108FF000ADF8000003208DF8020010208DF803006A
:1090000069461448F8F76AFC4020ADF800000320D8
:109010008DF8020010208DF8030069460D48F8F71E
:109020005DFC0420ADF8000003208DF80200102044
:109030008DF8030069460848F8F750FC04200649FB
:10904000103108604020034908618020086108BD94
:109050000008014000100140000C0140402002497E
:1090600008618020486170470010014070B5012000
:1090700000F04CF80546C5F30315082D13D2DFE8C0
:1090800005F00406080A0C0E12100BA40DE00CA447
:109090000BE00DA409E00EA407E00FA405E010A466
:1090A00003E011A401E012A400BF00BF214612A0FA
:1090B000FCF73AF9E8B270BD565331303031000058
:1090C00056533130313100005653313030320000C8
:1090D00056533130303300005653313035330000B1
:1090E00056533130333300005653313130330000A2
:1090F000756E6B6E6F770000BDE2C2EBD0BEC6AC82
:10910000D0CDBAC5203A2025730D0A0070B50546AA
:1091100000F0CAF808B1002070BD002000F020F86F
:109120000320FAF74DFF2846FAF74AFFFF20FAF727
:1091300047FF0402FF20FAF743FF204484B20120D6
:1091400000F00EF82046E7E70448006800F480705D
:1091500008B9002070470120FCE700000808014022
:1091600018B94021034A516102E04021014A1161CE
:10917000704700000010014018B98021034A516176
:1091800002E08021014A1161704700000010014097
:1091900010B504460CB9FE2406E0FF2C01D10024D2
:1091A00002E0C4F1FE00C4B244EA04210B2000F046
:1091B00093F810BD70B5002500BF09E0681CC0B26F
:1091C0000546052803DA0120F8F740F900E006E03B
:1091D0002A480068012121EA10200028EED000BFB3
:1091E0004AF6AD31082000F077F845F2AA5109207F
:1091F00000F072F80820FFF789FF06460920FFF704
:1092000085FF04464AF6AD30864203D145F2AA50A6
:10921000844205D01AA0FCF787F8FBF759FCCCE78D
:109220000020FAF7CDFE002512E040F604010020F0
:1092300000F052F800BF11480068012121EA102017
:109240000028F8D02846691CCDB2052800DD06E0CC
:109250000020FFF75BFF40F604018842E5D100BF24
:109260004FF44041032000F037F800BF0348006886
:10927000012121EA10200028F8D070BD0808014023
:10928000546865726520697320736F6D65746869D1
:109290006E672077726F6E67207769746820565307
:1092A000313078780A000000002106E008480068A4
:1092B00000F4807000B103E0491C06488142F5D3F8
:1092C00000BF0448814201D3012070470020FCE721
:1092D0000808014000093D0070B505460C46FFF73F
:1092E000E3FF00B170BD0020FFF73AFF0220FAF75C
:1092F00067FE2846FAF764FE2012FAF761FEE0B234
:10930000FAF75EFE0120FFF72BFF00BFEAE770B51A
:1093100004460D460020FFF72FFF03E014F8010B71
:10932000FAF74EFE281EA5F10101CDB2F6D10120BB
:10933000FFF722FF70BD00003E4890F82A00002889
:1093400052D13C4890F82900022804D0394890F8BE
:109350002900042829D138480078012804D16FF069
:109360000F003449486264E033480078022860D135
:109370003248007860B13248007820B14FF4C870AC
:109380002C49486255E04FF47A702A49486250E00F
:109390002C48007820B14FF4C8702649486248E054
:1093A0004FF47A702349486243E0224890F829003C
:1093B00001283ED120480078012804D140F6B83079
:1093C0001C49486235E01C480078022831D11C480D
:1093D000007820B14FF4C8701649486229E04FF474
:1093E0007A701449486224E013480078012804D1B7
:1093F0006FF00F000F4948621BE00F480078022809
:1094000017D10C4890F82B0078B10D48007820B1A6
:109410006FF00F00074948620BE04FF47A7005497E
:109420004862002081F82B0003E06FF00F00014933
:1094300048627047FC0200208F0200208C0200204E
:109440008B0200208A02002017480068012121EACF
:1094500010101649087008464078097888421ED0D6
:109460001248007868B11148C078401CC0B20F495A
:10947000C870022816DB0846007848700020C870C3
:1094800010E00A48C078401CC0B20849C8701528CE
:1094900008DB0846007848700020C87002E0002011
:1094A0000249C87070470000080C01401C8500206C
:1094B0003030302E3030312E3030322E3030332EAE
:1094C0003030342E3030352E3030362E3030372E8E
:1094D0003030382E3030392E3031302E3031312E80
:1094E0003031322E3031332E3031362E3031352E70
:1094F0003031362E3031372E3031382E3031392E52
:109500003032302E3032312E3032322E3032332E55
:10951000C0A801ACC0A80101FFFFFF000000E709DF
:1095200000E71300E71600E72100E72359E70000F2
:10953000E70900E71300E71600E72100E72359E7F2
:1095400012010002000000408304205700020102C3
:10955000030109022000010100C0320904000002D9
:10956000080650040705810240000007050202407A
:109570000000040309042603530054004D00690051
:10958000630072006F0065006C006500630074008A
:1095900072006F006E0069006300730026035300C1
:1095A00054004D003300320020004D006100730074
:1095B00073002000530074006F00720061006700A8
:1095C000650010035300540020004D00610073003B
:1095D0007300000400020001800040002000100021
:1095E000080004000200000000800040002000107D
:1095F00000080040002000100008000400020000E5
:1096000046525F544F4F5F4D414E595F4F50454E4C
:109610005F46494C4553A3BAB5B1C7B0B4F2BFAA2F
:10962000B5C4CEC4BCFECAFDB4F3D3DA5F46535F03
:10963000534841524500000046525F575249544535
:109640005F50524F544543544544A3BACEEFC0ED4A
:10965000C7FDB6AFB1BBD0B4B1A3BBA4000000003E
:1096600046525F4F4BA3BAB3C9B9A60046525F49F1
:109670004E56414C49445F4452495645A3BAC2DF55
:10968000BCADC7FDB6AFBAC5CEDED0A700000000A6
:1096900046525F494E56414C49445F4F424A45430A
:1096A00054A3BACEC4BCFEBBF2D5DFC4BFC2BCB6A5
:1096B000D4CFF3CEDED0A70046525F494E56414C80
:1096C00049445F504152414D45544552A3BAB2CE30
:1096D000CAFDCEDED0A7000046525F4D4B46535F19
:1096E00041424F52544544A3BAD3C9D3DAB2CECA89
:1096F000FDB4EDCEF3665F6D6B66732829B1BBD602
:10970000D5D6B90046525F54494D454F5554A3BA7A
:10971000D4DAB9E6B6A8B5C4CAB1BCE4C4DACEDEC0
:10972000B7A8BBF1B5C3B7C3CECABEEDB5C4D0EDC3
:10973000BFC9000046525F4558495354A3BACEC42E
:10974000BCFED2D1BEADB4E6D4DA000046525F4EC4
:109750004F5F50415448A3BAC2B7BEB6B2BBB4E6DD
:10976000D4DA000046525F4E4F5F46494C45A3BADB
:10977000CEC4BCFEB2BBB4E6D4DA000046525F49A8
:109780004E545F455252A3BAB6CFD1D4CAA7B0DC6B
:109790000000000046525F4E4F5F46494C4553590A
:1097A0005354454DA3BAC3BBD3D0D3D0D0A7B5C46F
:1097B000464154BEED00000046525F4449534B5FA2
:1097C000455252A3BAB5D7B2E3D3B2BCFEB4EDCE84
:1097D000F300000046525F4E4F545F5245414459DA
:1097E000A3BACEEFC0EDC7FDB6AFC3BBD3D0B9A40B
:1097F000D7F7000046525F44454E494544A3BAD3CB
:10980000C9D3DABDFBD6B9B7C3CECABBF2D5DFC464
:10981000BFC2BCD2D1C2FAB7C3CECAB1BBBEDCBED6
:10982000F800000046525F4C4F434B4544A3BAD367
:10983000C9D3DACEC4BCFEB9B2CFEDB2DFC2D4B266
:10984000D9D7F7B1BBBEDCBEF800000046525F4E70
:109850004F545F454E41424C4544A3BABEEDD6D06D
:10986000CEDEB9A4D7F7C7F80000000046525F4E1D
:109870004F545F454E4F5547485F434F5245A3BA3B
:10988000CEDEB7A8B7D6C5E4B3A4CEC4BCFEC3FB36
:10989000B9A4D7F7C7F8000046525F494E56414C6D
:1098A00049445F4E414D45A3BACEDED0A7CEC4BCDD
:1098B000FEC3FB00D498000800000020DC0200007A
:1098C000BE020008049A0008DC02002064A900001F
:1098D0005853000841D4E803011360961408B89760
:1098E0001B087C041AD4041A64041A4C04139898B4
:1098F0001B08F4081A34041A90241A38041A6C0449
:109900001A4C181A94141AD80C1A04081A24101A8B
:109910006C041129481904100B2F7379732F302E02
:109920006D7033390B1E312E7761760B1D6F756E9E
:10993000640D4918390DAA320DAA330D3A340D3190
:1099400084A24A04680901020304060708090C6995
:1099500010053A0204060835800202202D574C48B3
:109960002001180E53504920466C61736844697396
:109970006B1046312E3020036206627002150A39E0
:1099800087021002141A03531254124D123312326A
:109990001231021130132D150C18082F24040A154A
:1099A000352023030113312214083D211B082D0803
:1099B0001A2F041319201B08E1041AC9041A8D0474
:1099C0001A79041AA1044132402938CB7923482A54
:1099D000593C590C1AA91C1340953308121A520805
:1099E00032201A720832041A760832265A9C08135A
:1099F000740133201A1AC21072101993012F0447F0
:049A00000303030059
:0400000508000131BD
:00000001FF
