:020000040800F2
:1000000098BD00204501000895320008A12800088D
:100010001D320008990C0008ED6000080000000087
:10002000000000000000000000000000A14A0008DD
:10003000311D000800000000E1340008295A0008C2
:100040005F0100085F0100085F0100085F01000810
:100050005F0100085F0100085F010008D51F00086C
:100060005F0100085F0100085F0100085F010008F0
:100070005F0100085F0100085F0100085F010008E0
:100080005F0100085F0100085F0100084D5D000886
:10009000A55D00085F0100085F010008112000084D
:1000A0005F0100085F0100085F0100085F010008B0
:1000B0005F0100085F0100085F0100085F010008A0
:1000C0005F0100085F0100085F0100085F01000890
:1000D0005F010008555B00085D5B00085F010008D8
:1000E0009D1F00085F0100085F0100085F01000814
:1000F0005F0100085F0100085F0100085F01000860
:100100005F0100085F0100085F0100085F0100084F
:100110005F0100085F0100085F0100085F0100083F
:100120005F0100085F0100085F0100085F0100082F
:10013000DFF80CD000F028FA00480047199A0008B0
:1001400098BD00200648804706480047FEE7FEE7C6
:10015000FEE7FEE7FEE7FEE7FEE7FEE7FEE7FEE777
:10016000A55A00083101000840EA01039B0703D0AB
:1001700009E008C9121F08C0042AFAD203E011F8E6
:10018000013B00F8013B521EF9D27047D2B201E0A8
:1001900000F8012B491EFBD270470022F6E710B58C
:1001A00013460A4604461946FFF7F0FF204610BDE5
:1001B00030B505462A460B4612F8010B13F8014BE1
:1001C00008B1A042F8D01CB1002802D06D1CF1E7A4
:1001D000284630BD10B5002200E0521C835C8C5CC8
:1001E000A34201D1002BF8D1D8B2E1B2401A10BD20
:1001F00030B504460020034600E05B1C934203D266
:10020000E05CCD5C401BF8D030BD034611F8012BFB
:1002100000F8012B002AF9D11846704730B5054681
:100220000020034600E05B1C934205D2EC5CC85CF6
:10023000201A01D1002CF6D130BD00000FB400B55A
:100240008DB010A909900B9000914FF0FF300A90EB
:1002500000200C9005480690054807906A4609A8BA
:100260000F9900F063F90DB05DF814FB4905000823
:10027000670500082DE9FF5F1D464FF0FF3BD5E9FC
:10028000014691465F464FF00008A9697F1C01981E
:100290008847296A824688470028F6D1BAF1FF3F8D
:1002A0000CD024F4C064002E19DD600614D5BAF118
:1002B0002B0F09D0BAF12D0F0ED103E0584604B030
:1002C000BDE8F09F44F48064A9697F1C01988847C9
:1002D000761E8246002E02DDBAF1300F03D0B9F14E
:1002E000000F26D032E0A969761E44F400747F1C0A
:1002F000019888478246002E05DDBAF1780F06D0B6
:10030000BAF1580F03D0B9F1000F10D01EE0B9F1C7
:10031000000F02D0B9F1100F18D1A969761E24F48C
:1003200000747F1C019888478246102002E0082054
:1003300000E00A20814609E008FB0908A969761E49
:1003400044F400747F1C019888478246002E05DD26
:100350004946504600F0D5F80028EDDAE9690198E1
:100360008847A00502D46FF00100A8E7E00725D177
:10037000600613D5600502D5C8F1000000E04046D4
:1003800029680A1D2A600968220501D5087015E050
:10039000220701D5088011E008600FE02868011DE0
:1003A00029600068210502D580F8008006E0210759
:1003B00002D5A0F8008001E0C0F8008038467EE752
:1003C0002DE9FF5FD2E901A74FF000089169994636
:1003D0001446DDF838B0464601988847054659EA84
:1003E0000B0005D009E0A169761C019888470546F5
:1003F000216A284688470028F5D1681C03D05FEAA7
:10040000CA7005D015E04FF0FF3004B0BDE8F09F92
:100410002068011D2160D0F800800AE05FEACA7000
:1004200001D108F8015BA169761C7F1E01988847FD
:100430000546002F1ADD681C18D0B9F1000F0DD049
:10044000E81705EBD060421120F01F0059F8221088
:100450002A1A012090400142E0D107E0BBF1000FD1
:10046000DCD1216A284688470028D7D0E169019865
:100470008847BBF1000F07D1002E05DD5FEACA7087
:1004800002D1002188F80010A068B84203DDBBF15A
:10049000000F03D017B16FF00100B6E73046B4E7A4
:1004A0002DE9F05F0546002092469B4688460646A9
:1004B000814640241BE0284641464746224600F03C
:1004C00084F853465A46C01A914110D31146184633
:1004D000224600F06BF82D1A67EB01084F462246C2
:1004E0000120002100F062F817EB00094E41201EA8
:1004F000A4F10104DFDC484631462A464346BDE804
:10050000F09F3A2800D2303820F02002412A01D34F
:10051000A2F13700884201D34FF0FF30704700004E
:10052000026811441378016018467047D16004498D
:1005300051610449116200211161114600F05AB85D
:1005400021050008EB050008426842B1016811F876
:10055000013B23B1521EC0E9001218467047012129
:10056000C160881E704742685AB1C368016843B9C8
:1005700083688B4205D0491E521CC0E9001200203E
:1005800070474FF0FF307047064C074D06E0E068BB
:1005900040F0010394E8070098471034AC42F6D3CA
:1005A000FFF7CAFDC8B50008E8B50008202A04DB3B
:1005B000203A00FA02F1002070479140C2F1200376
:1005C00020FA03F3194390407047202A04DB203AB5
:1005D00021FA02F00021704721FA02F3D040C2F163
:1005E00020029140084319467047C0B24FF4F051C1
:1005F00000F096B92DE9F34F8BB04FF0000801F1F0
:100600000C000C464FF0010B46460DF1080A019014
:100610006269012101989047051E2DD0252D2CD00F
:10062000216A8847C0B16269012101989047216A17
:1006300088470028F7D1411E62690198904700E081
:10064000761CA1690B988847216A88470028F7D152
:10065000E1690B988847DBE7A1690B988847074653
:10066000A84201D1761CD3E7E1690B9888477F1C2B
:1006700002D1B8F1000F6FD046E1002762693D4614
:100680003946019890472A2804D1626901210198CE
:1006900090470125DFF88492626901210198904713
:1006A000A0F130010A290AD24F45E5DC07EB8701AA
:1006B00000EB4107303FDFD445F01005ECE7E906D9
:1006C00001D46FF000476C280AD04C2814D0682859
:1006D00015D06A280DD074281CD07A281AD01DE0B5
:1006E00062690121019890476C2802D045F0040509
:1006F00014E045F002050DE045F020050AE06269CE
:10070000012101989047682802D045F0080505E0CE
:1007100045F400656269012101989047C4E90157D9
:1007200065283DD019DC58287AD00CDC452837D014
:1007300004DC252826D0412831D131E046282FD0AD
:1007400047282CD12CE05B2877D0612828D063285B
:100750007CD0642823D15AE0D0E06F2848D008DC50
:1007600066281DD067281BD0692821D06E2816D195
:1007700027E0702845D0732868D0752847D078289E
:100780000DD14DE0A1690B988847054625283FF417
:1007900069AFE1690B9888476D1C3FF46AAFB3E01D
:1007A00023466A466FF001000B99AFF300809EE08C
:1007B00045F040006060A80723464FF0000236D4A1
:1007C0003EE0E8077FF447AF2068011D2160006824
:1007D000290501D506701BE7290701D5068017E713
:1007E000A90703D5F117C0E9006111E706600FE71B
:1007F00045F040006060A80723464FF0080216D479
:100800001EE040F60E0125EA0100606016E045F0AA
:1008100040006060A80723464FF00A0207D40FE0AB
:1008200045F040006060A80708D5234610226FF00D
:1008300001000B99AFF3008059E007E02346102236
:100840006FF001000B99FFF715FD50E04FF0000924
:100850004F464B46632802D05B2806D040E0E806AE
:1008600001D40120A06001273AE0626901210198CA
:1008700090475E2805D14FF0010962694946019809
:100880009047216939B900210A46534643F821208F
:10089000491C0829FADBB0B3216969B9C11700EB1B
:1008A000D16253110AEB830122F01F02821A012048
:1008B0000B68904003430B606269012101989047E7
:1008C0005D28E8D1B9F1000F09D00020514651F858
:1008D0002020D24341F82020401C0828F7DB02AB3F
:1008E000224600976FF001000B99FFF769FD002881
:1008F0000CDA401C08D1BBF1000F05D04FF0FF30DF
:100900000DB0BDE8F08FFFE74046F9E7E90701D1F8
:1009100008F1010806444FF0000B79E6CCCCCC0C72
:100920007F2801D9002208E0064A02EB5002C007E6
:10093000127800D1120902F00F0201209040084005
:1009400070470000F9B2000870B58C1810F8015B10
:1009500015F0070301D110F8013B2A1106D110F858
:10096000012B03E010F8016B01F8016B5B1EF9D15C
:100970002B0705D40023521E0DD401F8013BFAE7E2
:1009800010F8013BCB1A921C03E013F8015B01F84D
:10099000015B521EF9D5A142D8D3002070BD21B110
:1009A000826842F00102826003E0826822F0010264
:1009B0008260704700B585B00121480203F0BAF8A3
:1009C0000020009001208DF804008DF805004FF400
:1009D000602002900020039001208DF810006946ED
:1009E000144800F05BF8052301220921114800F0AA
:1009F00083F801210F4800F01FF801210D48FFF78F
:100A0000CEFF0C4800F0D4F800BF0A4800F03CF8D4
:100A10000028FAD1074800F0DBF800BF054800F0D5
:100A200029F80028FAD10121024800F0C6F805B0E3
:100A300000BD00000024014021B1826842F48072B0
:100A4000826003E0826822F4807282607047000056
:100A500008B50121082003F06DF80220ADF8000070
:100A600000208DF803006946014801F0D1FB08BD64
:100A7000000C0140014600208A6802F004020AB11D
:100A8000012000E000207047014600208A6802F043
:100A900008020AB1012000E00020704730B502468C
:100AA0000020002350680F4C20400D790C6844EA68
:100AB00005242043506090680B4C2040D1E902543B
:100AC0002C434D7944EA450420439060D06A20F4D9
:100AD00070000C7C641EE4B2234340EA0350D062F1
:100AE00030BD0000FFFEF0FFFDF7F1FF10B5FFF78E
:100AF000AFFFFFF75FFF10BDF0B504460D460020C5
:100B00000021092D11DDE068A5F10A0606EB460774
:100B1000072606FA07F18843A5F10A0606EB460602
:100B200003FA06F10843E0600CE0206905EB450795
:100B3000072606FA07F1884305EB450603FA06F196
:100B400008432061072A0FDA606B561E06EB860702
:100B50001F2606FA07F18843561E06EB860605FA9D
:100B600006F10843606322E00D2A0FDA206BD61FDE
:100B700006EB86071F2606FA07F18843D61F06EB09
:100B8000860605FA06F10843206310E0E06AA2F148
:100B90000D0606EB86071F2606FA07F18843A2F129
:100BA0000D0606EB860605FA06F10843E062F0BD85
:100BB000816841F008018160704721B1826842F488
:100BC000A002826003E0826822F4A0028260704783
:100BD000816841F00401816070470000F8B5074664
:100BE0000C4615466B462A462146024808F0F2F8A4
:100BF0000646F8BD7013002010B50A4890F87E0034
:100C000078B10848173003F083FC0120054948708B
:100C1000002081F87E0008468268416802A005F045
:100C200083FF10BD3085002073796E635F77697430
:100C3000685F6770732C205365636F6E6473203D2B
:100C40002025642C206770735F7365636F6E647317
:100C5000203D2025640A000010B5044624B1012C73
:100C600007D0022C15D10AE01021012004F040FA2F
:100C700010E04FF48051022004F0E2F90AE0102164
:100C8000012004F035FA4FF48051022004F0D8F925
:100C900000E000BF00BF10BD00BFFEE70146CAB2C2
:100CA0000B1243EA0220704710B5002404E0A74865
:100CB000005DA7490855641CA64800888442F6D305
:100CC000A3484068A4494860A14880688860A1485A
:100CD00000881F280FD00220FFF7BEFF00209C498C
:100CE0000860487B1A22052104F0C6FA0021012081
:100CF00004F0A4FA10BD9648C07B282803D094487D
:100D0000C07B2A2816D19248407C01069048807CFE
:100D100041EA00418E48C07C41EA00208C49097DAF
:100D200008438E4908608A48C17D807D41EA0020E1
:100D30008B490860864800688A4988426FD1844898
:100D4000407B89490968884207D88148807B01280F
:100D500003DB7F48807B10280DDD0220FFF77CFF3E
:100D60007B49487B2422052104F086FA00210120DA
:100D700004F064FAE8E07648C07B25285FD01BDCED
:100D800015286FD00EDC08286DD006DC00285BD05B
:100D9000032830D0042867D176E00A2873D01228BF
:100DA000F9D12DE01A380A285ED2DFE800F0392E9A
:100DB000B17D33B1B1B1B1438A286FD00EDC552873
:100DC00067D006DC282844D02A284ED02F28E2D12C
:100DD00054E05A2829D08828DDD176E0A8286DD0A3
:100DE00004DC8F286FD09E28D5D173E0AA287BD051
:100DF000AF28D0D182E05649487B03F011FD95E041
:100E00005349487B03F0F8FB90E05149487B03F0DD
:100E10001BFD8BE04E49487B03F016FD86E086E023
:100E20004B49487B03F032FC80E04949487B03F0A2
:100E300023FC7BE04649487B03F0B4FC76E0444960
:100E4000487B03F069FC71E04149487B03F004FDF5
:100E50006CE03F49487B42490A684049096803F011
:100E60001FFC63E01BE024E052E03949487B3C4929
:100E70000A683A49096803F02BFD57E03449487B7A
:100E800003F006FD52E02AE03149487B03F096FB6F
:100E90004CE02F49487B03F0CDFB47E029E02C498B
:100EA000487B03F0C7FB41E02949487B03F0C2FBC4
:100EB0003CE02749487B03F0BDFB37E02449487BF1
:100EC00003F0B8FB32E01EE00EE02149487B03F05E
:100ED000B1FB2BE01E49487B03F0ACFB26E01C492C
:100EE000487B03F0A7FB21E01949487B03F0A2FBF4
:100EF0001CE01749487B03F09DFB17E01449487B31
:100F000003F098FB12E01249487B03F093FB0DE0DD
:100F10000220FFF7A1FE0E49487B2022052104F0A4
:100F2000ABF90021012004F089F900BF0CE0022098
:100F3000FFF792FE0649487B2022052104F09CF928
:100F40000021012004F07AF900BFD3E6A484002038
:100F5000E484002082010020048500208401002018
:100F60008801002055534243FC00002010B50024A6
:100F700049E047F6FF70294908602948008800F0D9
:100F80000F002849087008460078274901EB8000C7
:100F9000D0F8000C84B204F40040C8B121480078B5
:100FA00001EB8000D0F8000CC0F30E0048F68F7102
:100FB00008401C4909781C4A02EB8101C1F8000C69
:100FC00018490978491E194A52F8210080471AE049
:100FD00004F08000B8B113480078134901EB800099
:100FE000D0F8000C48F60F7108400E4909780E4AF7
:100FF00002EB8101C1F8000C0A490978491E0C4A2C
:1010000052F8210080470548006880B204490880F2
:1010100000F400400028ACD110BD0000445C00404A
:10102000A80100207C02002000500040C8010020E0
:10103000AC01002008B50020009022E1974800880C
:1010400000F00F00964908700846007800287CD10F
:1010500094480068944908800846008800F03000F1
:10106000924908809048008800F440508E490880DA
:101070008C4909684BF6BF7201EA020080F4005007
:1010800080F0200040F4004141F08001854A116069
:101090008248008800F0100090BB1046006848F6B7
:1010A0000F7108401146086001F00AFD7D4909688A
:1010B0004BF6BF7201EA02007B49098801F48051B6
:1010C00009B180F480507849098801F4005109B1D0
:1010D00080F400507549098801F0100109B180F0D1
:1010E00010007249098801F0200109B180F0200048
:1010F00081B241F4004141F080016A4A116008BDAB
:10110000FFE76848006880B20090BDF8000000F476
:101110000060B0B363480068C0F30E0048F68F71FA
:1011200008406049086004F0ADF85E4909684BF674
:10113000BF7201EA02005C49098801F4805109B1DB
:1011400080F480505849098800E056E001F40051CD
:1011500009B180F400505549098801F0100109B126
:1011600080F010005149098801F0200109B180F098
:10117000200081B241F4004141F08001494A1160F0
:10118000BDE7FFE7BDF8000000F40040002878D07C
:1011900044480068C0F30E0048F68F71084041498A
:1011A000086002F061F93F4909684BF6BF7201EA35
:1011B00002003D49098801F4805109B180F4805052
:1011C0003949098801F4005109B180F400503749C8
:1011D000098801F0100109B180F010003349098835
:1011E00001F0200109B180F0200081B241F40041FA
:1011F00041F080012B4A116081E7294800782C4991
:1012000001EB8000D0F8000C80B20090BDF8000027
:1012100000F40040C0B12248007801EB8000D0F813
:10122000000CC0F30E0048F68F7108401C49097885
:101230001F4A02EB8101C1F8000C19490978491EC7
:101240001C4A52F821008047BDF8000000F08000E1
:10125000B8B113480078164901EB8000D0F8000CB3
:1012600048F60F7108400E490978114A02EB8101D6
:10127000C1F8000C0A490978491E0F4A52F82100AA
:10128000804708484430006880B20449088000F470
:10129000004000287FF4D2AE00BF30E7A801002054
:1012A0007C020020005C004090020020920200209E
:1012B00000500040C8010020AC01002010B5494892
:1012C000407838B30020474948704748006803F029
:1012D00012F94548006880784FF4616148434249FB
:1012E00009684978C1EB011100EB81003E490968AA
:1012F000097808443B49486006F034F904463B4805
:10130000007CA04205D03948047401203749487454
:10131000887300BF3648407858B10120334948737C
:101320000846807BA8B100208873887B09F04CFEBA
:101330000FE02E48407B60B100202C4948730846DE
:10134000407E30B10846807F18B10021294806F060
:10135000B7FD2648407B78B12448807B00283FD0E9
:10136000002022498873887B09F02EFE4FF400612B
:10137000214801F021F833E02048007868B10020CE
:101380001E49087019498873887B09F01DFE4FF4C7
:101390000061194801F012F822E01948007802288B
:1013A0000ED11848007801280AD11648007816494D
:1013B0000978884214D013480078134908700FE068
:1013C0000020114908700948807B0849097C88423F
:1013D00006D00648007C05498873887B09F0F4FD37
:1013E00010BD000030850020DC020020100300202A
:1013F000D48500209823002000080140060000202A
:10140000A9020020BA020020C10000200B4A02EB12
:101410008001D1F8001C01F4804171B102EB800120
:10142000D1F8001C48F68F7211404CF28002114333
:10143000024B03EB8002C2F8001C704700500040D2
:101440000B4A02EB8001D1F8001C01F0400171B1A0
:1014500002EB8001D1F8001C48F68F72114048F26F
:10146000C0021143024B03EB8002C2F8001C70471C
:1014700000500040084A02EB8001D1F8001C48F6F9
:101480008F62114048F280021143034B03EB80024C
:10149000C2F8001C704700000050004010B503E087
:1014A0004FF47A7000F046FC02F014FD0128F7D1E9
:1014B00010BD08B54FF4407001F026FF25208DF8CF
:1014C000000003208DF8010001208DF802008DF846
:1014D0000300684601F0E0FE26208DF800000020A1
:1014E0008DF8020001208DF80300684601F0D4FE5B
:1014F00008BD000010B586B02BA30FCB01AC0FC404
:1015000000222DA12D4807F0F1F904462CB12C48FA
:1015100050F824102BA005F007FB2FA006F017FEB3
:1015200004461CB92EA005F0FFFA10E0082C06D1E5
:10153000234850F824102FA005F0F6FA07E02048C1
:1015400050F8241030A005F0EFFA06B010BD0A22C2
:1015500001A9334807F0F8F904462CB1184850F8AF
:10156000241019A005F0E0FA01A92EA005F0DCFA7C
:1015700005AB34222F492A4807F02CFC04462CB135
:101580000F4850F824102CA005F0CEFA2EA005F03C
:10159000CBFA234806F084FC002207A1104607F08E
:1015A000A5F9044600BFD0E72F7379732F436F6E00
:1015B0006669672E696E6900303A000040030020BA
:1015C000180000203F3F3F3F3F3F3F3F3F3F3F3FEF
:1015D00020282573290D0A002F737973000000005D
:1015E000665F6D6B646972202F737973204F6B0D8A
:1015F0000A0000002F737973203F3F3F3F3F3F3F7A
:101600005B2573290D0A0000665F6D6B64697220AB
:101610002F737973203F3F3F20282573290D0A003F
:10162000701300203F3F3FA7D53F3F3F2025730D5C
:101630000A000000FAB100083F3F3FA7D53F3F3FF7
:1016400020282573290D0A003F3F3FA7D53F3F3F84
:101650000D0A0000F0B589B005460E461746002277
:1016600019A11A4807F042F904462CB1184850F85D
:10167000241018A005F058FA1BA102A807F016FACA
:1016800004463CB1124850F8241013A005F04CFA5F
:1016900009B0F0BD0A222946144807F055F904465E
:1016A00001AB3A463146114807F094FB044624B991
:1016B00029460FA005F038FA03E0294610A005F0EE
:1016C00033FA00BFE4E70000303A00004003002096
:1016D000180000203F3F3F3F3F3F3F3F3F3F3F3FDE
:1016E00020282573290D0A00303A2F00701300209E
:1016F0002573203F3F3FA7D53F3F3F3F0D0A0000E6
:101700002573203F3F3FA7D53F3F3F3F3F0D0A0096
:1017100021B1026842F00102026004E002684FF663
:10172000FE731A400260704700B58BB00121084675
:1017300002F0E0F9114800F027F811480090114834
:101740000190002002904FF400600390002004906C
:10175000802005900020069007902020089000022D
:10176000099000200A906946044800F0B7F801216A
:101770000248FFF7CDFF0BB000BD00006C00024037
:1017800004440040B890002001684FF6FE721140FA
:1017900001600021016041608160C1604B49884265
:1017A00008D14A490839496841F00F01474A083AC7
:1017B00051608AE045491431884208D143490839CB
:1017C000496841F0F001414A083A51607DE03F49E3
:1017D0002831884208D13D490839496841F470618F
:1017E0003A4A083A516070E038493C31884208D1A1
:1017F00036490839496841F47041344A083A516021
:1018000063E032495031884208D13049083949688B
:1018100041F470212D4A083A516056E02B49643159
:10182000884208D129490839496841F47001274A9A
:10183000083A516049E025497831884208D1234966
:101840000839496841F07061204A083A51603CE02B
:101850001F49884206D1011F096841F00F01021F8C
:10186000116032E01A491431884208D11849091F21
:10187000096841F0F001164A121F116025E0144971
:101880002831884208D11249091F096841F4706162
:101890000F4A121F116018E00D493C31884208D1EF
:1018A0000B49091F096841F47041094A121F116070
:1018B0000BE007495031884207D10549091F0968E3
:1018C00041F47021024A121F116070470800024063
:1018D000080402400146486880B2704710B50022F3
:1018E000026847F6F0739A430C6A8B6823430C69CD
:1018F00023434C6923438C692343CC6923434C6ABB
:1019000023438C6A23431A430260CB6843600B680D
:1019100083604B68C36010BD416070472DE9F0479C
:101920002848006800F110052E8826480068077ACC
:10193000D6B9042F18D12448007801280FD10021EE
:101940002248006880B2801C214A42F810103020E2
:101950002049088000BF00201B49087003E00727CA
:1019600010201C49088027E0AC88A64201D804203A
:1019700000E002200746B44200D93446A0B2A9686C
:1019800088478046002000F03DFD8146A2B24946CE
:10199000404604F0ADFBA1B2002003F09BFB288879
:1019A000001B28806888204468803020094908800E
:1019B00000020949088000BF024909680F72BDE8AA
:1019C000F08700008002002096020020505C00405A
:1019D0000060004092020020900200202DE9F041BA
:1019E0002848006800F110042688A068C0B1BEB184
:1019F000A588B54200D93546A8B2A16888470746F0
:101A00002088401B2080608828446080002000F0EF
:101A1000D7FC8046AAB24146384601F04DFD00BFD2
:101A2000208850B14FF440501749088000210846E3
:101A300003F050FB3020154908802088A188884297
:101A400004DB03200F490968087218E02088002889
:101A500004DD05200B490968087210E0208870B980
:101A6000062008490968087200210948006880B208
:101A7000801C084A42F81010302004490880BDE854
:101A8000F0810000800200209002002092020020DD
:101A9000505C0040006000402DE9F84F9B48006812
:101AA00045780027BA46062D1BD198480068007873
:101AB00000F07F00002813D1944909688878012834
:101AC00003D193490968CF690AE0022803D19049FC
:101AD00009680F6A04E0032802D18D4909684F6A3A
:101AE00094E0002D64D189480068408800285FD1C7
:101AF00086480068C08802285AD184480068007966
:101B0000002855D181480068007800F07F0028B98E
:101B10007E480068808808B97E4F77E07B4800687F
:101B2000007800F07F00012810D1784909684879D1
:101B3000774909688A6900219047002866D173486F
:101B40000068807A002861D0724F5FE06F480068BB
:101B5000007800F07F00022858D16C480068407976
:101B600000F00F0669480068407900F07009674886
:101B70000068407900F0800038B1674901EB8600C9
:101B8000D0F8000C00F0300806E0634901EB860055
:101B9000D0F8000C00F4405860480078B04235D9C5
:101BA000B9F1000F32D1B8F1000F2FD0594F2DE00D
:101BB000082D07D155480068007800F07F0028BB49
:101BC000574F23E00A2D21D150480068007800F0DB
:101BD0007F0001281AD14D480068807AB0B14B4887
:101BE0000068408890B949480068007970B9474852
:101BF0000068C088012809D14449096848794449E6
:101C000009688A690021904700B9464F57B13F489B
:101C10000068A0F812A03D48006887610020B8471E
:101C200000240FE0394A12685078394A1268116965
:101C300088470446032C05D10920344909680872F5
:101C4000BDE8F88F31480068008A4FF6FF7188427E
:101C500004D109202D4909680872F1E7022C03D04C
:101C60002A480068008A20B90820284909680872B3
:101C7000E6E726480068007800F08000E0B32348DB
:101C80000068C088009021480068008A0099884256
:101C900004D91E4900980968088223E01B4800689F
:101CA000008A1A490968C98888421BDA17480068FF
:101CB000008A1749096891F82C10884203DA00203D
:101CC000194908700EE011480068008A1049096837
:101CD00091F82C1090FBF1F201FB120010B90120D9
:101CE000114908700A48006890F82C1007480068ED
:101CF0008182FFF713FE07E0FFE70320034909682D
:101D0000087200030949088000BF99E7800200209B
:101D1000840200207D57000800500040E4010020AC
:101D20000157000851570008960200209002002039
:101D30007047000001B504490098086000BF0248E0
:101D400000680028FBD108BDD800002038B5054642
:101D50002F480078401CC0B28DF800002C48407815
:101D6000401CC0B28DF8010029488078401CC0B2E8
:101D70008DF802002648C078401CC0B28DF80300E0
:101D80006A460C21284604F087FE012200212846DD
:101D900004F04AFE01221146284604F045FE0520C3
:101DA000FFF7C8FF0321284602F042FA132806D0A5
:101DB00010220121284604F037FE002038BD0422FD
:101DC0000121284604F030FE00BF002402212846ED
:101DD00002F02EFA044624B122460221284604F0DD
:101DE00023FE0520FFF7A6FF04F00800082801D114
:101DF0000020E3E70621284602F01AFAFF2806D061
:101E000010220121284604F00FFE0120D6E7DCE76E
:101E1000D4A8002010B511A004F086FE1DA004F087
:101E200083FE26A004F080FE28A004F07DFE2FA0F3
:101E300004F07AFE33A004F077FE3AA004F074FEBA
:101E40003FA004F071FE42A004F06EFE45A004F035
:101E50006BFE49A004F068FE10BD00000D0A2D2D98
:101E60002D2D2D2D2D2D2D2D2D2D2D2D2D2D2D2DA2
:101E70002D2D2D2D2D2D2D2D2D2D2D2D2D2D2D2D92
:101E80002D2D2D2D2D2D2D2D2D2D2D2D2D2D0D0AC5
:101E9000000000003F3F3F3F3F3F3F3F3F3F3F3F4E
:101EA0003F3F3F3F3F303F3F3F3F53504920466C0D
:101EB0006173683F3F3F3F3F0D0A00003F3F3F3F98
:101EC0003F3F3F3F3F3F3F3F3A0D0A0030202D202C
:101ED0003F3F5350495F466C6173683F3F3F3F3F10
:101EE0003F3F3F3F3F3F3F3F3F0D0A0031202D2006
:101EF0003F3F3F3F3F3F3F3F3F3F3F3F3F3FA7D2F7
:101F00003F0D0A0032202D203F3F3F3F3F3F3F3FE4
:101F10003F3F3F3F61726D666C792E7478740D0A95
:101F20000000000033202D203F3F61726D666C7908
:101F30002E7478743F3F3F3F3F3F3F3F3F0D0A00C5
:101F400034202D203F3F3F3F3F3F0D0A000000005F
:101F500035202D203F3F3F3F3F3F3F3F3F3F0D0A52
:101F60000000000036202D203F3FA7D53F3F3F3FD8
:101F70003F3F3F3F3F0D0A0037202D203F3F3F3F6F
:101F80005741563F3F3F3F0D0A00000010B501F09A
:101F9000A5F810BD10B501F0DBF810BD10B54FF479
:101FA000805000F04FF848B14FF4805000F03EF8F8
:101FB00001200349087003A004F0B6FD10BD000025
:101FC000A3020020524632344C30315F4952510A4C
:101FD0000000000010B5022000F034F870B10220BB
:101FE00000F024F800200649A1F88200A1F8800042
:101FF000012081F87F0003A004F096FD10BD0000D1
:10200000308500205050535F4952510A00000000B3
:1020100010B5202000F016F828B1012002494870C0
:10202000202000F009F810BD30850020014908602B
:102030007047000014040140014908607047000027
:1020400014040140014600200022074B1B6803EAEC
:102050000102054B14331B680B4013B10AB1012078
:1020600000E00020704700000004014000212349E7
:102070008279002A3AD00A46126803689A430B46CE
:102080001A600A1D126803689A430B1D1A600279D0
:1020900011440A6803681A430A60184A0832126831
:1020A00003689A43154B08331A601A1D12680368B7
:1020B0009A43124B0C331A604279102A0ED11A1F20
:1020C000126803681A430D4B08331A601A1D126810
:1020D00003681A43094B0C331A600DE00749427933
:1020E00011440A6803681A430A6005E00279114442
:1020F0000A6803689A430A607047000000040140C0
:1021000010B5044805F0CCFE002203A1104606F0ED
:10211000EDFB10BD70130020303A000010B5002216
:102120001EA11F4806F0E2FB044634B11D4850F8DA
:1021300024101DA004F0F8FC05E01A4850F8241003
:1021400019A004F0F1FC4FF48052002113A006F016
:10215000AFF8044634B1134850F8241013A004F02B
:10216000E3FC05E00F4850F8241010A004F0DCFC5C
:1021700000220AA1104606F0B9FB044634B1094812
:1021800050F824100DA004F0CFFC05E0054850F8ED
:1021900024100AA004F0C8FC10BD0000303A000072
:1021A00040030020180000203F3F3F3F3F3F3F3F9C
:1021B0003F3F3F3F20282573290D0A00A7D83F3F06
:1021C0003F3F3F3F3F3F3F3F20282573290D0A00F7
:1021D00030B500228B071C0F0F2303FA04F20B4BC0
:1021E0008C1053F824309343084C8D1044F825305C
:1021F00023468C1053F824308C07240F00FA04F483
:102200002343024C8D1044F8253030BD08000140B6
:102210002DE9F0410246002500260020002300247D
:10222000002791F803C00CF00F0591F803C00CF0E3
:10223000100CBCF1000F03D091F802C04CEA050568
:1022400091F800C0BCF1000F31D0146800202BE0E1
:102250004FF0010C0CFA00F3B1F800C00CEA0306D1
:102260009E4220D183004FF00F0C0CFA03F7BC43C1
:1022700005FA03FC4CEA040491F803C0BCF1280FF2
:1022800006D14FF0010C0CFA00FCC2F814C00AE0B1
:1022900091F803C0BCF1480F05D14FF0010C0CFAC6
:1022A00000FCC2F810C0401C0828D1D31460B1F85B
:1022B00000C0BCF1FF0F34DD546800202EE000F1B7
:1022C000080C4FF0010808FA0CF3B1F800C00CEA52
:1022D00003069E4221D183004FF00F0C0CFA03F746
:1022E000BC4305FA03FC4CEA040491F803C0BCF1BA
:1022F000280F05D100F1080C08FA0CF8C2F8148078
:1023000091F803C0BCF1480F07D100F1080C4FF061
:10231000010808FA0CF8C2F81080401C0828CED337
:102320005460BDE8F0810000F0B50A4600230024A7
:102330000021002500F00046B6F1004F02D11D4EED
:10234000F16901E01B4E7168C0F3034583B200F4EC
:102350004016B6F5401F08D121F07061154E766821
:1023600026F07066134F7E6012E000F48016B6F51A
:10237000801F06D1032606FA05F4A14341F07061DF
:1023800006E0460D360103FA06F6B14341F07061EE
:1023900022B1460D360103FA06F6314300F000463D
:1023A000B6F1004F02D1034EF16101E0014E7160C0
:1023B000F0BD0000000001404161704701617047BD
:1023C00001460548006880B200EBC100001D034AC9
:1023D00032F8100080B27047505C0040006000404E
:1023E00001460648006880B200EBC100801D044A27
:1023F00032F81000C0F3090070470000505C004044
:102400000060004001460548006880B200EBC10052
:10241000034A32F8100080B270470000505C004060
:1024200000600040014629B90120034A1268108269
:10243000002070470148FCE780020020FC000020DB
:1024400070B50A480468001D0568001D066834441C
:1024500054B108220649204600F00CFC042204492D
:102460001031284600F006FC70BD0000E8F7FF1FA1
:102470008E01002070B540F22441624803F090FBC9
:1024800000284DD05F4803F047FC5F48FFF722FA71
:10249000C0F500605D49088000252FE05C48445D80
:1024A0005C48C08A60B9242C26D15A4880685949B2
:1024B000C98A44545748C08A401C5649C8821BE008
:1024C000544880685349C98A44545248C08A514983
:1024D000C989884204DA4F48C08A401C4D49C882E5
:1024E0000A2C09D14B48806A30B14A4AD08A916A95
:1024F000884700204749C882681C85B24348008845
:102500008542CBDB00214048FFF702F94FF4006120
:102510003D48FFF701FA01213B48FFF7F9F800BFFA
:102520003C49086840F2277103F03AFB60B3394830
:10253000808A70B937490022086840F2277103F099
:1025400059FB34490122086840F2266103F052FB2E
:102550004CE0304A52682F4B5B8AD15C2D4A1068A0
:1025600003F0DFFB2B48408A401C80B22949488297
:102570008989884202DB0020264948822548808AD2
:10258000401E2449888231E02249086840F22661D1
:1025900003F006FB50B31F48808A68B91D4900222A
:1025A000086840F2266103F025FB1A48406AE8B14A
:1025B0001849486A804719E0164A5268154B5B8AE9
:1025C000D15C144A106803F0ACFB1248408A401CEE
:1025D00080B2104948828989884202DB00200D4977
:1025E00048820C48808A401E0A498882094800684F
:1025F000008840F26D11084018B10649086803F0E0
:102600008BFB70BD004400406C000240E0020020E3
:10261000B89000200C88002010B588B0044671499D
:102620008968C81C032270A1FDF7F8FD00283AD183
:102630006C4988686DA1FDF7BBFD40B100206D4974
:1026400081F87C006CA004F06FFA08B010BD6949F5
:102650006831A1F11002931EA1F12200CDE90132EF
:10266000039100905F49383B05AA886869A1FDF78E
:10267000E5FD60491E3170A004F056FA5D495631FF
:1026800070A004F051FA5B49683171A004F04CFA73
:102690005849463171A004F047FA5649583172A0A2
:1026A00004F042FA9CE04F498968C81C032271A1DA
:1026B000FDF7B4FD0028F5D14A4988684BA1FDF724
:1026C00077FD30B100204B4981F87C0081F87D0016
:1026D000BBE748492E3101F1080201F11000CDE9B4
:1026E000012100903F49A2F1180304AA886862A161
:1026F000FDF7A4FD052872D107AA67A13D48303037
:10270000FDF79CFD0798C1B23A48417507AA62A13E
:102710003630FDF793FD0798C1B23648017507AA18
:102720005DA13E30FDF78AFD0798C1B23148C17402
:1027300007AA59A11E30FDF781FD0798C1B22D48A7
:10274000817407AA54A12030FDF778FD0798C1B223
:102750002848417407AA50A12230FDF76FFD254992
:102760000798087401F192021031C81D08F060FA50
:1027700007212048173007F00DFC1E48007C022876
:1027800020DB1C48406802281CD31A4840681949BD
:10279000896888420BD91748406816498968401AE9
:1027A00002280FD90120134981F87E000AE0114860
:1027B000806810494968401A022803D901200D4950
:1027C00081F87E0001200B4981F87C00002081F80F
:1027D0007D003248006880F400403049086000BF46
:1027E00000BF32E70C880020474741002C2C2C2CDE
:1027F0002C00000030850020506C616365207468F7
:10280000652047505320746F206F70656E20617291
:1028100065610A00255B5E2C5D2C255B5E2C5D2CC2
:10282000255B5E2C5D2C255B5E2C5D2C255B5E2C78
:102830005D2C255B5E2C5D0054696D65203A20257A
:10284000730A00006E732020203A2025730A0000CE
:1028500065772020203A2025730A00004C617420FF
:10286000203A2025730A00004C6E6720203A20256C
:10287000730A00005A444100255B5E2C5D2C255BE9
:102880005E2C5D2C255B5E2C5D2C255B5E2C5D2C0F
:10289000255B5E2C5D000000253264000C080140C1
:1028A00000BFFEE721B1028842F48062028004E0AA
:1028B00002884FF6FF331A400280704770B5024617
:1028C0000024002500230020958A138B1B0445EA71
:1028D000030626F07F4404EA01068E4201D101205E
:1028E00000E0002070BD21B1028842F001020280A8
:1028F00004E002884FF6FE731A400280704721B14F
:10290000028842F48072028004E002884FF6FF637E
:102910001A400280704721B1028842F4007202809E
:1029200004E002884FF6FF531A40028070470CB54E
:102930000246002000230193009300920B0F0193A5
:1029400021F07F41019B1BB1009B1433009303E0F6
:10295000090C009B18330093009B1B680B400BB1C4
:10296000012000E000200CBD2DE9F04385B00446B5
:102970000D460026B1460427DFF8CC80A6884FF626
:10298000C0700640684601F0EFF8DDF808802F4877
:10299000B8FBF0F01FFA80F946EA0906A680208805
:1029A0004FF6FE7108402080002629492868884299
:1029B0000CD828684000B8FBF0F087B2042F00DA8A
:1029C00004273E4309F10100208427E0E8884BF604
:1029D000FF71884206D1286800EB4000B8FBF0F098
:1029E00087B209E0286800EBC00101EB0010B8FBDA
:1029F000F0F087B247F48047C7F30B0008B947F0FF
:102A0000010747F4004006434FF4967009FB00F0BD
:102A10004FF47A7190FBF1F0401C2084A68320884B
:102A200040F00100208026884FF6F5300640A88847
:102A30006989084306432680A8892989084320819B
:102A400005B0BDE8F083000000127A0040420F009C
:102A5000A08601000146088AC0B2704712B141F059
:102A6000010102E04FF6FE731940018270470182B6
:102A7000704700004CF6CC400149086070470000E8
:102A80000030004010B500F001F810BD4AF6AA2051
:102A9000014908607047000000300040014948606B
:102AA0007047000000300040014988607047000016
:102AB00000300040014908607047000000300040CD
:102AC00010B518480068047A022C01D0042C05D1F6
:102AD000FEF724FF13480068047A1CE0062C19D185
:102AE00010480068407805280ED10E48006800782C
:102AF00000F07F0040B90B490968C87802F040FA3D
:102B000009490968086A8047084909688868804750
:102B1000082400E00824034909680C7200F01EFE36
:102B200010BD0000800200208C02002084020020E2
:102B300010B500F003F800F04BF810BD00B585B0FB
:102B40000121052000F0F6FF0121880300F0F2FFCB
:102B50004FF40070ADF8100018208DF8130003201A
:102B60008DF8120004A91848FFF752FB4FF480605B
:102B7000ADF8100048208DF8130004A91248FFF7A3
:102B800047FB4FF4E13000900020ADF80400ADF8B1
:102B90000600ADF80800ADF80C000C20ADF80A00F6
:102BA00069460A4803F04CF8012240F225510748D3
:102BB00003F020F80121054802F0DDFF4021034821
:102BC00002F0D0FF05B000BD000801400038014010
:102BD00000B585B00121052000F0ACFF01214804BB
:102BE00000F098FF0420ADF8100018208DF81300B5
:102BF00003208DF8120004A91C48FFF709FB0820E8
:102C0000ADF8100048208DF8130004A91748FFF70D
:102C1000FFFA04A91548FFF7FBFA4FF4165000908D
:102C20000020ADF80400ADF80600ADF80800ADF8DE
:102C30000C000C20ADF80A0069460D4803F000F8BE
:102C4000012240210A4802F0A2FF012240F2244161
:102C5000074802F0CFFF0121054802F08CFF402118
:102C6000034802F07FFF05B000BD000000080140EE
:102C70000044004030B50B46002100BF16E00A2496
:102C8000B4EB107F05D9302404EB107403F8114025
:102C900005E0412404EB10740A3C03F811400001E4
:102CA00000254C00641C1D554C1CE1B29142E6DB32
:102CB00030BD0146CA1701EB92729210A1EB82025D
:102CC00092B9642091FBF0F200FB121050B94FF45E
:102CD000C87091FBF0F200FB121008B90120704798
:102CE0000020FCE70120FAE70020F8E710B54FF4D8
:102CF00000410248FFF762FB10BD000000080140E0
:102D000010B54FF400410248FFF756FB10BD00001C
:102D10000008014001782A4A117041785170817889
:102D20009170C178D17001791171427924494A7149
:102D300082798A71C279CA71017A214A1172427A02
:102D40001F494A72827A8A72C27ACA7202211D4A65
:102D5000117000219174032182F8241082F836103A
:102D600082F8481082F85A1082F86C1082F87E10AF
:102D700041F2883191804A1C1249CA82521C0A854C
:102D80000C210F4A117329220D494A73AB228A7311
:102D90007C22CA7300220A7401224A740021094A63
:102DA000517000220749CA7481F825200021054A84
:102DB0009170002203490A7581F8262070470000AF
:102DC000D4A80020E6A8002010B5044607482168D2
:102DD000C0F892102422211D0548FDF7C5F90421F1
:102DE0000248923007F0D6F810BD00003085002070
:102DF0000034002070B5044600259CB907F09CFB08
:102E0000094988420DD14FF480600849086080006C
:102E10000749086005480068096848430549086093
:102E200000E00125284670BD1840EF00F8000020A2
:102E3000F4000020F00000202DE9F04105460F4687
:102E400016461C4614B90020BDE8F08125B922467B
:102E50003946304607F040FB0020F5E72DE9F04108
:102E600005460F4616461C4614B90120BDE8F08100
:102E700025B922463946304607F042FC0020F5E7E6
:102E800070B50546002414480068007800F07F0003
:102E9000212810D1FE2D0ED10F480068408850B96E
:102EA0000D480068808830B90B480068C088012848
:102EB00001D10A4C01E0022070BD0CB90220FBE7F1
:102EC00005480068846100210348006841820020B1
:102ED000A0470020F0E70000800200202524000821
:102EE00010B504460249204602F020FC10BD000047
:102EF0004402002010B504460249204602F016FCA8
:102F000010BD00003C02002070B505460648006870
:102F1000C478052C01DD002070BD044800EBC4011D
:102F2000284602F003FCF7E7800200204C02002054
:102F30000246002901DD02207047002A01DD02203F
:102F4000FAE70020F8E7000010B5044611480068D1
:102F5000007800F07F0021281AD1FF2C18D10D48ED
:102F600000684088A0B90B480068808880B909488B
:102F70000068C08860B90120FEF762FA0220FEF7FF
:102F800045FA05480549086000200549087010BD4C
:102F90000220FCE78002002055534243E4840020D5
:102FA0008001002010B50020324988723248C07973
:102FB000324909684872002001F0DAFF4FF40071CD
:102FC000002002F0B5F82021002002F091F818212D
:102FD000002001F0FDFF2A4890F82C10002002F09C
:102FE00009F85821002002F065F80020FEF742FAA7
:102FF000002002F045F80021012002F099F8982104
:10300000012002F057F82021012002F071F8002180
:10301000012002F015F80021022002F089F8D821E1
:10302000022001F0D5FF164890F82C10022001F084
:10303000E1FF4FF44051022002F002F8002102208B
:1030400002F056F80E4890F82C10002001F0D2FF44
:10305000002002F015F8002001F092FF012009493C
:10306000086009480949086000200949087002F011
:103070009DFE10BD1485002040B200088002002093
:10308000E80100207402002055534243E4840020EC
:10309000800100207047704710B5FFF7D1F900207C
:1030A00005490968887200F07DFB02F089FE002066
:1030B0000249086010BD0000800200207402002058
:1030C00010B5044800680449884202D00220FDF788
:1030D000C3FD10BDE48400205553424310B5184889
:1030E0000078022810D003281DD0042802D005281B
:1030F00023D100E000BF0020114908704FF4405177
:10310000022001F09DFF19E00E48C07B282808D15D
:103110000C49487B0C490A680C49096801F0C0FA5F
:1031200000BF00BF0AE00121002002F087F84FF441
:103130004051022001F084FF00E000BF00BF10BD3D
:1031400080010020E4840020880100208401002008
:1031500010B51D48C47B1D49022002F043FE1C49E6
:1031600008801C48007810B101281CD102E0FDF74E
:103170009BFD26E02A2C08D11349487B16490A6892
:103180001649096801F0A4FB1BE00120FDF764FD6E
:103190000D49487B2422052102F06EF8002102200F
:1031A00002F04CF80DE00220FDF756FD0649487B81
:1031B0002422052102F060F80021022002F03EF8EE
:1031C00000BF00BF10BD0000E4840020A4840020E4
:1031D000820100208001002088010020840100205D
:1031E00010B508480068807A58B105200649086083
:1031F0000120FEF725F90220FEF708F90020034917
:10320000087010BD800200207402002080010020A0
:1032100004200149086070477402002000BFFEE7E7
:1032200038B507F0A5FEF8B16B4620220F491048CB
:1032300005F073FC04466CB10E490FA003F074FC5A
:103240000B4804F02DFE00200A49487600F0A4F94E
:10325000012038BD009808B90120FAE707F012FEF6
:103260002021024807F075FF0020F2E724740020B7
:1032700098230020100300206661696C6564207447
:103280006F20726561642046696C65203A20257361
:103290000D0A00007047704770B5002100230F220F
:1032A000C47804B3154C246804F4E064C4F5E06405
:1032B000210AC1F10403CA40447804FA03F1847876
:1032C0001440214309010E4C0678A155047804F0FE
:1032D0001F050124AC4005786D11AD0005F1E02516
:1032E000C5F8004109E0047804F01F050124AC4052
:1032F000044D0678761145F8264070BD0CED00E0CF
:1033000000E400E080E100E002490143024A11606C
:10331000704700000000FA050CED00E010B504460F
:10332000201202F0FFF8E0B202F0FCF810BD00003D
:1033300070B502264748006844784648006800781F
:1033400000F07F00002844D1092C03D102F096FA46
:1033500006465FE0052C14D13E480068C0787F28FF
:103360000BDC3C480068807838B93A4800688088AF
:1033700018B938480068807A08B1082565E0002649
:1033800048E0032C0ED133480068C078012807D1EB
:1033900030480068808818B902F094FA064639E08F
:1033A000022637E0012C35D12A480068C078012870
:1033B0000DD128480068808848B926480068407ABE
:1033C00000F0200018B102F0E5F8064622E00226DF
:1033D00020E020480068007800F07F00012805D137
:1033E0000B2C17D102F0EAFA064613E019480068E0
:1033F000007800F07F0002280BD1012C03D102F0ED
:10340000C9F8064606E0032C04D102F06FFA06461E
:1034100000E002264EB1E0B20F4A126851698847B7
:103420000646032E01D109250FE00EB108250CE058
:10343000062500210948006880B2801C084A42F82D
:10344000101030200749088000BF024909680D723A
:1034500070BD00008002002084020020505C00400B
:10346000006000409202002010B511480068047A04
:10347000022C01D0042C01D1082412E0032C01D02D
:10348000052C05D1FEF7AAFA09480068047A08E07D
:10349000072C05D107490968C8688047082400E05F
:1034A0000824034909680C7200F058F910BD0000A7
:1034B0008002002084020020F0B5561C7510074ED3
:1034C00006EB41042B4605E034F8047B20F8017B31
:1034D000401C5B1E002BF7D1F0BD000000600040D7
:1034E0007047000070B505461948006880F4004038
:1034F0001749086007F07AFD002216A1164805F06A
:10350000F5F904462CB1154850F8241014A003F026
:103510000BFB01222946174805F016FA044624B190
:10352000294615A003F000FB03E0294616A003F08E
:10353000FBFA00BFFFF774FE0028FBD00D4804F033
:10354000AFFC0348006880F400400149086070BD8A
:103550000C080140303A0000400300201800002011
:103560003F3F3F3F3F3F3F3F3F3F5B2573290D0AB2
:1035700000000000982300203F3F25733F3F3F3F5E
:103580003F3F0D0A000000003F3F3F3F3F3F3F3AB3
:1035900025730D0A0000000010B51348006880F480
:1035A00000401149086007F021FD00220FA11048DA
:1035B00005F09CF904462CB10E4850F824100EA0DA
:1035C00003F0B2FA01221149114805F0BDF9044691
:1035D00024B10E490FA003F0A7FA10BD01200B493A
:1035E000487600BFF9E700000C080140303A0000BF
:1035F00040030020180000203F3F3F3F3F3F3F3F38
:103600003F3F5B2573290D0A0000000010030020D6
:10361000982300203F3F25733F3F3F3F3F3F0D0A28
:103620000000000010B54548407E00282BD04348DC
:10363000807F0028FAD0FFF7F3FD002860D03F48D4
:10364000C07E00284CD03D4890F82D0001283DD187
:1036500000203A4981F82D0039480078012818D116
:10366000084690F8290001280ED181F828000D2184
:103670003248FCF792FD314991F8280006F04AF9EA
:1036800001202E49887657E001202C4981F8280036
:1036900052E02B480078022810D10320274981F8F6
:1036A00028000D212548FCF778FD244991F82800D1
:1036B00006F030F90120214988763DE02048007865
:1036C000002839D101201D49087735E000211D4827
:1036D00004F0F6FB002019498877012008622BE0EE
:1036E000184804F0DDFB0020144948768877012053
:1036F00008621548006880F40040134908601BE028
:1037000001200E4988770846007FA8B1002008777D
:10371000C87688770B4804F0C3FB00200749487639
:103720000948006880F40040074908600120034907
:10373000086206A003F0F8F910BD00001003002095
:10374000A9020020982300200C08014053746F70D8
:1037500020506C61793A2573210D0A0010B50D488F
:1037600090F82C10002001F045FC0B480068007A0E
:10377000082805D14002094908801020084908801E
:1037800005480068007A092801D1012010BD0020F9
:10379000FCE70000E80100208002002090020020E9
:1037A0009202002010B5012002F0C0FA01240B485B
:1037B000046000200A49088008460088074908601C
:1037C0000020091D08604FF4E050054908800846B4
:1037D000008802490860002010BD0000405C0040E5
:1037E0008A0200202DE9F0410446B949204600F044
:1037F00099FC8046002C7DD1B548007A55287AD1B5
:10380000B348407ABB28FAD1B1480078B149097869
:10381000884230D1AE484078AE49497888422AD1B2
:10382000AB488078AB498978884224D1A848007891
:1038300004EBC401A84A02EB41010873A448417893
:1038400004EBC40002EB40004173A148817804EB13
:10385000C40002EB400081739D48C17804EBC400B2
:1038600002EB4000C17341F66C6004EBC40102EB53
:10387000410108821DE0FF2004EBC401964A02EBDF
:1038800041010873FF2104EBC40002EB40004173C7
:1038900004EBC40002EB4000817304EBC40002EBB4
:1038A0004000C17341F66C6004EBC40102EB4101BE
:1038B0000882552089490870CC20487085480078D6
:1038C000887084484078C870824880780871814840
:1038D000C07848717F48007988717E484079C87106
:1038E0007C48807908727B48C07948727948007AB0
:1038F000887201E057E022E07648407AC872754845
:10390000807A08737348C07A487301F10E0005F09D
:10391000CDFE002071498874022508E06F48807C44
:103920006E49495D08446D498874681C85B2122D42
:10393000F4DB13226949204602F0C6FFC5E0644863
:10394000007A5528FAD16248407ADD28F6D100275E
:103950000A2505E05E48405D3844C7B2681C85B260
:10396000162DF7DB5A48807DB842E7D10C220021A2
:1039700057480A3002F088FEFDF790FD5520574960
:103980000870EE20487041F66C6004EBC401524AA6
:1039900002EB4101088202225049204602F094FFC6
:1039A00002F08AFD91E0012CC8D14D48006880F4F6
:1039B00000404B49086008F0FF01454800F078FCE2
:1039C0000646012E0FD14F20444908704B20487005
:1039D0000222204602F078FF4148006880F400404F
:1039E0003F49086071E0022E25D132203B49087022
:1039F000602048700D213948801CFCF7CEFB042064
:103A00003649C87301200874002048740120887466
:103A10000020C87408754875AA208875CC20C87520
:103A20001822204602F050FF2D48006880F4004024
:103A30002B49086049E0032E47D1322027490870FE
:103A4000602048700D212548801CFCF7A6FB032050
:103A50002249C8730120087400204874012088742A
:103A60000020C8742F200875002048751D48006884
:103A700000F041FD19481C490A68C0F816208A88E0
:103A800042838979017701461848D0F89200C1F83D
:103A90001D002422164911482130FCF765FBAA209D
:103AA0000E4981F84100CC2081F842004322204693
:103AB00002F00AFF0A48006880F4004008490860E4
:103AC00004210A48923006F065FABDE8F081000052
:103AD00076A90020D4A80020E6A8002076B1002016
:103AE0000C080140DC020020D402002030850020B8
:103AF0000034002029B1064A52690243044B5A613E
:103B000004E0034A52698243014B5A617047000046
:103B10000010024029B1064AD2690243044BDA611F
:103B200004E0034AD2698243014BDA617047000026
:103B30000010024029B1064A92690243044B9A617F
:103B400004E0034A92698243014B9A617047000086
:103B5000001002400348406A40F08070014948620A
:103B6000704700000010024030B500210022002400
:103B700000232D4D6D6805F00C0121B1042905D0FD
:103B8000082923D105E0294D056022E0274D056075
:103B90001FE0254D6D6805F47012234D6D6805F426
:103BA0008034022505EB92421CB9214D5543056036
:103BB0000BE01D4D6D6805F400351DB11C4D5543DE
:103BC000056002E0194D5543056002E0174D0560A0
:103BD00000BF00BF144D6D6805F0F0010909154DD7
:103BE0006B5C0568DD4045600F4D6D6805F4E06174
:103BF000090A104D6B5C4568DD4085600A4D6D68B3
:103C000005F46051C90A0B4D6B5C4568DD40C56029
:103C1000054D6D6805F44041890B074D6B5CC56827
:103C2000B5FBF3F5056130BD0010024000127A00CB
:103C300000093D00DC000020EC00002010B501462A
:103C40000022002300204A11012A02D1094C2368D6
:103C500006E0022A02D1074C236A01E0054C636AA0
:103C600001F01F02012494401C400CB1012000E02F
:103C7000002010BD001002402DE9F04106460F461D
:103C800015461C4600BF4FF400313348FEF74FFE87
:103C90000028F8D101213048FEF704FE01212E480A
:103CA000FEF72DFE00BF2D492B48FEF707FE00282A
:103CB000F9D0002231462848FEF7D0FE00BF28493F
:103CC0002548FEF7FBFD0028F9D039462248FEF7CB
:103CD000CEFE00BF2249891C1F48FEF7EFFD0028D9
:103CE000F8D001211C48FEF70AFE00BF1B491A4804
:103CF000FEF7E4FD0028F9D0012231461648FEF710
:103D0000ADFE00BF1549491C1348FEF7D7FD00283A
:103D1000F8D018E0012C07D100210F48FEF7C2FDB2
:103D200001210D48FEF7F7FD00BF0C493F310A485D
:103D3000FEF7C4FD0028F8D00748FEF78BFE05F813
:103D4000010B601EC4B2002CE4D101210248FEF731
:103D5000A9FD0120BDE8F0810054004001000300EE
:103D6000820007002DE9F04105460F4614461E4625
:103D700001212248FEF7C3FD00BF21491F48FEF77D
:103D80009DFD0028F9D0002229461C48FEF766FE5A
:103D900000BF1C491948FEF791FD0028F9D03946AB
:103DA0001648FEF764FE00BF1649891C1348FEF74B
:103DB00085FD0028F8D00CE021781048FEF757FE6A
:103DC00000BF1049891C0D48FEF778FD0028F8D087
:103DD000641C301EA6F10101CEB2EDD101210748CD
:103DE000FEF799FD00BF0548008800F40070B0F5AB
:103DF000007FF8D00020BDE8F081000000540040B2
:103E0000010003008200070010B500220721DE2018
:103E100000F008F810BD10B510220721DE2000F0D8
:103E200001F810BD70B504460E46154601211D4827
:103E3000FEF765FD00BF1C491A48FEF73FFD00284C
:103E4000F9D0002221461748FEF708FE00BF1749A7
:103E50001448FEF733FD0028F9D031461148FEF72B
:103E600006FE00BF1149891C0E48FEF727FD0028F9
:103E7000F8D029460B48FEF7FAFD00BF0B49891C14
:103E80000848FEF71BFD0028F8D001210548FEF781
:103E900042FD00BF0348008800F40070B0F5007FC9
:103EA000F8D070BD005400400100030082000700FC
:103EB00010B54FF480610648FEF77EFA0F212020EE
:103EC00000F07AFD4FF480610148FEF777FA10BDEB
:103ED000000C014010B500F01DF858B108A002F028
:103EE00023FE0B48FEF716FF09480C30FEF76CFF67
:103EF000012010BDFEF712F9FDF7FCFA0020F8E7EB
:103F00003F3F3F3F3F3F3FA8B03F3F3F0D0A0000CC
:103F10002434002038B5002221A1224804F0E6FC18
:103F200005462DB1204850F8251020A002F0FCFDD8
:103F3000012223A1264804F007FD054655B125A01E
:103F400002F0F2FD002216A1104604F0CFFC054657
:103F5000002038BD6B46342226491D4804F0DDFDA3
:103F600005460098342810D123A002F0DDFD00247E
:103F700005E02048015D28A002F0D6FD641C0098F1
:103F80008442F6D31AA002F0CFFD114803F088FF57
:103F9000002203A1104604F0A9FC05460120D8E741
:103FA000303A000040030020180000203F3F3F3F10
:103FB0003F3F3F3F3F3F5B2573290D0A0000000054
:103FC0002F7379732F436F6E6669672E696E690070
:103FD00070130020446F6E27742046696E6420467B
:103FE000696C65203A20436F6E6669672E696E6959
:103FF0000D0A0000243400200D0A2F7379732F431B
:104000006F6E6669672E696E69203F3F3F3F3F3F95
:104010003F203A200D0A00002530327820000000B1
:1040200070B506460C4615463548007860B93548E7
:104030000068604334490860324800686843334987
:10404000086001202E4908702D480078012844D1CD
:104050002F480068B0B92B48008883B22D4A2A48FF
:1040600001683046FEF7E8FE40222A49812001F02F
:10407000D0FE244800684038254908604020264981
:10408000086011E02348244A1268811840228120E8
:1040900001F0BFFE1E48006840381D4908601E48F8
:1040A000006840301C4908604021012001F012F8EE
:1040B0003021012001F01CF81348006840301249FB
:1040C000086012480068403810490860134880684A
:1040D000403812498860FEF713FE0C48006870B93A
:1040E00000200B4908600C4908600749086003205C
:1040F0000B490870002002490870FEF7F7FD70BDFB
:1041000010010020F40000201401002018010020FC
:1041100000010020A4740020040100200485002078
:10412000800100202DE9F04780460D4626214046BB
:1041300000F09AF8064616B90020BDE8F08740F274
:10414000B450864200DD06462821404600F08CF837
:104150000746B946C7F30A0710202949486138467F
:10416000FFF7DCF8182101EB4811C8B201F0DAF9C9
:10417000B819B0F5006F0BDA002406E0002001F05A
:10418000D1F928706D1C601C84B2B442F6DB24E0C7
:10419000C7F5006087B2002406E0002001F0C2F9F4
:1041A00028706D1C601C84B2BC42F6DB10201449E0
:1041B000086148610020FFF7B1F8182101EB4811B0
:1041C000C8B201F0AFF906E0002001F0ABF92870A9
:1041D0006D1C601C84B2B442F6DB102008490861F3
:1041E00009EB06001FFA80F94A462821404602F0F2
:1041F00037FC40220121404602F016FC30469CE785
:104200000010014070B5044610200849486120465E
:10421000FFF784F8012001F085F9002001F082F910
:104220000546102001490861284670BD0010014074
:1042300070B504460D4610200A4948612846FFF72C
:104240006DF8082101EB4411C9B241F0010001F001
:1042500069F9002001F066F906461020014908615D
:10426000304670BD0010014070B504460E46102067
:104270000E4948613046FFF751F8082101EB44111F
:10428000C9B241F0020001F04DF9002001F04AF9F5
:1042900005464FF6FF7000EA0525002001F042F9BF
:1042A0000543102001490861284670BD00100140F7
:1042B00070B504460D4670480460006800783228E6
:1042C0007ED16D480068407868287AD16A480068D5
:1042D000C07B0228F4D168480068408A012833D1A5
:1042E00065480168891C6548FBF78FFF62480068D4
:1042F000008A6249C88160480068408A08825E4836
:104300000068808A48615C480068018A5CA002F00D
:104310000BFC5F4859498861574909688A8A57499F
:104320008869554909681631FBF71EFF5248006835
:10433000808A524948820120C861564981F82E007E
:1043400000204876086275E04B480068418A4B4877
:10435000008A401C81426DD147480168891C47484A
:10436000FBF738FF002865D143480068408A43497D
:1043700008820846406940490968898A08443F49DB
:10438000486189693D4B5B8AC8183B4909688A8A3C
:10439000394909681631FBF7E7FE3848408A364943
:1043A0000968898A0844354948820846408AB0F538
:1043B000804F18DB0846008A102809DC084601E017
:1043C00057E039E04FF480428169FDF743F905E099
:1043D0002A484FF480428169FCF700FC00202749FD
:1043E0004882FEF74FFB01202449C861294981F822
:1043F0002E002248008A2149C98988421AD11F48C3
:10440000408A70B11D48008A102805DC1B48428A8A
:104410008169FDF71FF904E01848428A8169FCF7B9
:10442000DDFBFDF76DFE0D211448FBF7B6FE1AA06B
:1044300002F07AFB012070BD0F48006840786028C8
:1044400017D10D480068C07B012801D10320F2E795
:1044500009480068C07B02280BD12F22064801685A
:1044600016311148FBF780FE01200A4948770220E7
:10447000E1E70020DFE7000010000020F00200204C
:104480003F3F3F3F3F3F3F20282564290D0A000062
:1044900024340020100300203F3F3F3F3F3F3F3F79
:1044A0003F3F0D0A00000000C033002010B58022FD
:1044B0000C21DE20FFF7B6FC00220D21DE20FFF7E5
:1044C000B1FC00220E21DE20FFF7ACFC00220F2100
:1044D000DE20FFF7A7FC00221021DE20FFF7A2FC60
:1044E00000221121DE20FFF79DFCC0220821DE20E2
:1044F000FFF798FC10BD10B50446072322460021A3
:10450000DE20FFF7B9FBA07800F07F00A07010BD9F
:1045100010B50446A07840F08000A070FFF77BFC47
:10452000072322460021DE20FFF71CFCFFF76CFC6E
:1045300010BD00002DE9F04107460C4616461D4609
:1045400070191B490968884213D92A2C02D102200C
:10455000FCF782FB0020FCF77FFB21220521384677
:1045600000F08AFE0021012000F068FE0020BDE876
:10457000F08110488168104800686843814214D077
:104580002A2C03D10220FCF767FB02E00020FCF795
:1045900063FB0849487B2422052100F06DFE0021C1
:1045A000012000F04BFE0020E1E70120DFE70000E2
:1045B000F8000020E4840020F400002010B5044638
:1045C0002046FEF717FC68B10A49487B3A220221CF
:1045D00000F052FE0121084600F030FE0020FCF7FA
:1045E0003BFB10BD05F0F0FE0121002000F026FE8F
:1045F00000BFF6E7E484002070B506460A48007C58
:1046000000F0010010B1094D052408E0084D0648EE
:10461000C07C242802DC0448C47C00E02424214619
:10462000284601F07BFA70BDE484002024010020BC
:104630002901002010B504460E48806818B90020F2
:10464000FCF70AFB0BE00B48007B00F0800018B180
:104650000020FCF701FB02E00220FCF7FDFA05490F
:10466000487B2022052100F007FE0021012000F0F8
:10467000E5FD10BDE484002010B504460821024881
:1046800001F04CFA10BD00005101002010B50446A5
:104690000421024801F042FA10BD00004D01002043
:1046A00070B506460C4615461948007820BB1949D6
:1046B000487B2B4622462821FFF73CFF00B970BDFE
:1046C0001448007B00F0800040B1022010490870BF
:1046D0002A4621463046FFF7A3FC0CE00220FCF7F7
:1046E000BBFA0C49487B2422052100F0C5FD0121BD
:1046F000084600F0A3FDE2E705480078022804D14F
:104700002A4621463046FFF78BFC00BFD7E7000062
:1047100080010020E484002010B504462046FEF706
:1047200069FB68B11B49487B3A22022100F0A4FDD5
:104730000121084600F082FD0020FCF78DFA10BD33
:1047400015480068401E000E1449087012480068A1
:10475000401E000C487010480088401E000A8870F7
:104760000D480078401EC8700D480068000E0871A2
:104770000B480068000C487109480088000A8871DD
:1047800007480078C8710821044801F0C7F900BF44
:10479000D5E70000E4840020F80000206B01002031
:1047A000F400002010B504462046FEF723FB68B154
:1047B0001749487B3A22022100F05EFD012108469C
:1047C00000F03CFD0020FCF747FA10BD11480068DE
:1047D000000E114908710F480068000C48710D481F
:1047E0000088000A88710B480078C8710B4800687F
:1047F000000C487209480088000A8872074800784F
:10480000C8720C21044801F089F900BFDDE70000FF
:10481000E4840020F800002073010020F400002050
:1048200070B505460648C07C122802DC0448C47CEA
:1048300000E012242146034801F070F970BD000029
:10484000E48400205901002010B504460121002015
:1048500000F0F4FC10BD000010B504462046FEF741
:10486000C9FA68B10949487B3A22022100F004FDE7
:104870000121084600F0E2FC0020FCF7EDF910BD34
:104880000121002000F0DAFC00BFF8E7E4840020FA
:1048900010B504460D48806848B90C48007C00F00B
:1048A000040020B90121002000F0C8FC0CE0022027
:1048B000FCF7D2F90549487B2422052100F0DCFCF5
:1048C0000021012000F0BAFC10BD0000E4840020AB
:1048D00070B506460C4615461948007820BB1949A4
:1048E000487B2B4622462A21FFF724FE00B970BDE3
:1048F0001448007B00F0800040B901201049087086
:104900004FF44051022000F09BFB0CE00020FCF72C
:10491000A3F90C49487B2422052100F0ADFC0021BD
:10492000012000F08BFCE2E705480078012804D163
:104930002A462146304601F033FF00BFD7E700008A
:1049400080010020E484002021B1028842F040026E
:10495000028004E002884FF6BF731A40028070475D
:104960000246002013890B400BB1012000E000201B
:1049700070470146888970478181704710B50022D1
:10498000028802F441520B884C8823438C882343CD
:10499000CC8823430C8923434C8923438C892343AC
:1049A000CC8923431A430280838B4FF2FF74234048
:1049B00083830B8A038210BD70B505460C464FF405
:1049C00000610848FDF7F8FC284600F0C7FD0646E0
:1049D000204600F0C3FD4FF400610248FDF7EEFCF5
:1049E000304670BD000C014070B504464FF40061C4
:1049F0000848FDF7E1FC204600F0B0FD002000F083
:104A0000ADFD05464FF400610248FDF7D7FC28468E
:104A100070BD0000000C01402DE9F04107460D4635
:104A200016464FF400610C48FDF7C6FC384600F00E
:104A300095FD8046002405E0002000F08FFD2855FC
:104A4000601CC4B2B442F7DB4FF400610248FDF7CA
:104A5000B5FC4046BDE8F081000C01402DE9F04175
:104A600007460C4615464FF400610C48FDF7A4FCC0
:104A7000384600F073FD8046002605E014F8010B6F
:104A800000F06CFD701CC6B2AE42F7DB4FF4006163
:104A90000248FDF793FC4046BDE8F081000C014060
:104AA0007047000000B585B004A801F063FA002843
:104AB00071D09DF8100047286ED015DC412855D0E4
:104AC0000ADCA0F12B00092867D2DFE800F0A2661B
:104AD000B56666262C66320042380528F4D2DFE837
:104AE00000F04C535D646B00612838D00CDC532817
:104AF00070D004DC482870D049284ED129E05428D1
:104B00006AD05528F9D1D3E0622878D06D2877D0C3
:104B10006E2876D07A28F0D1F5E0A3A002F004F850
:104B2000FDF7FCFA3CE1A6A001F0FEFF01F02AFB34
:104B300036E1A9A001F0F8FF05F0CEF9FF21E2204F
:104B4000FFF73AFFFF21E120FFF736FFFFF7B0F94B
:104B500026E1A8A001F0E8FF06F09CF920E1ACA056
:104B600001F0E2FFAF48FEF7BDFC19E1A8A001F09B
:104B7000DBFFADA0FEF7B6FC12E1A5A001F0D4FF6B
:104B8000ABA0FEF7AFFC0BE1A1A001F0CDFFAAA006
:104B9000FEF7A8FC04E104E115E0FEE09CA001F0B2
:104BA000C3FFA7A0FEF79EFCFAE099A001F0BCFFAE
:104BB000A5A0FEF797FCF3E095A001F0B5FFA4A037
:104BC000FEF790FCECE092A001F0AEFFA2A0FEF791
:104BD00089FCE5E016E000E041E08DA001F0A4FFD3
:104BE0000D219F48FBF7D9FA9D4891A10A68026000
:104BF0008A88828089798171FEF7CEFCD0E0AEE0B0
:104C0000C1E0B6E0964890F8281096A001F08CFF1D
:104C1000C6E09348807BF42804DC9148807B0A300E
:104C20008F4988738E49887B06F0CEF98C48817B4A
:104C300090A001F079FFB3E08948807B0A2804DB6B
:104C40008748807B0A38864988738549887B06F0C7
:104C5000BBF98348817B8CA001F066FFA0E08FA0A8
:104C600001F062FF91480068FFF745FC8F4800683B
:104C700000788E49096849788C4A126892788B4B83
:104C80001B689B79CDE90032CDE9021087480068A6
:104C9000C37886480068027984480068417984A016
:104CA00001F042FF8C4801688CA001F03DFF77E0E5
:104CB0007AA001F039FFFBF79FFF7C480068FFF7FF
:104CC0001AFC7A480068017878480068427877488A
:104CD00000688078754B1B689B79CDE90030CDE981
:104CE000022172480068C3787048006802796F48F2
:104CF000006841796EA001F017FF7748016877A03E
:104D000001F012FF4CE07748806800F00F0176A0B8
:104D100001F00AFF73488068012121EA503076498A
:104D200008600846016875A001F0FEFE6D488068C5
:104D3000012121EA9030754908600846016874A095
:104D400001F0F2FE67488068012121EAD030744901
:104D500008600846016873A001F0E6FE20E075A037
:104D600001F0E2FE5F48C06880F480605D49C86081
:104D700016E075A001F0D8FE5A48C06880F40060C3
:104D80005849C8600CE075A001F0CEFE5548C068D7
:104D900080F480505349C86002E0FDF73BF800BF43
:104DA00000BF05B000BD00003F3F30202D20466908
:104DB0006C65466F726D61743F3F0D0A0000000024
:104DC0003F3F31202D2056696577526F6F744469DB
:104DD000723F3F0D0A0000003F3F33202D206E52EE
:104DE0004632344C3031696F436F6E6669670D0A25
:104DF000000000003F3F69202D20767331303533AD
:104E00005F526561644368697049443F3F0D0A0021
:104E10003F3F37202D20506C6179536F756E643F92
:104E20003F0D0A00680000203030312E4D50330015
:104E30003030322E4D5033003030332E4D50330051
:104E40003030342E4D5033003030352E4D5033003D
:104E50003030312E574156003030322E57415600F7
:104E6000100300204D50332E646972203D202564CC
:104E70000D0A00002B2B20566F6C756D65203D20B0
:104E800025640D0A000000002D2D20566F6C756DF5
:104E900065203D2025640D0A000000003F3F54209E
:104EA0002D203F3F3F3F3F3F3F0D0A00DC020020E7
:104EB0003230253032782D253032782D2530327839
:104EC000202530327820253032783A253032783A31
:104ED000253032780D0A000000ED00E025303878EA
:104EE0000D0A0000001001403D3D5357494E20255A
:104EF00064200D0A00000000B40000203D3D52492E
:104F00004E20202578200D0A00000000B800002067
:104F10003D3D47494E20202578200D0A0000000025
:104F2000BC0000203D3D41494E20202578200D0A3F
:104F3000000000003D3D445231203F546F67676CD4
:104F400065200D0A000000003D3D445232203F54D0
:104F50006F67676C65200D0A000000003D3D4452FC
:104F600033203F546F67676C65200D0A0000000016
:104F70004FF6F8710140014A11607047505C0040E3
:104F800030B501460F4B1A78002014E003060E4C92
:104F900004EB9353D3F8003C48F68F74234048F257
:104FA00080042343C4B223430406074D05EB945405
:104FB000C4F8003C401C9042E8D341F08003034C0D
:104FC000236030BDE4010020005000404C5C0040F4
:104FD00010B54A105300054A126892B202EBC002A3
:104FE000121D034C44F8123010BD0000505C00400C
:104FF0000060004010B502460F48006880B200EB28
:10500000C200801D0D4C04EB40033E290BDD48110E
:1050100001F01F040CB9441EA0B24FF4004444EA4E
:1050200080241C6007E0481001F001040CB1441C0E
:10503000A0B284021C6010BD505C004000600040C3
:1050400030B50E4C04EB8003D3F8003C4BF68F7464
:1050500003EA040201F480530BB182F4805201F49C
:1050600000530BB182F4005242F4004343F080033A
:10507000024D05EB8004C4F8003C30BD00500040F8
:1050800010B50B4B03EB8002D2F8002C4BF68F735C
:1050900002EA030181F4805181F4005141F400429D
:1050A00042F08002024C04EB8003C3F8002C10BDD8
:1050B0000050004010B54A105200044B1B689BB2D0
:1050C00003EBC003024C44F8132010BD505C0040B9
:1050D00000600040044A126892B202EBC002921CC7
:1050E000024B43F812107047505C004000600040D3
:1050F00030B50E4C04EB8003D3F8003C48F6BF7487
:1051000003EA040201F010030BB182F0100201F077
:1051100020030BB182F0200242F4004343F08003ED
:10512000024D05EB8004C4F8003C30BD0050004047
:1051300010B5074B03EB8002D2F8002C48F68F1312
:105140001A400A43024C04EB8003C3F8002C10BD44
:105150000050004010B500F001F810BD0CB5002063
:10516000019000903348006840F480303149086075
:1051700000BF3048006800F4003000900198401CE7
:105180000190009818B90198B0F5A06FF1D12948A5
:10519000006800F4003010B10120009001E0002010
:1051A00000900098012843D12348006840F0100087
:1051B000214908600846006820F00300086008469E
:1051C000006840F0020008601A48406819494860C9
:1051D0000846406848600846406840F4806048607F
:1051E0000846406820F47C1048600846406840F457
:1051F000E81048600846006840F08070086000BF12
:105200000C48006800F000700028F9D00948406898
:1052100020F00300074948600846406840F002005B
:10522000486000BF0348406800F00C000828F9D12E
:105230000CBD0000001002400020024070B5054681
:105240000C460A480A490860084605730D22812069
:1052500000F0DFFD0520074908702CB1042008701C
:1052600030210120FFF744FF70BD00005553425329
:105270000485002080010020014B99701A7370474B
:105280005901002038B501242948006880B2001D6A
:10529000284931F8100080B201EB40000090264808
:1052A0000068007A092832D00098007822490968FD
:1052B00008700098401C0090009800781E4909680A
:1052C00048700098401C0090009800EB440000904B
:1052D000009931F8020B0091FBF7E0FC16490968D0
:1052E0004880009800EB44000090009931F8020BD0
:1052F0000091FBF7D3FC104909688880009800EB07
:1053000044000090009800880B490968C88001207B
:1053100009490968087208480068C08810B9FEF792
:1053200007F801E0FCF7B8FBFEF718FA38BD0000FB
:10533000505C0040006000408002002010B500205A
:1053400001F04AF9012001F047F901F0C5F8002405
:105350003BE004EBC4001E4901EB4000807800F004
:10536000010080B104EBC40001EB4000807820F024
:10537000010004EBC401164A02EB4101887020468B
:10538000FEF730FA1FE0134850F8240041F288314C
:10539000884218D304EBC4000D4901EB400040786B
:1053A00003280CD104EBC40001EB4000807820F00E
:1053B000020004EBC401064A02EB410188700020A0
:1053C000044941F82400601CC4B2082CC1DB10BDA4
:1053D000E6A8002078B9002010B50446012200217B
:1053E000204601F021FB01221146204601F01CFB62
:1053F0000520FCF79FFC03212046FEF719FF132828
:1054000006D010220121204601F00EFB002010BD25
:1054100004220121204601F007FB0120F7E70000EC
:1054200010B5044640F2B4521221204601F018FB98
:1054300004EBC400114901EB40008288042120469E
:1054400001F00EFB04EBC4000C4911F81000012818
:1054500012D104EBC40001EB400042891021204628
:1054600001F0FEFA04EBC400044901EB4000821D88
:105470000C21204601F010FB10BD0000E6A8002022
:1054800010B5044601220021204601F0CDFA012288
:105490001146204601F0C8FA0520FCF74BFC032119
:1054A0002046FEF7C5FE132806D010220121204613
:1054B00001F0BAFA002010BD02220121204601F0BD
:1054C000B3FA0520FCF736FC03212046FEF7B0FEB8
:1054D000142806D010220121204601F0A5FA002050
:1054E000E9E70120E7E710B5044602220021204643
:1054F00001F09AFA01221146204601F095FA0520A2
:10550000FCF718FC03212046FEF792FE222806D065
:1055100010220121204601F087FA002010BD012051
:10552000FCE7000010B5044600BF02210A48FFF75F
:1055300017FA0028F9D021460748FFF71DFA00BFE7
:1055400001210548FFF70CFA0028F9D00248FFF7BF
:1055500010FAC0B210BD00000030014010B5044682
:1055600000BF02210A48FFF7FBF90028F9D02146C5
:105570000748FFF701FA00BF01210548FFF7F0F9DE
:105580000028F9D00248FFF7F4F9C0B210BD0000BE
:10559000003800402DE9F04754480068007800F0DA
:1055A0007F08B8F1000F0AD150480068407A00F037
:1055B000DF004E49096848720020BDE8F087B8F165
:1055C000020F7CD149480068408818B947480068F4
:1055D000007908B10220F0E7DFF814914348006831
:1055E000477927F080052C4640480068407900F054
:1055F000800038B13F4901EB8400D0F8000C00F086
:10560000300606E03B4901EB8400D0F8000C00F4C2
:10561000405699F80000A84204D91EB133480068EA
:10562000807A08B90220C8E707F0800080B13149CC
:1056300001EB8400D0F8000C00F0300010284BD1B2
:10564000E0B2FBF7FDFEE0B23021FFF751FD43E091
:10565000284901EB8400D0F8000C00F44050B0F56C
:10566000805F39D1E4B9244A92F82C10E0B2FFF7F8
:10567000C1FC204A02EB8401D1F8001C4BF68F726A
:1056800001EA020080F4805080F4005040F40041B0
:1056900041F08001174B03EB8402C2F8001C1BE0B1
:1056A000E0B2FBF7B3FE134A02EB8401D1F8001C11
:1056B0004BF68F7201EA020080F4805000E011E0A6
:1056C00080F4005040F4004141F08001094B03EBAD
:1056D0008402C2F8001C00BF084909684869804775
:1056E00000206AE700BF022067E700008002002078
:1056F000E401002000500040E80100208C0200205E
:1057000010B504462CB9012006490968088200201A
:1057100010BD0549096808688047024800680A30DA
:10572000F6E70000800200208C02002010B502463F
:1057300006480068438A32B98888C01A034C246836
:105740002082002010BD08681844FBE7800200207A
:1057500010B504462CB901200649096808820020CA
:1057600010BD0549096888688047024800680C3008
:10577000F6E70000800200208C02002010B50446ED
:105780002CB90220394909680882002010BD002088
:105790003749088035480068007800F07F0018BB62
:1057A00032490968487A00F0200131B1304909785E
:1057B00041F002012E4A117005E02D49097801F0EF
:1057C000FD012B4A117000F0400131B128490978E0
:1057D00041F00101264A117005E02549097801F0E0
:1057E000FE01234A11703AE020480068007800F07A
:1057F0007F00012801D11E48C8E71C4800680078D6
:1058000000F07F00022828D1184A1268517901F06F
:105810000F0001F080027AB1164B03EB8002D2F840
:10582000002C02F03002102A16D1114A127842F0F0
:1058300001020F4B1A700FE00E4B03EB8002D2F8FF
:10584000002C02F44052B2F5805F05D1084A12786C
:1058500042F00102064B1A7001E0002096E706496B
:10586000096808698047024890E70000800200202C
:1058700094020020005000408C02002010B50E4819
:105880000068C0780D494978884213DC0A480068EE
:10589000807878B908480068808858B90648006858
:1058A000C0780549096888720549096848688047D1
:1058B000002010BD0220FCE780020020E40100204F
:1058C0008C02002010B507480068407A40F02000A4
:1058D00004490968487204490968C869804700207A
:1058E00010BD0000800200208C0200202DE9F04154
:1058F0002E480068467926F080073C462B48006811
:10590000407900F0800038B1294901EB8400D0F8DB
:10591000000C00F0300506E0254901EB8400D0F8CA
:10592000000C00F4405523480078A04208D91F48D5
:105930000068408820B91DB11C480068807A10B901
:105940000220BDE8F08106F08000A0B1184A02EB09
:105950008401D1F8001C48F6BF7201EA020080F011
:10596000100040F4004141F08001114B03EB840230
:10597000C2F8001C14E00E4A02EB8401D1F8001CAE
:105980004BF68F7201EA020080F4805040F400412F
:1059900041F08001064B03EB8402C2F8001C00BFFB
:1059A00005490968886980470020CAE7800200200D
:1059B00000500040E40100208C02002010B5174B7D
:1059C0001B68D978154B1B685879154B1B689A6969
:1059D0009047044611480068807AE8B13CB90F4806
:1059E0000068007918B90D480068807808B1022075
:1059F00010BD8CB90B490968C86880470748006822
:105A0000407906490968C87204480068C0780349AB
:105A1000096808730020EBE70220E9E78002002014
:105A2000840200208C02002000B501200249087089
:105A300000F068F800BD00000000002030B500BF95
:105A4000154800684FF47A72B0FBF2F1B1F1807F33
:105A500001D301201DE021F07F40401E4FF0E022E5
:105A6000506150170F22002807DA13071D0E0B4B49
:105A700000F00F04241F1D5503E013071C0E084BF4
:105A80001C5400BF00204FF0E022906107201061FD
:105A900000200028D4D130BDC400002018ED00E063
:105AA00000E400E010B51348006840F0010011491F
:105AB000086008464068104908400E49486008469A
:105AC00000680E4908400B4908600846006820F449
:105AD000802008600846406820F4FE0048604FF4CB
:105AE0001F008860FFF736FB4FF000600449086034
:105AF00010BD0000001002400000FFF8FFFFF6FE9E
:105B000008ED00E00448006820B103480068401E2A
:105B10000149086070470000D800002070B50546B4
:105B20000C4622462946812000F073F930210120DD
:105B3000FFF7DEFA03200549087005488068001B5E
:105B4000034988600020087370BD000080010020B8
:105B50000485002010B500F073F910BD10B5FCF7F6
:105B600089FC10BD01F40072B2F5007F00D100BFC6
:105B7000CA430280704721B1828942F40052828177
:105B800004E082894DF6FF731A40828170471AB192
:105B9000838A0B43838202E0838A8B43838270472C
:105BA00070B50246002400230025002040F66A1646
:105BB000B14200D100BFC1F3421501F01F0301261D
:105BC00006FA03F3012D02D19689334006E0022D37
:105BD00002D1168A334001E0968A33400C12012626
:105BE00006FA04F41688344013B10CB1012000E029
:105BF000002070BDF0B503460024002600250020DB
:105C000040F66A17B94200D100BF1846C1F34214EA
:105C100001F01F06012707FA06F5012C01D10C300F
:105C200004E0022C01D1103000E014301AB10768F2
:105C30002F43076002E00768AF430760F0BD000034
:105C40002DE9F04786B005460E460024A24600BF67
:105C5000A1460027B08900B100BF2F462C8A4CF620
:105C6000FF700440F08804432C82AC894EF6F31098
:105C70000440B08831890843718908430443AC81EA
:105C8000AC8A4FF6FF400440B0890443AC8201A8BF
:105C9000FDF76AFF1F48874202D1DDF810A001E03E
:105CA000DDF80CA0A88900F4004040B10AEBCA005E
:105CB00000EB0A1031684900B0FBF1F807E00AEB8D
:105CC000CA0000EB0A1031688900B0FBF1F86420CB
:105CD000B8FBF0F004012009642101FB1089A889B8
:105CE00000F4004040B1322000EBC900B0FBF1F0FD
:105CF00000F00700044308E0322000EB09106421A3
:105D0000B0FBF1F000F00F0004432C8106B0BDE8B9
:105D1000F08700000038014001468888C0F3080081
:105D20007047C1F3080282807047000010B5044636
:105D300024B108210448FCF741FB03E00821024894
:105D4000FCF73AFB10BD0000000C014010B5FBF75A
:105D50000DF910BD10B50F4800680F4908800846BE
:105D6000008800F400400D490988084008B1FBF79D
:105D700061F90948008800F48060084909880840F2
:105D800030B14FF6FF300349086005494868804745
:105D900010BD0000445C0040A80100208A020020E1
:105DA000E801002010B5FFF7D5FF10BD10B54FF486
:105DB00000410248FCF702FB10BD00000008014052
:105DC0000020064908604FF4044005490880084651
:105DD00000880249091F086000207047445C0040A9
:105DE0008A0200202DE9F04104460E46002504F009
:105DF0007F00FCF7F5FA054604F07F00FCF7E0FAB7
:105E000007462A4639463046FDF756FB2846BDE888
:105E1000F0812DE9F04104460E46154604F07F005E
:105E2000FCF7F0FA0746AAB23946304600F060F9AE
:105E3000A9B204F07F00FFF74DF90020BDE8F08122
:105E400010B54B49086840F22551FFF7A9FE40B351
:105E500047490868FFF760FFC4B245488068444975
:105E6000C98A44544248C08A401C80B24049C88212
:105E7000C989884202DB00203D49C8823C48408BEA
:105E80003B49C989884204DA3948408B401C38496B
:105E900048833748806A18B13548816A2046884768
:105EA00000BF3349086840F22771FFF779FE60B3FD
:105EB0002F48808A70B92E490022086840F2277165
:105EC000FFF798FE2A490122086840F22661FFF791
:105ED00091FE4CE0264A5268254B5B8AD15C244AED
:105EE0001068FFF71EFF2248408A401C80B22049FC
:105EF00048828989884202DB00201D4948821C486B
:105F0000808A401E1A49888231E01949086840F2A7
:105F10002661FFF745FE50B31548808A68B91449D9
:105F20000022086840F22661FFF764FE1048406ACC
:105F3000E8B10F49486A804719E00D4A52680C4B96
:105F40005B8AD15C0A4A1068FFF7EBFE0848408A7A
:105F5000401C80B2064948828989884202DB0020C1
:105F6000034948820248808A401E0149888210BD48
:105F7000E087002070B50446012000F0F4FD1348CE
:105F8000458B002000F0EFFD0DB9002070BD0F48DB
:105F900080680E49098B405C2070012000F0E3FD11
:105FA0000A48008B401C80B208490883C98988428E
:105FB00002DB0020054908830448408B401E03494A
:105FC0004883002000F0CFFD0120DFE7E0870020BC
:105FD000F8B505460E462248006A10B12049086A05
:105FE0008047002432E010E0012000F0BCFD1C4896
:105FF000808A0090002000F0B6FD19488089BDF825
:106000000010884200DD01E000BFEDE700BF285D21
:1060100013494968124A128A8854012000F0A3FDEE
:106020000F48008A401C80B20D4908828989884245
:1060300002DB00200A4908820948808A401C08497E
:106040008882002000F08FFD601C84B2B442CADB5D
:1060500003490122086840F22771FFF7CBFDF8BD24
:10606000E087002001B501216846FFF7B1FF08BDB8
:1060700015481649086016484860164888604FF46D
:1060800080708881C881002008824882C882088385
:10609000488388820862486288620F480F49086016
:1060A0000F4848600F488860802088810001C881BF
:1060B000002008824882C882088348838882086258
:1060C000486209488862704700380140E087002034
:1060D000E0850020E0860020004400400C8800207D
:1060E00038880020B88800201926000800BFFEE785
:1060F000F0B5144604F1010C4FEA6C07DFF824C038
:106100000CEB41033D460AE00678401C90F800C0C5
:1061100046EA0C2223F8022B9B1C401C6D1E002D0E
:10612000F2D1F0BD0060004010B5002404201249F7
:1061300008601420FBF7FEFD802010490861402014
:10614000086104200C49091F086004E0601CC4B207
:106150000120FBF7EFFD0A48006800F4807008B9E1
:10616000C82CF3DB1420FBF7E5FDC82C01DB012074
:1061700010BD0020FCE70000140C0140001001409D
:106180000808014030B58DB0002500225CA15D48B3
:1061900002F0ACFB044634B15B4850F824105BA01D
:1061A00000F0C2FC05E0584850F8241057A000F059
:1061B000BBFC53A106A802F079FC04463CB152484E
:1061C00050F8241052A000F0AFFC0DB030BD54A028
:1061D00000F0AAFC002500BF694606A802F076FD83
:1061E000044614B99DF8090000B92AE09DF8090099
:1061F0002E2800D123E09DF8080000F0100028B1FF
:106200009DF8081050A000F08FFC04E09DF80810E5
:1062100050A000F089FC52A0009900F085FC0DF11F
:10622000090151A000F080FCBDF8041050A000F05E
:106230007BFCBDF8061050A000F076FC00BF6D1C82
:10624000CAE700BF4EA106A802F030FC044634B1F4
:106250002D4850F824104CA000F066FCB5E730A0A3
:1062600000F062FC002500BF694606A802F02EFD82
:10627000044614B99DF8090000B92AE09DF8090008
:106280002E2800D123E09DF8080000F0100028B16E
:106290009DF808102CA000F047FC04E09DF80810C1
:1062A0002CA000F041FC2EA0009900F03DFC0DF167
:1062B00009012DA000F038FCBDF804102CA000F05E
:1062C00033FCBDF806102CA000F02EFC00BF6D1CA6
:1062D000CAE700BF00220AA1104602F007FB0446ED
:1062E00034B1094850F824102CA000F01DFC05E042
:1062F000054850F8241029A000F016FC00BF64E700
:10630000303A000040030020180000203F3F3F3F8C
:106310003F3F3F3F3F3F3F3F20282573290D0A0065
:106320003F3F3F3F20202020202020207C20203F76
:106330003F3F3F3FA7B3207C203F3F3F3F3F3F3F92
:10634000207C200D0A0000005B3078253032642963
:10635000202000003F5B3078253032642920200067
:10636000202531306400000020202573207C0000AF
:106370002020256400000000202025640D0A000074
:10638000303A2F53595300003F3F3F3F3F3F3F3F7D
:106390003F20282573290D0A00000000A7D83F3FA1
:1063A0003F3F3F3F3F3F3F3F20282573290D0A00D5
:1063B00008B501211920FDF7BDFB2020ADF8000034
:1063C00003208DF8020010208DF803006946124862
:1063D000FBF71EFF2020104948610120ADF80000A6
:1063E00003208DF8020004208DF8030069460B4855
:1063F000FBF70EFF1020ADF8000003208DF802001F
:1064000010208DF8030069460348FBF701FF1020B8
:106410000149086108BD000000100140000C014066
:1064200010B52020054948613220FBF783FC20206D
:1064300002490861C820FBF77DFC10BD0010014037
:1064400010B500248021002000F0C2FA0A20FBF7DA
:1064500071FC04221749012000F046FB0422154973
:10646000091D052000F040FB0622124908310920D1
:1064700000F03AFB04220F49091F0F2000F034FB03
:1064800000BF0BE002221E21204600F0CDFA0222BE
:106490001F21204600F0C8FA601CC4B2082CF1DBB2
:1064A0004FF4FA61192000F0A9FA08211B2000F02E
:1064B0008FFA10BDD8A8002010B5FFF7C1FF00204B
:1064C000FBF744FC0120FBF741FC0020FEF7A8FF8E
:1064D0000120FEF7A5FF10BD70B500BF1720FDF726
:1064E00091FE064606B970BD002469E00120A04077
:1064F00030400121A140884260D102212046FDF7B1
:1065000097FE05462A460221204600F08DFA05F046
:10651000010068B104EBC4002E4901EB4000407853
:1065200040F0020004EBC4012A4A02EB410148702A
:1065300005F0020070B110220121204600F074FA2B
:106540002046FEF76DFF002004EBC401214A02EB58
:106550004101487005F0100068B104EBC4001D490A
:1065600001EB4000807840F0020004EBC401194ABE
:1065700002EB4101887005F0040068B104EBC4002F
:10658000144901EB4000807840F0010004EBC401A5
:10659000104A02EB4101887005F0080070B110222A
:1065A0000121204600F040FA2046FEF739FF002086
:1065B00004EBC401074A02EB41014870601CC4B2FD
:1065C000082C93DB1720FDF71DFE00B186E700BF06
:1065D00089E70000E6A8002010B5044604EBC400DB
:1065E000284901EB4000407800284AD104EBC40060
:1065F00011F81000B0B92046FEF712FF2046FEF752
:106600003FFF012806D104EBC4011E4A02EB410101
:10661000487036E0002004EBC4011A4A02EB410145
:1066200048702EE004EBC400164911F81000012850
:1066300013D12046FEF7D0FE012806D104EBC40199
:10664000104A02EB410148701BE0002004EBC4013A
:106650000C4A02EB4101487013E02046FEF743FF6D
:10666000012807D1032004EBC401064A02EB4101D3
:10667000487006E0002004EBC401024A02EB41012D
:10668000487010BDE6A80020F0B58DB005460F4655
:10669000164627A30FCB01AC0FC4002228A129481E
:1066A00002F024F904462CB1274850F8241027A002
:1066B00000F03AFA2AA106A802F0F8F904463CB123
:1066C000214850F8241022A000F02EFA0DB0F0BDA1
:1066D000022201A9234802F037F9044624B101A996
:1066E00021A000F021FAF1E739461E4801F0E8FB4D
:1066F00005AB324629461B4802F06CFB04463CB908
:106700000598B04204D101A91DA000F00DFA03E0E4
:1067100001A91FA000F008FA124801F0C1FB0022F5
:1067200007A1104602F0E2F8044600BFCEE70000E1
:106730002F7379732F436F6E6669672E696E6900D8
:10674000303A000040030020180000203F3F3F3F48
:106750003F3F3F3F3F3F5B2573290D0A000000008C
:106760002F00000070130020446F6E2774204669CC
:106770006E642046696C65203A2025730D0A00007E
:106780002573203F3F3FA7D53F3F3F3F0D0A000005
:106790002573203F3F3FA7D53F3F3F3F3F0D0A00B6
:1067A0002DE9F04106460C4615463C48006800F1CC
:1067B00040073B48007860B93A48006860433A496E
:1067C0000860384800686843384908600120344947
:1067D00008703348007801284CD100203449086003
:1067E00010E0334801680068401C314A10603148AD
:1067F000415C3148294A1268815428480068401C8D
:106800002649086025480068B842EAD3264800684F
:106810002A4909880844244908602448006827490F
:106820000988401A21490860084600681D4909681E
:10683000B0FBF1F201FB120070B9002017490860AB
:106840001848008883B218480068164A1268811AEE
:10685000194A3046FCF702FB194880681749098835
:10686000401A174988604FF440510220FEF7E8FBB8
:10687000FCF746FA0D48006818B112480078042861
:106880000AD10020054908600121FEF7D7FC00204D
:1068900003490870FCF72AFABDE8F08108010020DE
:1068A00010010020F40000201C0100202001002025
:1068B0000C010020A4840020A47400208201002088
:1068C00004850020800100202DE9F04705460E4692
:1068D000904600212846FDF7ABFC00F00F0022286F
:1068E00014D005EBC500384901EB400000F10C0263
:1068F0000C21284600F0D0F805EBC500324901EB29
:106900004000028A1021284600F0AAF824212846D7
:10691000FDF7AAFC0746B946C7F30A0710202B4922
:1069200048613846FCF7FAFC102101EB4511C9B269
:1069300041F00400FEF7F6FD07EB0800B0F5006F2C
:106940000ADA002405E016F8010BFEF7EBFD601CE7
:1069500084B24445F7DB24E0C7F5006087B2002429
:1069600005E016F8010BFEF7DDFD601C84B2BC42A9
:10697000F7DB10201549086148610020FCF7CEFCC8
:10698000102101EB4511C9B241F00400FEF7CAFD28
:1069900005E016F8010BFEF7C5FD601C84B2444506
:1069A000F7DB10200949086109EB08001FFA80F99C
:1069B0004A462421284600F053F820220121284687
:1069C00000F032F8BDE8F087E6A800200010014092
:1069D00070B505460C461020074948612846FCF76B
:1069E0009DFC0520FEF79EFD2046FEF79BFD102036
:1069F0000149086170BD00000010014070B50546F6
:106A00000C461020074948612846FCF787FC062001
:106A1000FEF788FD2046FCF781FC10200149086143
:106A200070BD00000010014070B504460D461646CA
:106A300010200A4948612846FCF770FC082101EB48
:106A40004411C9B241F00500FEF76CFD3046FEF777
:106A500069FD10200149086170BD0000001001406F
:106A600070B504460D46164610200A49486128466E
:106A7000FCF754FC082101EB4411C9B241F00600B7
:106A8000FEF750FD3046FCF749FC10200149086133
:106A900070BD00000010014070B505460E4614465A
:106AA0001020104948613046FCF738FC082101EB02
:106AB0004511C9B241F00700FEF734FD14F8010B8F
:106AC000FEF730FD14F8010BFEF72CFD14F8010B56
:106AD000FEF728FD14F8010BFEF724FD10200149F4
:106AE000086170BD001001402DE9F04107460C46D9
:106AF000154610200B4948613846FCF70FFC04206E
:106B0000FEF710FD002605E014F8010BFEF70AFD64
:106B1000701C86B2AE42F7DB102002490861BDE866
:106B2000F0810000001001400FB4054B10B503A91F
:106B3000044A029800F01AF810BC5DF814FB00003B
:106B40009D960008EC02002002E008C8121F08C150
:106B5000002AFAD170477047002001E001C1121FDE
:106B6000002AFBD1704780F3108870472DE9FF4F52
:106B70008DB00F460546002606E025280BD0DDE93E
:106B80000F1290476D1C761C28780028F5D111B0A3
:106B90003046BDE8F08F0024A246A1460122EC4910
:106BA00000E0044315F8013F203B02FA03F00842DD
:106BB000F7D128782A2810D06FF02F022878A0F17A
:106BC0003001092914D80AEB8A0102EB410144F093
:106BD000020400EB010A6D1CF0E701CF5FEA000A36
:106BE00003D544F40054CAF1000A44F002046D1CB9
:106BF00028782E2817D115F8010F44F004042A280C
:106C00000ED06FF02F022878A0F1300109290AD8A0
:106C100009EB890102EB410100EB01096D1CF2E770
:106C200057F8049B6D1C28786C280FD006DC4C2884
:106C300017D068280DD06A2814D104E0742810D029
:106C40007A280FD10DE044F400140AE044F48014D3
:106C500001E044F440146978814202D104F58014C3
:106C60006D1C6D1C2A786E2A1FD00CDC632A31D073
:106C700004DC002A8BD0582A11D1A3E0642A68D002
:106C8000692A0CD165E0732A2ED004DC6F2A73D0F8
:106C9000702A04D19BE0752A6FD0782A6ED01046F6
:106CA000DDE90F129047761C50E1C4F30250022830
:106CB00006D0032809D0042801CF09D0066045E199
:106CC00001CFF117C0E9006140E101CF06803DE14D
:106CD00006703BE117F8040B8DF8000000208DF8DA
:106CE0000100EB46012003E057F804BB4FF0FF30F2
:106CF00061074FF0000102D40DE008F10101884660
:106D000049450FDA8045F8DB1BF808100029F4D15B
:106D100008E008F1010188468142FADB1BF80810FF
:106D20000029F6D1DDE90F23AAEB080081462146B0
:106D300000F036F9304400EB080604E0DDE90F12FC
:106D40001BF8010B9047B8F10108F7D221464846DD
:106D5000F7E00A21C4F302534FF0000B0891022B15
:106D600004D001CFC117032B09D00AE0FF1D27F083
:106D70000707F7E8020108E032E01FE020E000B278
:106D8000C117042B01D140B2C117031E71F10003DA
:106D900007DA4FF0000CD0EB0C006CEB01012D2357
:106DA00002E0230504D52B238DF82430012303E0D2
:106DB000E30701D02023F7E7984658E00A2110E0C6
:106DC00010210EE010204FF0000B08900CE0102175
:106DD0004FF0000B44F004044FF00809089103E061
:106DE00008214FF0000B0891C4F30253022B04D08A
:106DF00001CF0021032B06D006E0FF1D27F0070777
:106E0000F7E8020103E080B2042B00D1C0B24FF0DA
:106E1000000823072BD5702A07D0DDF820C08CF09E
:106E2000100C5CEA0B0C05D00EE040238DF82430EA
:106E3000012308E050EA010306D030238DF8243006
:106E40008DF8252002239846DDF820C08CF0080C30
:106E50005CEA0B0C0BD150EA010301D1630706D5A4
:106E600030238DF824304FF00108A9F10109582A88
:106E700004D038A20B9208AA0A920BE03AA2F9E7D2
:106E80005B46089AF9F70CFB0B9B9B5C0A9A521E17
:106E90000A92137050EA0102F2D10A98ADEB000099
:106EA00000F1200B600702D524F4803401E04FF09C
:106EB0000109D94502DDA9EB0B0000E0002000EB41
:106EC0000B0141440890AAEB010AE00306D4DDE976
:106ED0000F232146504600F063F806444FF00009A6
:106EE00008E009A911F80900DDE90F12904709F13E
:106EF0000109761CC145F4DBE0030CD5DDE90F2365
:106F00002146504600F04CF8064404E0DDE90F123B
:106F100030209047761C0899481E08900029F5DC1F
:106F200008E00A980A990078491C0A91DDE90F12D5
:106F30009047761CBBF10001ABF1010BF1DC21465F
:106F40005046DDE90F2300F019F806446D1C1BE6DE
:106F5000092801003031323334353637383961622F
:106F600063646566000000003031323334353637F3
:106F70003839414243444546000000002DE9F041C4
:106F8000044600251E461746880404D405E0394609
:106F90002020B0476D1C641EF9D52846BDE8F0815D
:106FA0002DE9F041044600251E469046C80301D550
:106FB000302700E02027880404D505E04146384604
:106FC000B0476D1C641EF9D52846BDE8F08100006D
:106FD00010B51D488068012121EAD0301B49087096
:106FE00008464078097888422AD01848007898B135
:106FF0001648C078401CC0B21449C870062822DB6D
:107000000846007848700020C87008460278417829
:107010000FA0FFF789FD16E00C48C078401CC0B2F5
:107020000A49C87015280EDB084600784870002011
:10703000C87008460278417805A0FFF775FD02E0A8
:1070400000200249C87010BD00100140D485002006
:107050000D0A3D3D41696E46696C746572203D3D87
:107060005354424C232564203D3D544D5023256408
:107070000D0A000008B501213D20FCF75BFD012150
:107080004748FBF751F901214648FBF74DF9042029
:107090008DF8030003208DF802004EF20F00ADF8CA
:1070A000000069464048FBF7B3F810208DF8030054
:1070B00003208DF8020048F60100ADF80000694693
:1070C0003A48FBF7A5F801213848FBF777F94FF468
:1070D00000413648FBF770F94FF400613348FBF785
:1070E0006DF910208DF8030003208DF802004FF495
:1070F0008050ADF8000069462C48FBF789F84FF442
:1071000080512A48FBF75AF910208DF8030003201C
:107110008DF802004FF4E050ADF8000069462248B7
:10712000FBF776F84FF480611F48FBF745F94FF401
:1071300000611D48FBF740F94FF480511A48FBF7F6
:107140003BF910208DF8030003208DF802004FF466
:107150006060ADF8000069461548FBF759F84FF438
:1071600000711348FBF728F904208DF80300012073
:107170008DF802000220ADF8000069460B48FBF7CD
:1071800047F84FF48050ADF8000048208DF8030018
:1071900003208DF8020069460548FBF739F808BD61
:1071A00000043000000230000010014000080140DF
:1071B000000C014000B585B001210820FCF7BAFCA5
:1071C00001214805FCF7A6FC2020ADF810000320A3
:1071D0008DF8120004208DF8130004A91C48FBF759
:1071E00017F8C020ADF8100003208DF812001C2005
:1071F0008DF8130004A91648FBF70AF80020ADF833
:1072000004004BF6FF70ADF80600A020ADF80800B2
:107210004FF48060ADF80A000001ADF80C004CF2AC
:107220005030009069460B48FBF79EFB012109484E
:10723000FBF759FB01210748FBF734FB06480749D8
:10724000086000F0F7F8FDF731F905B000BD000067
:10725000000C014000540040D4020020DC02002059
:1072600010B504467D20FCF7E9FC08B1FCF772FC80
:1072700045F25550FBF71EFC0320FBF70FFCA0B2B4
:10728000FBF712FCFBF702FCFBF7F4FB10BD000060
:1072900000B585B000F036F800214FF48050FCF7BF
:1072A00049FC01210803FCF745FC0020ADF8000073
:1072B0004FF48270ADF802000020ADF80400022007
:1072C000ADF806000120ADF808004002ADF80A0054
:1072D0000820ADF80C000020ADF80E000720ADF836
:1072E000100069460648FDF749FB00210448FDF7F8
:1072F0002BFB01210248FDF727FB05B000BD000074
:107300000030014008B501210420FCF713FC0320E4
:107310008DF8020018208DF80300E020ADF8000081
:1073200069460248FAF774FF08BD000000080140F2
:1073300000B585B000F034F800214FF48040FCF730
:10734000E9FB01218803FCF7E5FB0020ADF8000014
:107350004FF48270ADF802000020ADF80400ADF8E3
:107360000600ADF808004FF40070ADF80A002020C8
:10737000ADF80C000020ADF80E000720ADF81000AD
:1073800069460648FDF7FAFA00210448FDF7DCFAE1
:1073900001210248FDF7D8FA05B000BD00380040D1
:1073A00008B501210820FCF7C5FB03208DF8020079
:1073B00018208DF803004FF46040ADF800006946D6
:1073C0000148FAF725FF08BD000C014008B501216E
:1073D0000420FCF7AFFB1020104908608DF8030073
:1073E00003208DF802001020ADF8000069460B481C
:1073F0001038FAF70DFF03F0C1F810200749091DF6
:1074000008600420FEF78EF810200449086003F09D
:1074100061F9002003F03CFA08BD000010080140AB
:1074200010B5FEF725FEFBF783FBFAF77DF9FAF7B7
:1074300040F810BD0EB505210120FAF7C9FE202045
:10744000019000208DF808000C208DF80900012023
:107450008DF80A0001A8FAF709FE17208DF8000040
:1074600001208DF802008DF803006846FBF714FF39
:107470000EBDF0B541790279C778032A04DA02F12A
:107480000C06B2B24E1EB1B24FEAE17C01EB9C7C1D
:107490004FEAAC03561C06EB860C0CEBC6064FF00D
:1074A000050C96FBFCF4CE1826443E44761EB5B27D
:1074B000072695FBF6FC06FB1C558571F0BD000008
:1074C00070B504460D4600202071401EE06229463A
:1074D000204602F0A9FC08B1032070BD94F82E12DA
:1074E00094F82F0241EA00204AF65521884201D043
:1074F0000220F2E794F86900010694F8680041EA76
:10750000004194F8670041EA002094F866100843AF
:1075100020F07F400D49884201D10020DDE794F83A
:107520008500010694F8840041EA004194F8830044
:1075300041EA002094F88210084320F07F4003497C
:10754000884201D10020C8E70120C6E74641540027
:10755000024600E0521C107810B110788842F9D130
:1075600010787047F0B5574C2468647804F00F0425
:10757000544D2D686D782D1105EB850504EB4505FF
:10758000504C2468A47804F00F044E4E3668B67848
:10759000361106EB860604EB4604C4EB041405EB37
:1075A0008403484C2468A47924B1464C2468A47907
:1075B000062C3BD1002136E001EB4105424C2C4426
:1075C000647804F00F0501EB41063F4C34446478C5
:1075D000241104EB840405EB440501EB41063A4C0D
:1075E000A45D04F00F0601EB4107374CE45D241164
:1075F00004EB840406EB4404C4EB041405EB84029E
:10760000934209DA09B9002005E04C1E04EB440559
:107610002D4C2C44A07808E0052901D1002004E07D
:1076200000BF4C1CE1B20629C6DB3EE0002139E078
:1076300001EB4104244D123D2C44647804F00F0406
:1076400001EB4105204E123E35446D782D1105EBBE
:10765000850504EB450401EB4105755D05F00F055B
:1076600001EB4106184F123FBE5D361106EB860650
:1076700005EB4605C5EB051504EB850293420ADAD6
:1076800009B9002006E04C1E04EB44040E4D123DE7
:107690002C44A07808E0052901D1002004E000BFB7
:1076A0004C1CE1B20629C3DB00BFE02808DDA0F1D5
:1076B000E00404EB8404B82505EB4404E0B200E0E8
:1076C0000020F0BDDC0200201234002070B503461B
:1076D0000D46586A021D280B1E68B678B0FBF6F4FA
:1076E00000BF02CA09B9002070BD8C4200D202E07E
:1076F000641A121DF5E700BF10682044F4E7024643
:10770000891E5069801E884201D8002070479378F6
:10771000906A01FB0300F9E72DE9F047044689462A
:10772000B9F1000F06D1E76817B16069B84215D802
:10773000012713E04946204601F0E2FF0646022EEB
:1077400002D20120BDE8F087701C08B93046F9E785
:107750006069B04201D93046F4E74F463D4600BF6C
:107760006D1C6069A84204D80225BD4201D90020E1
:10777000E8E72946204601F0C3FF064606B909E0BE
:10778000701C08B1012E01D13046DBE7BD42E7D1C4
:107790000020D7E700BF6FF070422946204602F074
:1077A00011FC8046B8F1000F08D1B9F1000F05D0E7
:1077B0002A464946204602F005FC8046B8F1000FF3
:1077C0000BD1E5602069401C78B12069401E206122
:1077D000607940F00100607107E0B8F1010F02D15B
:1077E0004FF0FF3000E0012005462846AAE70000E0
:1077F0002DE9F35F0198D0F8009001E009F101094B
:1078000099F800002F28F9D099F800005C28F5D0ED
:10781000009886690B222021304602F0FBFA0025F1
:107820002F46AB464FF0080A00BF58460BF1010B3C
:1078300019F80040202C03DD2F2C01D05C2C00D146
:1078400053E02E2C01D057450DD3BAF1080F01D1CA
:107850002E2C02D00620BDE8FC9F08274FF00B0A13
:10786000A806050EE1E7802C01DB45F00305812C1D
:1078700020DBFE2C1EDC58460BF1010B19F80080B2
:10788000B8F1400F02DBB8F17E0F05DDB8F1800FD3
:1078900006DBB8F1FE0F03DCAAF10100B84201D803
:1078A0000620D8E738467F1C345438467F1C06F83B
:1078B000008019E0214620A0FFF74AFE08B106200B
:1078C000C9E7412C04DB5A2C02DC45F0020508E034
:1078D000612C06DB7A2C04DC45F00105A4F12000C4
:1078E000C4B238467F1C34549FE700BF09EB0B013C
:1078F00001980160202C01DC042000E000200446F7
:107900000FB90620A7E73078E52801D105203070AF
:10791000BAF1080F01D1A806050E05F003000128F1
:1079200001D144F0100405F00C00042801D144F00A
:107930000804F47200208EE7222A2B2C3A3B3C3DAF
:107940003E3F5B5D7C7F00002DE9F04104460E4622
:107950000021204600F030F90546EDB9002700BFB0
:107960002169206802F060FA054605B113E06069FC
:107970000078E52802D06069007820B9781C0746B5
:10798000B04201D107E000270121204600F038F87D
:107990000546002DE4D000BF042D00D10725284660
:1079A000BDE8F0812DE9F04104460021204600F0B9
:1079B00003F9054615B12846BDE8F08100BF2169ED
:1079C000206802F031FA054605B116E0666937789D
:1079D0000FB9042511E0F07A00F0080030B90B224D
:1079E0003046A16902F0F6F900B906E00021204610
:1079F00000F006F80546002DE1D000BF2846DBE781
:107A00002DE9F04104468846E088461CB0B208B132
:107A1000206910B90420BDE8F08106F07F0000283D
:107A20006CD12069401C2061E06828B92068008979
:107A3000B04263D80420EEE720688078401E00EA58
:107A4000D61000285AD1E168206801F059FE054699
:107A5000012D01D80220DEE7681C08B90120DAE711
:107A600020684069A84243D8B8F1000F01D1042032
:107A7000D1E7E1682068FFF74FFE05460DB9072002
:107A8000C9E7012D01D10220C5E7681C08B9012012
:107A9000C1E7206803F0A6F808B10120BBE7216820
:107AA00001F130004FF48052002102F0B3F9294671
:107AB0002068FFF724FE2168C86200270EE001203D
:107AC00021680871206803F08DF808B10120A2E751
:107AD0002068C06A401C2168C8627F1C20688078CA
:107AE000B842ECD82068C06AC01B2168C86200BFD9
:107AF000E56029462068FFF702FE2061E6802068E5
:107B0000303006F07F0100EB41106061002082E719
:107B10002DE9F04704468946042526E021692068BE
:107B200002F082F9054605B122E0D4F8148098F8F5
:107B300000600EB904251BE098F80B0000F03F0729
:107B4000E52E0BD02E2E09D00F2F07D0082F01D1F4
:107B5000012000E00020484500D109E00021204636
:107B6000FFF74EFF054605B102E020690028D5D198
:107B700000BF0DB1002020612846BDE8F08770B538
:107B8000044601212046FFF7DFFE054695B921692D
:107B9000206802F049F9054665B920220021606994
:107BA00002F038F90B22D4E9050102F026F9012090
:107BB00021680871284670BD2DE9F04104460E4643
:107BC000E680A568012D03D020684069A84202D84C
:107BD0000220BDE8F0812DB920680078032801D18A
:107BE0002068456A45B920680089B04201D8022062
:107BF000EFE72068476A1EE0206880784FEAC018E7
:107C000012E02946206801F07BFD0546681C08B992
:107C10000120DEE7022D03D320684069A84201D885
:107C20000220D6E7A6EB08064645EAD22946206898
:107C3000FFF765FD0746E5600FB90220C9E707EBCE
:107C4000D61020612068303006F07F0100EB411033
:107C500060610020BDE710B504462CB9FFF718FBA2
:107C6000FFF7B4FB002010BD0120FCE70346BBB9C1
:107C7000052914D2DFE801F0030A050F11000020E6
:107C800070474FF4805010800020F9E74FF4806077
:107C900010600020F4E70020F2E70020F0E700BFCA
:107CA00000BF0420ECE72DE9F04104460D461646DE
:107CB0001F463CB93A033103284602F00DFC002070
:107CC000BDE8F0810420FBE7014611B9002210460F
:107CD00070470120FCE72DE9F04105460E461746A6
:107CE0001C4614B90420BDE8F08185B94FF00008A6
:107CF00009E039034FF48052304602F001FD08F1EB
:107D0000010000F0FF08A045F3DB0020EBE70420B2
:107D1000E9E7000010B55048008898B14F48007856
:107D200080B901204D49087000204D4908704A492A
:107D300048804C4908804C490870474801884BA04E
:107D4000FEF7F2FE44484088B0B14548007898B943
:107D50000120434908700020404908703E490880CE
:107D6000084640883F49088000203F4908703A484B
:107D7000418840A0FEF7D8FE38480078012825D178
:107D800039480078401C3849087008460078642853
:107D90001CDB0020087030480088012805DC00202A
:107DA0002E4908702C4908800BE02B480088401EA3
:107DB0002949088008460088012802D102202A4962
:107DC0000870254801882DA0FEF7AEFE24480078F3
:107DD000012840D124480078401C234908700846F7
:107DE000007864281EDB002008701B4840880128AA
:107DF00007DC00201A49087017494880214908709B
:107E00000BE015484088401E1349488008464088CA
:107E1000012802D10220144908700F4841881AA095
:107E2000FEF782FE0E480078012814D10D48008824
:107E300008280DDD1348007868B9074840880828ED
:107E400009DC01200F49087011A0FEF76DFE02E069
:107E500001200C49087010BDCC020020C90200208E
:107E6000CA020020D0020020C8020020522D2D2579
:107E7000640D0A00472D2D25640D0A00523A256431
:107E80000D0A0000A4020020473A25640D0A0000F4
:107E9000475F73706565645F75700D0A00000000D0
:107EA00070B50546284600F03DFF044634B9284623
:107EB00002F07CFF04460CB900202860204670BD0B
:107EC0002DE9FE4F04460D46204602F06FFF02905A
:107ED000029810B10298BDE8FE8FE07908B1E07910
:107EE000F9E7606A002871D0681C00283BD1D4F8FB
:107EF000248058F804AB4FF0020926693EB300BF56
:107F000000964FF0000B09F1020900BF01960BF13A
:107F1000010B3146206801F0F3FB0646012E02D822
:107F20000220E071D7E7701C10B90120E071D2E7A0
:107F30000198401C8642E9D0D14504D848F804BBDA
:107F4000009848F8040B20684069B042D8D8606AAD
:107F5000C0F80090D14503D80020C8F8000047E0E1
:107F60001120029044E0E068A84200D2E568A560D4
:107F7000002D3DD0691E2046FFF7A8FB60616169B6
:107F80002068FFF7BCFB074617B90220E071A2E7A3
:107F900020688078401E691E00EA1130074420895D
:107FA000C0F30B0020B3A069B84221D0A07900F043
:107FB000400080B121684878012304F12801A269BA
:107FC000FFF789FE18B10120E07184E711E0A07984
:107FD00020F04000A0712168487801233A4604F15E
:107FE0002801FFF760FE10B10120E07173E7A7617F
:107FF000ABE0E068A84204D2A07900F0020000B92A
:10800000E568D4F808904FF00008C4F80880002D07
:1080100067D0206880780703B9F1000F11D0681E7F
:10802000B0FBF7F1A9F10100B0FBF7F0814208D3F2
:10803000A9F10100791E8843A060A0682D1A666925
:1080400012E026697EB900212068FFF765FB06462D
:10805000012E02D10220E0713DE7701C10B9012011
:10806000E07138E726616661C6B323E0A07900F0CD
:10807000020038B131462068FFF74EFB064636B99C
:108080003D4619E03146206801F03AFB0646701C77
:1080900010B90120E0711EE7012E03D92068406964
:1080A000B04202D80220E07115E76661A06838444A
:1080B000A060ED1BBD42D9D800BFA0682844A060D5
:1080C000C5F30B0050B131462068FFF718FB80461E
:1080D000B8F1000F03D10220E071FCE601E008EBEB
:1080E00015382089C0F30B0020B3A069404521D08A
:1080F000A07900F0400078B121684878012304F1AC
:108100002801A269FFF7E7FD10B10120E071E2E666
:10811000A07920F04000A0712168487801234246F0
:1081200004F12801FFF7BFFD10B10120E071D2E694
:10813000C4F81880D4E90201884205D9A068E0603B
:10814000A07940F02000A07100BF0298C3E62DE99D
:10815000F1478BB001F048FB064601220BA904A8A9
:1081600001F05EF80546002D7DD101A80A9004A813
:108170000B9901F04BFA054605B9082500BF042DFF
:10818000F2D100210498FFF7C7FA0746002507B986
:108190000725012F00D10225781C00B901251DB942
:1081A000049802F01FFD0546002D5AD13946049867
:1081B000FFF7A5FA8146049800F130044FF480528D
:1081C0000021204601F026FE0B222021204601F04E
:1081D00021FE2E2020701020E072A675310AE17574
:1081E000310C2176310E61763946204602F082FB51
:1081F0002022214604F1200001F0FFFD2E2084F80A
:108200002100DDF818A004980078032804D1049810
:10821000406A504500D1AA46514604F1200002F0C0
:1082200069FB049890F8028017E00498C0F82C903D
:1082300009F10109012004990871049802F0D2FCA7
:10824000054605B10CE04FF480520021204601F0B4
:10825000E1FDA8F1010000F0FF08B8F1000FE4D142
:1082600000BF2DB900E01EE004A8FFF788FC05461A
:1082700025B13946049801F040FF14E0099C102014
:10828000E072A675310AE175310C2176310E617606
:108290003946204602F02EFB01200499087104980B
:1082A00002F03CFC054628460CB0BDE8F087000013
:1082B0002DE9F74F90B0914610A801F077FB0F9091
:1082C0000F98002803DA0B2013B0BDE8F08F119847
:1082D000012801DD1320F7E7A9F1010000EA0900F8
:1082E00008B11320F0E7FE490F9851F820B0BBF118
:1082F000000F01D10C20E7E700208BF800000F9859
:10830000C0B20C9000200B900C98FFF7A4FC0190D9
:10831000019800F0010008B10320D5E7019800F0B2
:10832000040008B10A20CFE700BF04AA01210C987D
:10833000FFF79CFC10B90498802801D20120C3E704
:10834000119808B1002000E03F2080460498A0EB7F
:1083500008000490B9F1000F12D1FA210498B0FB83
:10836000F1F00A904FF0000A01E00AF1010ADD483D
:1083700030F81A100A988142F7D8DB4830F81A9082
:108380004FEA1939B9F1000F01D14FF00109B9F1E4
:10839000800F01D94FF080090498B0FBF9F701254F
:1083A00040F6F670874200D302254FF6F6708742FA
:1083B00000D30325032D0AD1082000EB870000F627
:1083C000FF70060B202003900020029011E0012D89
:1083D00005D107EB4700401C4008C01C01E07800B5
:1083E000001D064606F6FF70060B012003900420D0
:1083F00002900398404407900798304406900299F1
:1084000006980844059005984844A0EB0800049994
:10841000884201D90E2057E709AA03210C98FFF7DB
:1084200025FC28B9099818B10998B0F5004F01D971
:1084300001200990099905980844401E491E884367
:10844000099009990598081A0990032D08D10999EE
:10845000039808440390099907980844079001E09D
:1084600009980644DDE90301081A811B0298081ADD
:10847000B0FBF9F7022D03D140F6F670874205D321
:10848000032D05D14FF6F670874201D20E201BE76F
:10849000032D02D10C200D9010E0012D06D104987F
:1084A000B0F5803F02D201200D9007E00498B0F5AE
:1084B000803F01D2042000E006200D9000BF1198FB
:1084C00010B1F0200E9044E04FF4805200210BF1E7
:1084D000300001F09FFC0BF5F77401206070A07074
:1084E0000020E0700D982071FE20607104984044D7
:1084F0003F21B0FBF1F0FF21B0FBF1F009903F21EB
:10850000099841EA9000A0710998E0713F2020721B
:1085100000216172A172E172049820730498010A2B
:1085200061730498010CA1730498010EE173552145
:108530008BF82E12AA218BF82F12012300220BF1A7
:1085400030010C98FFF7C7FB08B10120BCE6F8200A
:108550000E900BF130044FF480520021204601F0C0
:1085600059FC0B2261A1204601F047FC4FF4805AD0
:1085700084F80BA04FEA1A21217384F80D90039818
:10858000A0730398010AE17301202074032D01D127
:10859000002001E04FF40070824684F811A04FEAF9
:1085A0001A21A1740498B0F5803F05D20498E074B4
:1085B0000498010A217510E0049884F820000498BA
:1085C000C0F30721212001550498C0F30741222060
:1085D00001550498010E232001550E9860753F2027
:1085E000207600216176FF20A076E17684F81C8059
:1085F0004FEA182161774FEA1841A1774FEA1861D5
:10860000E17701F0F1F80990032D3ED1099884F843
:1086100043000998C0F30721442001550998C0F38D
:108620000741452001550998010E4620015584F85F
:108630002460C6F3072125200155C6F307412620F3
:108640000155310E27200155022084F82C0000210D
:108650002D2001552E2001552F200155012084F891
:10866000300031200155062084F8320033200155B6
:10867000802084F84000292084F8420013221EA1A3
:1086800004F1470001F0B9FB1FE0099884F82700C6
:108690000998C0F30721282001550998C0F3074124
:1086A000292001550998010E2A200155A675310A85
:1086B000E175802084F82400292084F82600132204
:1086C00012A104F12B0001F098FB552084F8FE0163
:1086D000AA2140F2FF1001550123424621461FE026
:1086E00098020020C0B20008D6B20008EBFE904D00
:1086F00053444F53352E30004E4F204E414D4520B0
:108700002020204641543332202020004E4F204E5E
:10871000414D45202020204641542020202020008B
:108720000C98FFF7D8FA08B10120CDE5032D06D14A
:10873000012308F1060221460C98FFF7CCFA0798AE
:1087400008904FF0000A61E04FF48052002120466B
:1087500001F060FB0E980990032D14D0012D01D17A
:10876000614801E06FF0FF000999084309900998FA
:1087700020700998000A60700998000CA070099890
:10878000000EE07019E0099860F0FF000990099868
:1087900020700998000A60700998000CA070099870
:1087A000000EE070FF202071FF216171A171E17165
:1087B00020726172A1720F21E1720898411C024679
:1087C0000123089121460C98FFF785FA08B1012092
:1087D0007AE54FF480520021204601F01BFB012076
:1087E00009900EE00898411C024601230891214699
:1087F0000C98FFF770FA08B1012065E50998401C54
:1088000009900998B042EDD30AF1010ABAF1000FBC
:108810009AD0032D01D1484600E00298824600BF5D
:108820000898411C02460123089121460C98FFF745
:1088300052FA08B1012047E5AAF10100B0F1000A9F
:10884000EED1032D46D15220207060706120A070BF
:108850004120E070722084F8E401722140F2E510BA
:1088600001554121401C01556121401C0155781ED4
:1088700084F8E801C0F3072140F2E9100155781EA1
:10888000C0F307414FF4F5700155781E010E40F218
:10889000EB100155022084F8EC01002140F2ED10AC
:1088A0000155401C0155401C0155552084F8FE011E
:1088B000AA2140F2FF100155012308F101022146CF
:1088C0000C98FFF708FA012308F1070221460C98DB
:1088D000FFF701FA002211460C98FFF7C7F908B11B
:1088E0000120F1E40020EFE400FFFF00F7B582B0C3
:1088F00016460398019001A801F058F80546002D8E
:1089000002DA0B2005B0F0BD0E4850F825400CB13E
:1089100000202070029810B10020029908700949C7
:10892000029841F82500029808B1012E01D00020DC
:10893000E8E7002203A902A800F072FC07463846C7
:10894000E0E70000980200202DE9F7438AB00546D1
:1089500016461DB909200DB0BDE8F083002028603F
:1089600006F01F0626F001020BA903A800F058FC30
:108970000746002F7ED1CDF824D003A80B9900F034
:1089800045FE0746089C0FB904B9062706F01C00EF
:10899000002851D04FB1042F03D103A8FFF7EFF8FF
:1089A000074646F00806089C09E0E07A00F011004E
:1089B00008B1072703E006F0040000B10827002FE4
:1089C00039D106F00800002835D000F00DFF8046B0
:1089D00084F80E804FEA1821E1734FEA18412174A0
:1089E0004FEA186161740020E072207700216177FE
:1089F000A177E1772146039800F0FDFF8146002131
:108A0000204601F077FF012003990871B9F1000FAA
:108A100011D00398D0F82C804946039801F06DFBE3
:108A2000074647B9A9F101000399C8604146039878
:108A300001F0FAF907460EE06FB9E07A00F0100095
:108A400008B1042707E006F0020020B1E07A00F048
:108A5000010000B1072747B906F0080008B146F049
:108A600020060398C06AE8612C621FB9AE7100202D
:108A7000E87100E018E02146039800F0BCFF28618F
:108A8000E07F0106A07F41EA0041607F41EA0020CB
:108A9000217F0843E8600020A860A861686203980D
:108AA00028602868C088A880384654E733B585B068
:108AB000044614B9092007B030BD002206A904A855
:108AC00000F0AEFB05461DBB0498206001A8A06124
:108AD0002046069900F09AFD0546B5B9606958B17F
:108AE0006069C07A00F0100028B16169049800F054
:108AF00082FFA06000E005253DB90498C088A080F1
:108B000000212046FFF758F80546042D00D1052521
:108B10000DB1002020602846CDE72DE9FF4F83B03E
:108B2000044615469A46DDF810B00020CAF8000049
:108B3000204602F03BF90290029818B1029807B063
:108B4000BDE8F08FE07908B1E079F8E7A07900F0AE
:108B5000010008B90720F2E7D4E90210401A00909A
:108B60000098854200D9009DABE02089C0F30B003E
:108B7000002877D120688078401EA16800EA113073
:108B800000F0FF09B9F1000F1FD1A06810B92069EA
:108B900001900CE0606A28B12046A168FEF796FDBE
:108BA000019004E06169206800F0AAFD019001983D
:108BB000022802D20220E071C1E70198401C10B9DE
:108BC0000120E071BBE70198606161692068FEF7F0
:108BD00096FD064616B90220E071B0E74E444FEA12
:108BE0001538B8F1000F2AD009EB08002168897800
:108BF000884203D920688078A0EB090808F0FF03B9
:108C00002168487832465946FFF74DF810B10120E7
:108C1000E07194E7A07900F0400068B1A069801B82
:108C2000404509D2A169891B0BEB01304FF48052FA
:108C300004F1280101F0E1F84FEA083737E0A069B4
:108C4000B04220D0A07900F0400080B1216848787F
:108C5000012304F12801A269FFF73DF818B10120B2
:108C6000E0716CE710E0A07920F04000A07121686D
:108C700048780123324604F12801FFF714F810B1B7
:108C80000120E0715BE7A6612089C0F30B00C0F50D
:108C90008057AF4200D92F462089C0F30B0204F160
:108CA000280011183A46584601F0A7F800BFBB4407
:108CB000A0683844A060DAF800003844CAF8000020
:108CC000ED1B002D7FF451AF002038E7FEB50546BF
:108CD0000E46284602F06AF804460CBB2EB9002165
:108CE0002846FEF769FF04461AE0C5F818D00021AF
:108CF0002846FEF70DFF0446042C02D1002028610F
:108D000000246CB93146284600F0CCFD00212846ED
:108D1000FEF776FE0446042C02D1002028610024D0
:108D20002046FEBD2DE9F0410446204602F03EF803
:108D30000746002F4CD1A07900F02000002847D032
:108D4000A07900F0400078B121684878012304F14F
:108D50002801A269FEF7BFFF10B10120BDE8F08134
:108D6000A07920F04000A071E169206801F05CF872
:108D70000746002F2CD1256AE87A40F02000E872DF
:108D8000207B2877A089010A6977E068010CA97720
:108D9000E068010EE9772846216901F0ABFD00F09B
:108DA00023FD0646AE75310AE975310C2976310E80
:108DB00069760020A8740021E974A07920F02000D1
:108DC000A071012021680871206801F0A7FE074604
:108DD0003846C3E72DE9FF4F83B0044615469B464E
:108DE000049801900020CBF80000204601F0DEFF3F
:108DF0000290029818B1029807B0BDE8F08FE079B0
:108E000008B1E079F8E7A07900F0020008B907207E
:108E1000F2E7A0682844A168884200D20025BFE09C
:108E20002089C0F30B0000287ED120688078401E86
:108E3000A16800EA113000F0FF0ABAF1000F26D154
:108E4000A06838B9276997B900212068FEF764FC4B
:108E500007460CE0606A28B12046A168FEF736FCA0
:108E6000074604E061692068FEF756FC074607B92B
:108E700099E0012F02D10220E071BDE7781C10B902
:108E80000120E071B8E76761206900B92761A07926
:108E900000F0400078B121684878012304F12801EE
:108EA000A269FEF718FF10B10120E071A4E7A079D4
:108EB00020F04000A07161692068FEF720FC0646A2
:108EC00016B90220E07197E756444FEA1539B9F117
:108ED000000F2DD00AEB090021688978884203D958
:108EE00020688078A0EB0A0909F0FF032168487820
:108EF00032460199FEF7EFFE10B10120E0717BE7E9
:108F0000A069801B48450ED2A069801B019A02EB24
:108F100000314FF4805204F1280000F06EFFA07978
:108F200020F04000A07100E016E04FEA09382AE086
:108F3000A069B0420FD0D4E9020188420BD2216867
:108F400048780123324604F12801FEF7ACFE10B147
:108F50000120E07150E7A6612089C0F30B00C0F545
:108F60008058A84500D9A8462189C1F30B0204F115
:108F7000280150184246019900F03FFFA07940F0C7
:108F80004000A07100BF019840440190A068404497
:108F9000A060DBF800004044CBF80000A5EB08051A
:108FA000002D7FF43DAF00BFD4E90201884201D912
:108FB000A068E060A07940F02000A07100201BE7CD
:108FC00010B50E48807E012816D10C4890F82E006E
:108FD00090B90020094988760846407E20B10020DB
:108FE00048760748FEF75CFFFAF7D6FA01200349F6
:108FF0008877C8760020086210BD000010030020AA
:109000009823002010B5784B9B68C3F34133774C0D
:10901000237023461B78764C247883EA0402002AC6
:1090200043D0012100203DE002EA01038B4231D10F
:109030006F4B1B780B408B4216D16E4B33F81030C0
:109040005B1C9BB26B4C24F81030062B26DB684B64
:109050001B784B40664C23700123674C235400233C
:10906000644C24F8103019E0624B33F810305B1C6C
:109070009BB2604C24F81030152B0FDB5C4B1B7837
:109080004B405B4C237000235B4C2354594C24F819
:10909000103003E00023574C24F810304B06190E13
:1090A000431CD8B20228BFDB03E00023514C2380CD
:1090B0006380514B1B78012B26D14F4B5B781BBB38
:1090C0004E4B1B78012B1BD04D4B1B785B1CDBB22E
:1090D0004B4C2370032B13DD002323700123494CD9
:1090E0002380464C2370484B1B781BB10023464C11
:1090F000237002E00023454C23700023444C23706E
:109100000023444C23806EE03B4B1B788BBB3A4BD7
:109110005B78012B35D1394B1B78022B16D0384B9D
:109120001B785B1CDBB2364C2370032B25DD002340
:1091300023700123334C23800223304C23700123FE
:10914000354C23700023354C237016E0334B1B78CD
:10915000012B12D1304B1B78012B0BD100232E4C4D
:1091600023702E4C23700123274C2370274C23702F
:1091700003E006E00023294C23700023254C2380C4
:1091800031E01D4B1B7873BB1B4B5B785BBB214BEA
:109190001B885B1C9BB21F4C23800A2B23DD174BC3
:1091A0001B78022B02D101231C4C2370194B1B8806
:1091B000B3F57A7F17D10023164C2380104C23700F
:1091C0000123104C238000230C4C23700E4B1B7882
:1091D0001BB100230C4C237002E000230B4C2370C6
:1091E00000230B4C237010BD00100140AD02002085
:1091F000AC020020B0020020AA020020A902002038
:10920000B8020020B4020020A5020020A60200201F
:10921000A4020020B6020020B9020020BA020020F9
:109220002DE9F74F88B0002108980160099800F0F7
:10923000BDFB07900798002803DA0B200BB0BDE8B0
:10924000F08FD549079851F820400CB90C20F5E76C
:1092500008980460207878B16078FEF735FD804684
:1092600008F0010040B90A9820B108F0040008B1E4
:109270000A20E3E70020E1E70020207007986070F3
:109280006078FEF7E8FC804608F0010008B1032092
:10929000D4E70A9820B108F0040008B10A20CDE70D
:1092A000002739462046FEF70BF90546012D01D06F
:1092B0006DBB2CE0002614E004F5F77101EB0610FD
:1092C000017951B1C17A0A06817A42EA0142417AB2
:1092D00042EA0121027A114300E000214DF82610F4
:1092E000761C042EE8D3002606B1761E00BF5DF87A
:1092F000267027B139462046FEF7E2F800E002204A
:1093000005461DB1701C06460428F0D300BF032D8E
:1093100001D1012092E70DB10D208FE73B20015DC7
:1093200094F83C0041EA0020B0F5805F01D00D20A8
:1093300084E74620015D94F8470041EA0029B9F12D
:10934000000F0ED194F85700010694F8560041EA38
:10935000004194F8550041EA002094F8541040EA86
:109360000109C4F818904020005DE070E078012801
:1093700004D0E078022801D00D205FE7E07809FBF7
:1093800000F93D20005DA070A07818B1A078411EC2
:10939000084008B10D2051E74120015D94F84200DA
:1093A00041EA00202081207A00F07F0008B10D20E2
:1093B00044E74320015D94F8440041EA002BBBF1EF
:1093C000000F0ED194F85300010694F8520041EAC0
:1093D000004194F8510041EA002094F8501040EA0E
:1093E000010B3E20015D94F83F0041EA002004900B
:1093F000049808B90D2021E704984844218900EB1E
:10940000D11006900698834501D20D2016E70698E4
:10941000ABEB0000A178B0FBF1FABAF1000F01D17B
:109420000D200BE7012540F6F670824500D302259A
:109430004FF6F670824500D303250AF10200606101
:10944000E76104983844206206983844A062032DEE
:1094500016D1208908B10D20F0E694F85F000106CE
:1094600094F85E0041EA004194F85D0041EA002072
:1094700094F85C100843606260698000059014E015
:10948000208908B90D20D9E6206A48446062022D7F
:1094900002D16069400007E0207D00F001006169B1
:1094A00001EB410100EB51000590A169059800F620
:1094B000FF70B1EB103F01D20D20BFE64FF0FF303F
:1094C0002061E06080206071032D5AD194F8601013
:1094D00094F8610041EA0020012852D1791C20460D
:1094E00000F0A2FCE8BB0020607194F82E1294F802
:1094F0002F0241EA00204AF65521884241D133200B
:10950000005D01063220005D41EA00413120005D2E
:1095100041EA002094F8301008432049884230D1B5
:1095200094F81702010694F8160241EA004194F8F3
:10953000150241EA002094F81412084318498842A1
:109540001FD194F81B02010694F81A0241EA004167
:1095500094F8190241EA002094F818120843206197
:1095600000E00EE094F81F02010694F81E0241EAA2
:10957000004194F81D0241EA002094F81C120843AF
:10958000E060257007480088401C80B205490880CB
:10959000E080002052E60000980200205252614113
:1095A00072724161A0020020174890F87F00F8B164
:1095B0001548B0F88000401C80B21349A1F8800023
:1095C000B0F57A7F02DB0020A1F880000E48B0F8E9
:1095D0008200401C80B20C49A1F8820040F6B831EC
:1095E000884205DB00200849A1F8820081F87F004D
:1095F000054890F87C0028B10348C068401C024927
:10960000C86000BF70470000308500202DE9F3419D
:109610000446019800782F2803D0019800785C2830
:1096200002D10198401C01900020A06001980078B0
:10963000202807D200212046FEF7BEFA054600206A
:10964000606128E000BF01A92046FEF7D1F8054679
:1096500005B11FE02046FEF7A5F90546A069C67AC8
:109660003DB1042D04D100BF06F0040000B905256A
:1096700010E006F0040000B10CE06769F87A00F031
:10968000100008B9052505E03946206800F0B3F957
:10969000A060D8E700BF2846BDE8FC8170B504464D
:1096A0000D46E0B2FCF7DEFC204670BD3EB5044638
:1096B0000D48006800900C48001D006801900A48A1
:1096C000083000680290029820700298000A6070CA
:1096D0000298000CA0700298000EE07003A09DE8B4
:1096E0000E00FDF721FA3EBDE8F7FF1F2530387860
:1096F00020253038782025303878200A0D000000E9
:109700002DE9F04105460C46022C02D36869A042BF
:1097100002D80120BDE8F0812878012804D0022871
:109720002CD003285AD13DE0274607EB5707286A7B
:1097300000EB1731284600F077FB00B150E0C7F38B
:109740000B0105F1300010F801807F1C286A00EB46
:109750001731284600F068FB00B141E0C7F30B0168
:1097600005F13000405C48EA002804F0010010B127
:109770004FEA1810CEE7C8F30B00CBE7286A00EBDE
:10978000D421284600F050FB00B129E040F6FF70DC
:1097900000EA440105F130000E183078717840EA93
:1097A0000120B7E7286A00EB9421284600F03CFB33
:1097B00000B115E040F6FF7000EA840105F13000C9
:1097C0000E18F0780006B17840EA0140717840EA5E
:1097D00001203178084320F070409BE7012099E791
:1097E00000BF4FF0FF3095E72D480068407900F04A
:1097F0000F002B4909684979091101EB810100EB40
:1098000041001430400626490968097901F00F012A
:10981000234A12681279121102EB820201EB420113
:1098200040EA41511E480068C07800F00F001C4A11
:109830001268D278121102EB820200EB420041EA78
:10984000004017490968897801F00F01144A12682D
:109850009278121102EB820201EB420140EAC1212F
:109860000F480068407800F00F000D4A12685278E7
:10987000121102EB820200EB420041EA401108485B
:109880000068007800F00F00054A12681278121183
:1098900002EB820200EB420041EA500070470000F8
:1098A000DC020020F0B5044601F10902206900281D
:1098B0002DD06069002310E01E465B1C855D202DC5
:1098C00000D10AE0052D00D1E525092B02D12E2675
:1098D00002F8016B02F8015B00BF0B2BECD3C67AD8
:1098E0000E72C67F3706867F47EA0647467F47EAFD
:1098F0000626077F3E430E60077E467E47EA062621
:109900008E80877DC67D47EA0626CE8000BF002078
:109910001070F0BD40B91A491AA213680B60938801
:109920008B8092798A712AE0012808D1144917A204
:1099300013680B6093888B8092798A711FE00228EC
:1099400008D10F4A13A10B6813608B889380897923
:10995000917114E0032808D1094A10A10B68136023
:109960008B8893808979917109E0042807D1044993
:109970000CA213680B6093888B8092798A71704770
:10998000100300203030312E4D5033003030322E55
:109990004D5033003030332E4D5033003030342EA4
:1099A0004D5033003030352E4D50330070B50246E7
:1099B0004FF0FF301568E5B1116800E0491C0D78E3
:1099C000212D02D30D783A2DF8D10D783A2D0FD1F3
:1099D000146814F8015BA5F130030A2B07D28C42FE
:1099E00005D1022B03D218464D1C2946156070BDC7
:1099F000002000BFFBE710B502468C7ECB7E44EA18
:109A000003201378032B05D10C7D4B7D44EA0323FF
:109A100040EA034010BD0000FCF710F8FDF72AFBF8
:109A200001F0E6F9FDF7FCFCF7F760F8FDF7C2FB83
:109A3000FDF72EFCFDF7CAFCFCF7BAFCFDF778FC3D
:109A400000F00CFA01F0CDF9F7F728FDF7F736FC36
:109A5000FCF7E6FCFCF730FD40F6B830FDF700FC03
:109A600000F03AFAFF21E220FAF7A6FFFF21E120F9
:109A7000FAF7A2FFFAF71CFA00F075FB00F066FA9D
:109A800017E18C480078002870D0002089490870C0
:109A9000894890F82E0030BBFDF79AFAFFF7B2FA2A
:109AA00086480078401CC0B2844908700A2820DB30
:109AB0000020087000F026FF00F084FFFEF72AF96E
:109AC0007D4890F82C0070B17B4890F82C00401E27
:109AD000C0B2794981F82C00002805DD4FF40071EF
:109AE0007748F8F76BFC04E04FF400717448F8F71E
:109AF00063FC7148407FB0B100206F4948777148DE
:109B0000FAF706FD28220C216E48C01DFCF7BCFDAB
:109B1000FAF700FA10B16C48F9F756F901206B49D1
:109B20004870654988766A4800880A2190FBF1F2FE
:109B300001FB120018B9F7F7C1FBF8F7A3FF65485E
:109B4000008800283ED000206249088062480078E2
:109B500001280CD160480278084601885FA0FCF714
:109B6000E3FF0020544981F828001DE08BE05A48AB
:109B7000007802280BD1584802785648018860A026
:109B8000FCF7D2FF02204C4981F828000CE0524833
:109B9000007848B9504802784E48018861A0FCF727
:109BA000C3FF0120444908770D214348F6F7F5FA31
:109BB000414991F82800FFF7ADFE01203E49887623
:109BC00081F82D00FFF7FCF941480088401C80B265
:109BD0003F490880B0F57A7F38DB002008800120FB
:109BE000354981F829005848C06968B15648C069AC
:109BF000401C5549C861052806D30020C8612E497C
:109C000081F82E000120887630484068401C2F499A
:109C10004860F8F737FF4D48006880F400404B4932
:109C200008604B4841784BA0FCF77EFF4F484278D4
:109C300001784FA0FCF778FF2748017857A0FCF780
:109C400073FF5B4801785BA0FCF76EFF1A48006A5F
:109C500098B11948006A401C1749086205280CD3BE
:109C6000002008620846C07E38B10846407E10B128
:109C70000120887701E0F9F78FFCFBF75FFBFFF726
:109C800093FCFAF70FFFF9F7CDFC5048007880B944
:109C90004F480078012804D100204D49087000F099
:109CA00085FA07480830006800F4805008B900F0D1
:109CB0007DFAE6E6000000201003002001000020ED
:109CC000000C0140C03300203034002030850020DB
:109CD00004000020B4020020A90200200D0A3D3D2E
:109CE000524544205354415445203D3D4C43462366
:109CF0002578203D3D4C53232578200D0A00000097
:109D00000D0A3D3D475245454E2053544154452090
:109D10003D3D4C4346232564203D3D4C5323256463
:109D20000D0A00000D0A3D3D424C41434B20535467
:109D3000415445203D3D4C4346232564203D3D4C48
:109D4000532325640D0A0000F00200200C08014096
:109D5000D48500203E3E61696E2E737461625F732C
:109D600074617465202564200D0A0000AA02002099
:109D70003E3E6C616D705F73746174655B305D2035
:109D80002564203E3E6C616D705F73746174655B29
:109D9000315D202564200D0A000000003E3E6C610C
:109DA0006D705F737461747573202564200D0A00F3
:109DB000A50200203E3E6772655F666C6173685F56
:109DC000666C6167202564200D0A0000A202002055
:109DD000A3020020F0B503461C460D46002000BF3C
:109DE000161EA2F1010207D014F8017B15F801CB71
:109DF000A7EB0C06301EF3D0F0BD70B503460C4641
:109E000003E014F8015B03F8015B151EA2F10102E7
:109E1000F7D170BD30B5034601E003F8011B141EF5
:109E2000A2F10102F9D130BD70B504460D46E06AD9
:109E3000A84210D0204600F0D5FE08B1012070BD28
:109E4000607801232A4604F13001FDF72CFF08B1A8
:109E50000120F4E7E5620020F1E7000000200F494F
:109E6000887708624874487688760120C876002092
:109E7000087781F828000120094948704FF448709C
:109E80000649486200204877487381F82D00012078
:109E900081F82900002081F82E007047100300206F
:109EA0003085002070B504460720FAF79DFD054671
:109EB00029462720FAF780FD05F0400050B1202206
:109EC00021466120FAF7A8FDFF21E220FAF774FD90
:109ED000002070BD0120FCE710B54FF480611848E8
:109EE000F8F76AFA4FF400611548F8F767FA4FF48B
:109EF00080611348F8F760FA052212493020FAF71A
:109F0000ADFD052210492A20FAF7A8FD01212120E4
:109F1000FAF752FD01212220FAF74EFD28212520D3
:109F2000FAF74AFD20213120FAF746FD07212620C5
:109F3000FAF742FD4FF480610148F8F73FFA10BD8F
:109F4000000C0140E2020020E70200200EB50121D2
:109F50000020F8F73DF90220019000208DF808005C
:109F60000C208DF8090001208DF80A0001A8F8F7EF
:109F70007DF807208DF8000000208DF801000220F8
:109F80008DF8020001208DF803006846F9F784F986
:109F90000EBD000070B504460D4604E014F8011B28
:109FA00005A0FCF7C1FD281EA5F10101CDB2F5D138
:109FB00003A0FCF7B9FD70BD253032782000000009
:109FC0000A0000002DE9F04705460E461746022E0E
:109FD00002D36869B04202D84FF002088AE02878BC
:109FE000012804D0022841D003287DD154E0B14695
:109FF00009EB5909286A00EB19312846FFF714FFCD
:10A000008046B8F1000F00D071E0C9F30B0105F1F3
:10A0100030000C1806F0010020B1F9B2207861F38D
:10A020001F1000E03846207009F101090120287155
:10A03000286A00EB19312846FFF7F6FE8046B8F192
:10A04000000F00D053E0C9F30B0105F130000C18EC
:10A0500006F0010010B1C7F3071005E0207800F00A
:10A06000F000C7F303210843207040E0286A00EBAA
:10A07000D6212846FFF7D8FE8046B8F1000F00D061
:10A0800035E040F6FF7000EA460105F130000C189B
:10A090002770380A60702AE0286A00EB962128466B
:10A0A000FFF7C2FE8046B8F1000F00D01FE040F677
:10A0B000FF7000EA860105F130000C18E078000618
:10A0C000A17840EA0140617840EA01202178084304
:10A0D00000F0704007432770380A6070380CA07099
:10A0E000380EE07003E0FFE74FF0020800BF00BF4A
:10A0F000012028714046BDE8F0872DE9F041044673
:10A100000E46022E02D36069B04201D8022727E032
:10A11000002721E031462046FFF7F2FA054605B94F
:10A120001DE0012D01D1022719E0681C08B90127A3
:10A1300015E0002231462046FFF744FF074607B1ED
:10A140000DE02069401C30B12069401C206160791D
:10A1500040F0010060712E466069B042DAD800BF5D
:10A160003846BDE8F0810EB50C210120F8F730F833
:10A170004FF48050019000208DF808000C208DF8DD
:10A18000090001208DF80A0001A8F7F76FFF2820C9
:10A190008DF8000000208DF8010001208DF80200EC
:10A1A0008DF803006846F9F777F80EBD00B589B061
:10A1B00001A8FFF777FE18B9202101A8FFF7EAFEF2
:10A1C00009B000BD30B5024613464FF46164B3FBDD
:10A1D000F4F4E0B20A2490FBF4F504FB15040A251C
:10A1E00090FBF5F504EB05148C704FF46164B3FB40
:10A1F000F4F504FB15343C25B4FBF5F4E0B20A2475
:10A2000090FBF4F504FB15040A2590FBF5F504EB2F
:10A2100005144C703C24B3FBF4F504FB15300A2400
:10A2200090FBF4F504FB15040A2590FBF5F504EB0F
:10A2300005140C7030BD00002DE9F05F07460D4697
:10A24000164616B90120BDE8F09F3E484069A84275
:10A2500001D80020F7E73B48008BB04201DA00202C
:10A26000F1E732462946384800F036F93246394699
:10A270003548F5F7BDFF08B90120E4E74FF0000AC3
:10A2800032463946304800F0CFF808B14FF0010AA5
:10A290002C48008B401E25EA00082A48008BB0425B
:10A2A0000BD1002404E0385D27490855601C84B2B6
:10A2B0002448008BA042F6DC10E02248028B414685
:10A2C000214800F009F91F48008B401E284084B245
:10A2D0001D49081932463946F5F746FF4FF0000B85
:10A2E00000242AE0BAF1010F02D1404600F07EF8C6
:10A2F0001448028B4146144800F0AAF83246394609
:10A30000284600F023F810B94FF0010B17E0324651
:10A310003946284600F01AF810B94FF0010B0EE04C
:10A320004FF0000903E009F101001FFA80F942F241
:10A3300010708145F7DB601C84B2032CD2DB00BFB8
:10A34000584680E7B8980020D49800202DE9F041C5
:10A3500004460E461546601919494969884202D9D2
:10A360000120BDE8F0810DB90020FAE71020154961
:10A3700008600320FBF7D6F8C4F30740FBF7D2F8D8
:10A38000C4F30720FBF7CEF8E0B2FBF7CBF80DE003
:10A39000A520FBF7C7F8074616F8011BB94205D000
:10A3A00010200849091F08600120DAE7281EA5F1DE
:10A3B0000105EDD110200349091F08600020D0E7F6
:10A3C000B89800201408014010B500F053FA10208E
:10A3D00005490860C720FBF7A5F810200249091FAE
:10A3E000086000F077F910BD1408014010B504466C
:10A3F00000F040FA10200B4908602020FBF792F88B
:10A40000C4F30740FBF78EF8C4F30720FBF78AF884
:10A41000E0B2FBF787F810200249091F086000F03E
:10A4200059F910BD1408014070B5034600240BE033
:10A4300013F8015BE843C5B211F8010B284008B1DD
:10A44000012070BD601C84B29442F1DB0020F8E76B
:10A450002DE9F04106460C4615464FF0000825E070
:10A4600000F008FA10201B4908600220FBF75AF898
:10A47000C4F30740FBF756F8C4F30720FBF752F884
:10A48000E0B2FBF74FF8002704E016F8010BFBF7EA
:10A4900049F87F1CFF2FF8D910200E49091F0860CA
:10A4A00000F018F904F5807408F10108E91705EBCC
:10A4B0001161B8EB212FD3D3102006490860042086
:10A4C000FBF730F810200349091F086000F002F97B
:10A4D000BDE8F0811408014070B506460C461546EB
:10A4E00025B1601912494969884200D970BD102010
:10A4F000104908600320FBF715F8C4F30740FBF789
:10A5000011F8C4F30720FBF70DF8E0B2FBF70AF8E7
:10A5100004E0A520FBF706F806F8010B281EA5F1BC
:10A520000105F6D110200349091F086000BFDDE7CF
:10A53000B8980020140801402DE9F04110200E4980
:10A5400008609F20FAF7EEFFA520FAF7EBFF05461B
:10A55000A520FAF7E7FF0646A520FAF7E3FF07462E
:10A5600010200549091F0860280440EA062040EA37
:10A5700007042046BDE8F0811408014010B5FFF73C
:10A58000DBFF3949086008460068384A811A904262
:10A5900038D00ADC3649084478B136490844C0B19D
:10A5A00035490844002851D11FE0012936D002293D
:10A5B00040D0B1F5405F49D123E030A12A48001DC9
:10A5C000F5F723FE4FF40010274948614012088335
:10A5D00048E02DA12448001DF5F717FE4FF40010A8
:10A5E00021494861401208833CE02AA11E48001D11
:10A5F000F5F70BFE4FF400101B4948614012088329
:10A6000030E000BF26A11848001DF5F7FEFD4FF40D
:10A610008000154948618012088323E023A1124875
:10A62000001DF5F7F2FD4FF400000F494861C0121C
:10A63000088317E020A10C48001DF5F7E6FD4FF058
:10A64000807009494861001308830BE01DA106488A
:10A65000001DF5F7DAFD4FF4001003494861401280
:10A66000088300BF00BF10BDB89800201640EF005F
:10A67000BFDA40FF2C05FDFF00E0D2FF53535432F8
:10A6800035564630313642004D5832354C31363031
:10A69000364500005732355131364456000000002F
:10A6A0005732355133324A56000000005732355187
:10A6B00036344A56000000005732355131323844A2
:10A6C00056000000556E6B6E6F7720466C617368A4
:10A6D0000000000010B51020084908600520FAF7B6
:10A6E00021FF00BFA520FAF71DFF00F001000028A0
:10A6F000F8D110200149091F086010BD140801405D
:10A700002DE9F05F07460D4616464FF00008C1469A
:10A71000C2460024A3465648008BB5FBF0F100FB6F
:10A7200011501FFA80FA5248008BA0EB0A0084B245
:10A730004F48008B96FBF0F01FFA80F84C48008BD6
:10A7400096FBF0F100FB11601FFA80F9BAF1000FDF
:10A750002AD1B8F1000F08D1324629463846FFF712
:10A760006BFD00287ED1BDE8F09F0EE04048028BD3
:10A7700029463846FFF760FD08B90020F3E73C485A
:10A78000008B05443A48008B0744B8F10000A8F15B
:10A7900001011FFA81F8E9D14A4629463846FFF7F8
:10A7A0004BFD002861D1DEE7B8F1000F1FD1A145B4
:10A7B00015DDA9EB04001FFA80FB22462946384626
:10A7C000FFF73AFD08B90020CDE7254427445A4653
:10A7D00029463846FFF730FD002846D1C3E7324608
:10A7E00029463846FFF728FDE0BB0020BBE7301BB9
:10A7F00086B21F48008B96FBF0F01FFA80F81C48C9
:10A80000008B96FBF0F100FB11601FFA80F92246E5
:10A8100029463846FFF710FD08B90020A3E7254474
:10A8200027440EE01248028B29463846FFF704FD04
:10A8300008B9002097E70E48008B05440C48008BB0
:10A840000744B8F10000A8F101011FFA81F8E9D12D
:10A85000B9F1000F09D04A4629463846FFF7ECFC0B
:10A8600000B900E001E000207DE701207BE7000067
:10A87000B898002010B51020044908600620FAF7A7
:10A8800051FE10200149091F086010BD1408014045
:10A8900010B50446144800681449884216D11020A7
:10A8A000134908605020FAF73DFE10201049091F97
:10A8B0000860091D08600120FAF734FE2046FAF707
:10A8C00031FE10200A49091F08600CE010200849D9
:10A8D00008600120FAF726FE2046FAF723FE102032
:10A8E0000349091F086010BDB89800204125BF002A
:10A8F0001408014081760B0AC3760A0C02750B0E10
:10A900004375704730B501212B4C247804F00304C3
:10A91000294D2C702C462478284D2D7884EA050387
:10A92000002B43D000203EE003EA01048C4233D1E7
:10A93000234C245C641C224D2C54204C24780C4065
:10A940008C420BD12C46245C0A2C28DB00242C548E
:10A950001A4C24784C40194D2C7020E0032424EA32
:10A960000102164C2478144094420CD1144C245CFF
:10A970004B2C14DB0024124D2C54104C24784C40EA
:10A980000E4D2C700BE000240D4D2C540B4C2478F4
:10A990004C400A4D2C7002E00024094D2C544C060A
:10A9A000210E441CE0B20228BEDB03E00024044D6B
:10A9B0002C706C7030BD0000AC020020AE02002094
:10A9C000BE02002010B54C4B1B7803F003034A4C29
:10A9D0002370012100208BE003238B43464C247815
:10A9E000A34242D1454B1B780B406BBB434B1B78BA
:10A9F0000B43424C23700023414C24F81030414B50
:10AA00001B780B408B4261D13F4B33F810304EF630
:10AA10006024A34204DB00233C4C24F8103055E0B2
:10AA2000394B33F810301233642493FBF4F3374C72
:10AA300024F8103010B90023354C2370012845D17B
:10AA40000023344C237041E02D4B33F810305B1C55
:10AA50009BB22B4C24F810304EF66024A34235DB19
:10AA60002346274C24F8103030E0244B1B780B4051
:10AA70008B422BD1214B1B788B43204C2370224BD4
:10AA800033F810301E4C34F81040A34207DB1E4B45
:10AA900033F810301A4C34F810401A1B06E0184BEB
:10AAA00033F81030184C34F810401A1B1A4B1B782E
:10AAB0000B408B420AD1124B33F81030124C24F861
:10AAC0001030104B1B780B430E4C23700A4B1B7835
:10AAD0000B408B4208D1084B1B78032B04D00E4B44
:10AAE0001B780B430C4C23704B06190E431CD8B239
:10AAF0000228FFF671AF10BDAE020020BB0200209D
:10AB0000C0020020BC020020C4020020CC020020B1
:10AB1000C9020020CA020020BD02002070B5044610
:10AB2000204600F05FF80546002D59D12078032813
:10AB30004FD1607901284CD10203002104F130008B
:10AB4000FFF768F9552184F82E12AA2184F82F12F4
:10AB5000522084F8300052213120015561213220E9
:10AB60000155412133200155722184F8141284F8D3
:10AB70001512412184F81612612184F81712217CE4
:10AB800084F81812208A010A84F819122069010C2D
:10AB900084F81A122069010E84F81B12217B84F8B4
:10ABA0001C12A089010A84F81D12E068010C84F8C7
:10ABB0001E12E068010E84F81F12E069401CE0627A
:10ABC0006078012304F13001E26AFDF784F8002087
:10ABD0006071607800221146FDF748F800B1012548
:10ABE000284670BD70B504462079F8B1E56A6078F2
:10ABF00001232A4604F13001FDF76DF808B1012068
:10AC000070BD00202071206A281AA16988420DD2E7
:10AC1000E67809E0A0690544607801232A4604F13A
:10AC20003001FDF758F8761E022EF3D20020E7E738
:10AC30002DE9F04704460D46914699F8030099F82E
:10AC4000021040EA0126A8784FF461614843697810
:10AC5000C1EB011100EB81002978471828790228FF
:10AC600004D028794E4911F800A00AE0697901F56D
:10AC7000FA60F8F71EF810B14FF01D0A01E04FF02E
:10AC80001C0A6879607128792071E878E07099F879
:10AC9000000000B3B8194349884202D207EB060806
:10ACA0004AE0B8193F49A0EB0108E078504503DAC3
:10ACB000E078401CE0703FE00120E07020790C2833
:10ACC00003DA2079401C207136E001202071607980
:10ACD000401C607130E0B74202D3A7EB06082BE0BE
:10ACE00030483844A0EB0608E078012803DDE0781E
:10ACF000401EE07020E02079012816DD2079401EFA
:10AD000020712079022804D020792549085CE07060
:10AD100012E0617901F5FA60F7F7CBFF10B11D2061
:10AD2000E07009E01C20E07006E06079401E607170
:10AD30000C2020711F20E0702046FCF79AFB607900
:10AD40000A2190FBF1F201FB120061790A2291FBCA
:10AD5000F2F100EB0110607120790A2190FBF1F211
:10AD600001FB120021790A2291FBF2F100EB0110A4
:10AD70002071E0780A2190FBF1F201FB1200E178EA
:10AD80000A2291FBF2F100EB0110E07021464046EF
:10AD9000FFF718FA0448C0F80880BDE8F087000003
:10ADA000ECB20008805101003085002070B50546E6
:10ADB0002C464CB1206838B12068007820B120685A
:10ADC000C088A188884201D0092070BD21684878D8
:10ADD000FCF77AFF00F0010008B10320F5E700203E
:10ADE000F3E710B5FBF7A0F900F054F810BD000030
:10ADF00008B501211D20F8F79DFE4FF48070ADF8D5
:10AE0000000003208DF8020004208DF8030069463D
:10AE10001948F7F7FDF98020ADF8000003208DF800
:10AE2000020010208DF8030069461448F7F7F0F986
:10AE30004020ADF8000003208DF8020010208DF8AE
:10AE4000030069460D48F7F7E3F90420ADF8000068
:10AE500003208DF8020010208DF803006946084891
:10AE6000F7F7D6F90420064910310860402003495D
:10AE700008618020086108BD000801400010014001
:10AE8000000C014040200249086180204861704761
:10AE90000010014070B5012000F04CF80546C5F3E4
:10AEA0000315082D13D2DFE805F00406080A0C0E7E
:10AEB00012100BA40DE00CA40BE00DA409E00EA4ED
:10AEC00007E00FA405E010A403E011A401E012A420
:10AED00000BF00BF214612A0FBF726FEE8B270BDFE
:10AEE000565331303031000056533130313100008B
:10AEF0005653313030320000565331303033000079
:10AF0000565331303533000056533130333300005F
:10AF10005653313130330000756E6B6E6F77000021
:10AF2000BDE2C2EBD0BEC6ACD0CDBAC5203A20251A
:10AF3000730D0A0070B5054600F0D8F808B100207E
:10AF400070BD002000F020F80320FAF707FB284628
:10AF5000FAF704FBFF20FAF701FB0402FF20FAF7DF
:10AF6000FDFA204484B2012000F00EF82046E7E705
:10AF70000448006800F4807008B900207047012080
:10AF8000FCE700000808014030B94021064A516141
:10AF90000121064A117005E04021034A1161002198
:10AFA000024A11707047000000100140A202002008
:10AFB00018B98021034A516102E08021014A1161E0
:10AFC000704700000010014010B504460CB9FE2483
:10AFD00006E0FF2C01D1002402E0C4F1FE00C4B25F
:10AFE00044EA04210B2000F099F810BD70B500254B
:10AFF00000BF09E0681CC0B20546052803DA01203D
:10B00000F6F798FE00E006E02C480068012121EAEE
:10B0100010200028EED000BF4AF6AD31082000F025
:10B020007DF845F2AA51092000F078F80820FFF7D2
:10B0300081FF06460920FFF77DFF04464AF6AD3042
:10B04000864203D145F2AA50844208D01CA0FBF7E7
:10B050006BFDFBF769F8012023498873C9E70020DD
:10B06000FAF77CFA002512E040F60401002000F017
:10B0700055F800BF11480068012121EA102000287E
:10B08000F8D02846691CCDB2052800DD06E0002076
:10B09000FFF750FF40F604018842E5D100BF4FF4AE
:10B0A0004041032000F03AF800BF04480068012145
:10B0B00021EA10200028F8D070BD000008080140E7
:10B0C000546865726520697320736F6D6574686973
:10B0D0006E672077726F6E672077697468205653A9
:10B0E000313078780A00000010030020002106E0CB
:10B0F0000848006800F4807000B103E0491C06486D
:10B100008142F5D300BF0448814201D3012070473A
:10B110000020FCE70808014000093D0070B5054625
:10B120000C46FFF7E3FF00B170BD0020FFF72CFFD6
:10B130000220FAF713FA2846FAF710FA2012FAF763
:10B140000DFAE0B2FAF70AFA0120FFF71DFF00BF7F
:10B15000EAE770B504460D460020FFF729FF03E03B
:10B1600014F8010BFAF7FAF9281EA5F10101CDB286
:10B17000F6D10120FFF71CFF70BD3030302E30308B
:10B18000312E3030322E3030332E3030342E3030BD
:10B19000352E3030362E3030372E3030382E30309D
:10B1A000392E3031302E3031312E3031322E303197
:10B1B000332E3031362E3031352E3031362E30317F
:10B1C000372E3031382E3031392E3032302E303269
:10B1D000312E3032322E3032332E0000000000008B
:10B1E000000000000000000000000000000000005F
:10B1F00000000000000000000000C0A801ACC0A8D2
:10B200000101FFFFFF00010070800000E70900E777
:10B210001300E71600E72100E72359E70000E709DC
:10B2200000E71300E71600E72100E72359E71201C2
:10B2300000020000004083042057000201020301C5
:10B2400009022000010100C03209040000020806C2
:10B25000500407058102400000070502024000007B
:10B26000040309042603530054004D0069006300E1
:10B2700072006F0065006C0065006300740072006E
:10B280006F006E00690063007300260353005400D2
:10B290004D003300320020004D0061007300730048
:10B2A0002000530074006F007200610067006500A9
:10B2B00010035300540020004D0061007300730020
:10B2C000000400020001800040002000100008007F
:10B2D0000400020000000080004000200010000870
:10B2E000004000200010000800040002001F1C1F86
:10B2F0001E1F1E1F1F1E1F1E1FDDDDDDDDDCBBBB75
:10B30000DDDDDDDDDDDDDDDDDD98888888888888B0
:10B310008877777777778888888555555666666603
:10B3200066666666666668888883333332222222C0
:10B3300022222222222228888D00000046525F4DC0
:10B340004B46535F41424F525445443F3F3F3F3F7E
:10B350003F3F3F3F3F3F3F3F665F6D6B667328292E
:10B360003F3F3F3F3F00000046525F44454E494546
:10B37000443F3F3F3F3F3F3F3F3F3F3F3F3F3F3FD8
:10B380003F3F3F3F3F3F3F3F3F3F3F3F3F3F00004B
:10B3900046525F4C4F434B45443F3F3F3F3F3F3F4B
:10B3A0003F3F3F3F3F3F3F3F3F3F3F3F3F3F3F3FAD
:10B3B0003F3F000046525F4E4F545F454E4F55474A
:10B3C000485F434F52453F3F3F3F3F3F3F3F3F3F37
:10B3D0003F3F3F3F3F3F3F3F3F3F000046525F4EB2
:10B3E0004F545F454E41424C45443F3F3F3F3F3FF6
:10B3F0003F3F3F3F3F3F3F0046525F4449534B5F13
:10B400004552523F3F3F3F3F3F3F3F3F3F3F3F005F
:10B4100046525F45584953543F3F3F3F3F3F3F3FB0
:10B420003F3F3F3F0000000046525F4E4F5F46499E
:10B430004C453F3F3F3F3F3F3F3F3F3F3F000000C6
:10B4400046525F54494D454F55543F3F3F3FD5C746
:10B450003F3F3F3F3F3F3F3F3F3F3F3FA1C23F3F17
:10B460003F3F3F3F3F3F3F3F0000000046525F49A4
:10B470004E545F4552523F3F3F3F3F3F3F3F3F00AB
:10B4800046525F4E4F5F504154483F3FA1A43F3F5B
:10B490003F3F3F3F3F3F000046525F4F4B3F3F3FE4
:10B4A0003F3F000046525F494E56414C49445F4E73
:10B4B000414D453F3F3F3FA7B93F3F3F3F3F000022
:10B4C00046525F57524954455F50524F544543547A
:10B4D00045443F3F3F3F3F3F3F3F3F3F3F3FA7D573
:10B4E0003F3F3F3F0000000046525F4E4F545F52C7
:10B4F000454144593F3F3F3F3F3F3F3F3F3F3F3F35
:10B50000A7DB3F3F3F00000046525F4E4F5F46497A
:10B510004C4553595354454D3F3F3F3F3F3F3FA755
:10B52000B93F3F4641543F3F0000000046525F5440
:10B530004F4F5F4D414E595F4F50454E5F46494C0E
:10B5400045533F3F3F3F3F3F3F3F3F3F3F3F3F3FF1
:10B550003F3F3F5F46535F53484152450000000064
:10B5600046525F494E56414C49445F4F424A45431B
:10B57000543F3F3F3F3F3F3F3F3F3F3F3F3F3F3FC6
:10B580003F3FA7B90000000046525F494E56414C6C
:10B5900049445F44524956453F3F3F3F3F3F3F3F4D
:10B5A0003F3F3F3F3FA7B90046525F494E56414C8F
:10B5B00049445F504152414D455445523F3F3F3F02
:10B5C0003F3F3F3FA7B90000E8B50008000000205A
:10B5D000F00200004809000824B70008F00200202B
:10B5E000A8BA0000586B0008410411E80301139841
:10B5F000B41408F8B31B086C081AE8041A28041AD3
:10B6000080041AA4041A68181A10081360B51B08DD
:10B61000C0081A88081ADC141A08081A3C081A40CC
:10B62000141A90081AB4041A2C141AA804100B2F18
:10B630007379732F302E6D7033390B1E312E776175
:10B64000760B1D6F756E640D4918390DAA320DAA5F
:10B65000330D3A340D011384A24A04A809010203F0
:10B660000406070809106914053A02040608358023
:10B670000202202D574C482001180E5350492046F5
:10B680006C6173684469736B1046312E302003621D
:10B6900006627002150A3987021002141A03531247
:10B6A00054124D123312321231021130138D1F0C0D
:10B6B00018089732040A1595202303011399301CAA
:10B6C00008A52F2419081A970413812E1B08491066
:10B6D0001A31041AF50C1AE1041A090C41324029F6
:10B6E00038CBE131482AC13C590C1A1104132EB24F
:10B6F0002B081230190832201A600832041A640824
:10B7000032265A8A08138C0133201A1AB01072108C
:10B710001993013104330303033E3443101201052E
:04B7200041000000E4
:0400000508000131BD
:00000001FF
